사고번호,발생년월,요일,시군구,사고내용,사망자수,중상자수,경상자수,부상신고자수,사고유형,법규위반,노면상태,기상상태,도로형태,가해운전자 차종,가해운전자 성별,가해운전자 연령대,가해운전자 상해정도,피해운전자 차종,피해운전자 성별,피해운전자 연령대,피해운전자 상해정도
2014031400100027,2014년 3월,금요일,서울특별시 광진구 자양동,경상사고,0,0,2,0,차대사람 - 횡단중,보행자보호의무위반,건조,맑음,단일로 - 기타,원동기,남,41-50세,상해없음,보행자,남,31-40세,경상
2014031400100082,2014년 3월,금요일,서울특별시 광진구 광장동,부상신고사고,0,0,0,2,차대차 - 추돌,안전거리미확보,건조,맑음,단일로 - 기타,승용,여,31-40세,상해없음,승용,여,51-60세,상해없음
2014031400100163,2014년 3월,금요일,서울특별시 광진구 자양동,중상사고,0,1,0,0,차대사람 - 횡단중,보행자보호의무위반,건조,맑음,단일로 - 횡단보도상,승용,여,31-40세,상해없음,보행자,여,65세 이상,중상
2.01403E+15,2014년 3월,토요일,서울특별시 광진구 자양동,경상사고,0,0,2,0,차대차 - 기타,차로위반,건조,맑음,단일로 - 교량,승용,남,51-60세,상해없음,승용,남,31-40세,경상
2014031500100352,2014년 3월,토요일,서울특별시 광진구 중곡동,경상사고,0,0,1,1,차대차 - 추돌,안전거리미확보,건조,맑음,교차로 - 교차로부근,승용,여,21-30세,상해없음,승합,남,51-60세,경상
2014031600100177,2014년 3월,일요일,서울특별시 광진구 광장동,경상사고,0,0,1,0,차대차 - 추돌,안전운전불이행,건조,맑음,단일로 - 기타,승용,남,21-30세,상해없음,원동기,남,31-40세,경상
2014031600100314,2014년 3월,일요일,서울특별시 광진구 구의동,경상사고,0,0,1,0,차대차 - 충돌,신호위반,건조,맑음,교차로 - 교차로안,승합,남,61-64세,상해없음,승용,남,41-50세,상해없음
2.01403E+15,2014년 3월,일요일,서울특별시 광진구 자양동,중상사고,0,2,0,0,차대차 - 충돌,신호위반,건조,맑음,교차로 - 교차로안,이륜,남,41-50세,중상,이륜,남,13-20세,중상
2014031700100249,2014년 3월,월요일,서울특별시 광진구 화양동,중상사고,0,1,0,0,차대차 - 추돌,기타,건조,맑음,기타 - 기타,승용,남,61-64세,상해없음,원동기,남,51-60세,중상
2014031700100337,2014년 3월,월요일,서울특별시 광진구 광장동,중상사고,0,1,0,0,차량단독 - 기타,안전운전불이행,건조,맑음,단일로 - 기타,승용,남,51-60세,상해없음,,,,
2014031700100489,2014년 3월,월요일,서울특별시 광진구 화양동,경상사고,0,0,1,0,차대사람 - 기타,안전운전불이행,습기,흐림,교차로 - 교차로안,승용,남,21-30세,기타불명,보행자,남,31-40세,경상
2014031800100063,2014년 3월,화요일,서울특별시 광진구 광장동,중상사고,0,1,0,0,차량단독 - 충돌,안전운전불이행,건조,맑음,단일로 - 기타,승용,여,41-50세,중상,,,,
2014031800100385,2014년 3월,화요일,서울특별시 광진구 구의동,경상사고,0,0,2,0,차대사람 - 횡단중,신호위반,건조,맑음,교차로 - 교차로부근,승합,남,41-50세,상해없음,보행자,여,31-40세,경상
2014031800100422,2014년 3월,화요일,서울특별시 광진구 능동,중상사고,0,1,0,0,차대사람 - 기타,기타,건조,맑음,단일로 - 기타,승용,남,51-60세,상해없음,보행자,남,51-60세,중상
2014031800100531,2014년 3월,화요일,서울특별시 광진구 화양동,경상사고,0,0,1,0,차대차 - 기타,안전운전불이행,건조,맑음,단일로 - 기타,승용,남,21-30세,상해없음,원동기,남,51-60세,경상
2014031800100532,2014년 3월,화요일,서울특별시 광진구 화양동,중상사고,0,1,0,0,차대사람 - 기타,안전운전불이행,건조,맑음,단일로 - 기타,승용,남,21-30세,상해없음,보행자,남,21-30세,중상
2014031900100033,2014년 3월,수요일,서울특별시 광진구 군자동,경상사고,0,0,1,0,차대차 - 기타,안전거리미확보,건조,맑음,교차로 - 교차로안,승용,남,51-60세,상해없음,승용,남,51-60세,경상
2014031900100045,2014년 3월,수요일,서울특별시 광진구 광장동,중상사고,0,2,1,0,차대차 - 기타,신호위반,건조,맑음,교차로 - 교차로부근,승용,여,41-50세,경상,승용,남,51-60세,중상
2014031900100237,2014년 3월,수요일,서울특별시 광진구 구의동,중상사고,0,1,0,0,차대사람 - 횡단중,보행자보호의무위반,건조,맑음,단일로 - 횡단보도상,화물,남,65세 이상,상해없음,보행자,여,65세 이상,중상
2.01403E+15,2014년 3월,목요일,서울특별시 광진구 중곡동,경상사고,0,0,1,0,차대사람 - 기타,안전운전불이행,건조,흐림,교차로 - 교차로안,승용,여,31-40세,상해없음,보행자,여,31-40세,경상
2014032000100556,2014년 3월,목요일,서울특별시 광진구 화양동,중상사고,0,1,0,0,차대차 - 추돌,안전거리미확보,건조,맑음,교차로 - 교차로안,승용,남,65세 이상,상해없음,이륜,남,31-40세,중상
2014032100100168,2014년 3월,금요일,서울특별시 광진구 중곡동,경상사고,0,0,1,0,차대차 - 기타,안전거리미확보,건조,맑음,교차로 - 교차로부근,원동기,남,31-40세,경상,화물,남,51-60세,상해없음
2014032100100201,2014년 3월,금요일,서울특별시 광진구 화양동,경상사고,0,0,1,0,차대차 - 기타,신호위반,건조,맑음,단일로 - 횡단보도상,승용,남,61-64세,기타불명,자전거,여,41-50세,경상
2014032100100273,2014년 3월,금요일,서울특별시 광진구 화양동,경상사고,0,0,1,0,차대사람 - 기타,안전운전불이행,건조,맑음,단일로 - 기타,화물,남,31-40세,상해없음,보행자,여,65세 이상,경상
2014032100100347,2014년 3월,금요일,서울특별시 광진구 화양동,경상사고,0,0,3,0,차대차 - 충돌,중앙선침범,건조,맑음,단일로 - 기타,원동기,남,65세 이상,상해없음,승용,여,31-40세,경상
2014032100100379,2014년 3월,금요일,서울특별시 광진구 광장동,부상신고사고,0,0,0,1,차대차 - 추돌,안전거리미확보,건조,맑음,단일로 - 기타,자전거,남,41-50세,부상신고,승용,남,61-64세,상해없음
2014032100100457,2014년 3월,금요일,서울특별시 광진구 구의동,경상사고,0,0,2,0,차대차 - 충돌,안전운전불이행,건조,맑음,단일로 - 기타,승용,남,51-60세,상해없음,승용,남,51-60세,상해없음
2014032100100538,2014년 3월,금요일,서울특별시 광진구 구의동,경상사고,0,0,1,0,차대사람 - 횡단중,안전운전불이행,건조,맑음,교차로 - 교차로부근,승합,남,41-50세,상해없음,보행자,남,65세 이상,경상
2014032100100617,2014년 3월,금요일,서울특별시 광진구 자양동,부상신고사고,0,0,0,1,차대사람 - 기타,보행자보호의무위반,건조,맑음,교차로 - 교차로부근,승용,남,21-30세,상해없음,보행자,여,41-50세,부상신고
2014032100100642,2014년 3월,금요일,서울특별시 광진구 자양동,경상사고,0,0,1,0,차대차 - 충돌,안전운전불이행,건조,맑음,교차로 - 교차로부근,승용,남,31-40세,상해없음,승용,남,51-60세,경상
2014032200100042,2014년 3월,토요일,서울특별시 광진구 화양동,경상사고,0,0,1,0,차대차 - 기타,안전운전불이행,건조,맑음,교차로 - 교차로부근,승용,남,21-30세,상해없음,승용,남,41-50세,경상
2014032200100077,2014년 3월,토요일,서울특별시 광진구 구의동,중상사고,0,1,1,0,차대차 - 추돌,안전운전불이행,건조,맑음,단일로 - 기타,승용,남,31-40세,상해없음,승용,남,41-50세,중상
2014032200100256,2014년 3월,토요일,서울특별시 광진구 능동,경상사고,0,0,1,0,차대차 - 충돌,안전운전불이행,건조,맑음,단일로 - 기타,승용,남,31-40세,상해없음,승용,남,41-50세,경상
2014032200100558,2014년 3월,토요일,서울특별시 광진구 광장동,부상신고사고,0,0,0,1,차대차 - 충돌,신호위반,건조,맑음,교차로 - 교차로안,원동기,남,20세 이하,부상신고,화물,남,51-60세,상해없음
2014032200100617,2014년 3월,토요일,서울특별시 광진구 군자동,경상사고,0,0,1,0,차대차 - 추돌,안전거리미확보,건조,맑음,교차로 - 교차로부근,승용,남,51-60세,상해없음,승용,남,41-50세,상해없음
2014032300100002,2014년 3월,일요일,서울특별시 광진구 화양동,경상사고,0,0,2,0,차대사람 - 기타,안전운전불이행,건조,맑음,단일로 - 기타,승용,남,21-30세,상해없음,보행자,여,21-30세,경상
2.01403E+15,2014년 3월,월요일,서울특별시 광진구 군자동,경상사고,0,0,1,0,차대차 - 기타,안전운전불이행,건조,맑음,교차로 - 교차로부근,자전거,남,65세 이상,경상,승용,남,41-50세,상해없음
2014032400100214,2014년 3월,월요일,서울특별시 광진구 화양동,경상사고,0,0,1,0,차대사람 - 횡단중,안전운전불이행,건조,맑음,단일로 - 기타,자전거,남,21-30세,상해없음,보행자,여,21-30세,경상
2014032400100318,2014년 3월,월요일,서울특별시 광진구 광장동,경상사고,0,0,1,0,차대차 - 기타,신호위반,건조,맑음,교차로 - 교차로부근,승합,남,51-60세,상해없음,자전거,남,12세 이하,경상
2014032400100424,2014년 3월,월요일,서울특별시 광진구 중곡동,경상사고,0,0,1,0,차대사람 - 기타,안전운전불이행,건조,맑음,단일로 - 기타,승용,남,65세 이상,상해없음,보행자,남,41-50세,경상
2014032500100026,2014년 3월,화요일,서울특별시 광진구 중곡동,중상사고,0,2,0,0,차대차 - 추돌,안전운전불이행,건조,맑음,교차로 - 교차로부근,화물,남,41-50세,중상,화물,남,31-40세,중상
2014032500100157,2014년 3월,화요일,서울특별시 광진구 중곡동,경상사고,0,0,1,0,차대차 - 기타,안전운전불이행,건조,맑음,단일로 - 기타,화물,남,41-50세,상해없음,승용,남,31-40세,경상
2014032600100121,2014년 3월,수요일,서울특별시 광진구 구의동,중상사고,0,1,0,0,차대차 - 추돌,신호위반,건조,맑음,교차로 - 교차로안,승합,여,51-60세,상해없음,자전거,여,65세 이상,중상
2014032600100275,2014년 3월,수요일,서울특별시 광진구 중곡동,중상사고,0,1,0,0,차대사람 - 횡단중,안전운전불이행,건조,맑음,교차로 - 교차로부근,화물,남,41-50세,상해없음,보행자,여,21-30세,중상
2014032700100024,2014년 3월,목요일,서울특별시 광진구 구의동,경상사고,0,0,1,0,차대사람 - 기타,안전운전불이행,건조,맑음,단일로 - 기타,승합,남,41-50세,상해없음,보행자,남,21-30세,경상
2014032700100272,2014년 3월,목요일,서울특별시 광진구 능동,경상사고,0,0,1,0,차대차 - 기타,안전운전불이행,건조,맑음,단일로 - 기타,승용,남,51-60세,상해없음,승용,여,31-40세,경상
2014032700100375,2014년 3월,목요일,서울특별시 광진구 중곡동,경상사고,0,0,1,1,차대차 - 기타,중앙선침범,건조,맑음,단일로 - 기타,원동기,남,31-40세,부상신고,승용,여,31-40세,경상
2014032700100535,2014년 3월,목요일,서울특별시 광진구 자양동,중상사고,0,1,1,0,차대차 - 추돌,안전거리미확보,건조,맑음,교차로 - 교차로부근,승용,남,51-60세,상해없음,승용,남,51-60세,상해없음
2014032800100382,2014년 3월,금요일,서울특별시 광진구 자양동,경상사고,0,0,1,0,차대사람 - 보도통행중,기타,건조,맑음,단일로 - 기타,이륜,남,41-50세,상해없음,보행자,남,21-30세,경상
2014032800100452,2014년 3월,금요일,서울특별시 광진구 군자동,경상사고,0,0,2,0,차대차 - 기타,안전운전불이행,건조,맑음,교차로 - 교차로안,승합,남,41-50세,상해없음,자전거,여,31-40세,경상
2014032800100453,2014년 3월,금요일,서울특별시 광진구 화양동,경상사고,0,0,1,0,차대차 - 추돌,차로위반,건조,맑음,단일로 - 기타,승용,남,41-50세,경상,승용,남,41-50세,상해없음
2014032800100622,2014년 3월,금요일,서울특별시 광진구 화양동,경상사고,0,0,1,0,차대사람 - 기타,안전운전불이행,건조,맑음,교차로 - 교차로부근,승용,남,41-50세,상해없음,보행자,남,31-40세,경상
2014032900100418,2014년 3월,토요일,서울특별시 광진구 중곡동,중상사고,0,1,0,0,차대차 - 충돌,안전운전불이행,건조,맑음,단일로 - 기타,승용,남,31-40세,상해없음,승용,여,41-50세,중상
2014032900100421,2014년 3월,토요일,서울특별시 광진구 구의동,부상신고사고,0,0,0,1,차대차 - 추돌,안전운전불이행,건조,맑음,단일로 - 기타,승용,기타불명,20세 이하,기타불명,승용,여,41-50세,부상신고
2014032900100538,2014년 3월,토요일,서울특별시 광진구 화양동,경상사고,0,0,1,0,차대차 - 추돌,안전거리미확보,습기,비,단일로 - 기타,원동기,남,31-40세,상해없음,원동기,남,13-20세,경상
2014032900100611,2014년 3월,토요일,서울특별시 광진구 구의동,중상사고,0,1,0,0,차대사람 - 기타,안전운전불이행,습기,비,단일로 - 기타,승용,남,65세 이상,상해없음,보행자,여,51-60세,중상
2014032900100656,2014년 3월,토요일,서울특별시 광진구 구의동,경상사고,0,0,1,0,차대사람 - 기타,안전운전불이행,습기,비,교차로 - 교차로안,승용,남,51-60세,상해없음,보행자,남,21-30세,경상
2014032900100658,2014년 3월,토요일,서울특별시 광진구 중곡동,중상사고,0,1,0,0,차대사람 - 횡단중,신호위반,습기,비,교차로 - 교차로안,승용,남,31-40세,상해없음,보행자,남,21-30세,중상
2014033000100155,2014년 3월,일요일,서울특별시 광진구 자양동,중상사고,0,1,0,0,차대차 - 기타,기타,건조,맑음,단일로 - 기타,자전거,남,41-50세,중상,승용,남,41-50세,상해없음
2014033000100156,2014년 3월,일요일,서울특별시 광진구 중곡동,경상사고,0,0,2,0,차대차 - 추돌,안전거리미확보,건조,맑음,교차로 - 교차로부근,승용,남,61-64세,상해없음,승용,남,31-40세,경상
2014033000100231,2014년 3월,일요일,서울특별시 광진구 구의동,중상사고,0,1,0,0,차대사람 - 기타,안전운전불이행,건조,맑음,단일로 - 기타,자전거,남,51-60세,상해없음,보행자,여,65세 이상,중상
2014033100100098,2014년 3월,월요일,서울특별시 광진구 자양동,경상사고,0,0,1,0,차대차 - 기타,안전거리미확보,건조,맑음,교차로 - 교차로안,승용,남,21-30세,상해없음,승용,남,41-50세,경상
2014033100100155,2014년 3월,월요일,서울특별시 광진구 광장동,중상사고,0,1,0,0,차대차 - 충돌,안전운전불이행,건조,맑음,교차로 - 교차로안,승용,남,65세 이상,상해없음,자전거,여,21-30세,중상
2014033100100225,2014년 3월,월요일,서울특별시 광진구 능동,중상사고,0,1,0,0,차대사람 - 횡단중,신호위반,건조,맑음,단일로 - 횡단보도상,승합,남,41-50세,상해없음,보행자,여,21-30세,중상
2014033100100314,2014년 3월,월요일,서울특별시 광진구 자양동,중상사고,0,2,0,0,차대차 - 충돌,안전운전불이행,건조,맑음,단일로 - 기타,승용,남,31-40세,상해없음,이륜,남,13-20세,중상
2014033100100352,2014년 3월,월요일,서울특별시 광진구 구의동,사망사고,1,0,0,0,차대차 - 충돌,신호위반,건조,맑음,단일로 - 횡단보도상,승용,여,41-50세,상해없음,원동기,남,51-60세,사망
2014033100100509,2014년 3월,월요일,서울특별시 광진구 구의동,중상사고,0,1,0,0,차대사람 - 횡단중,안전운전불이행,건조,맑음,단일로 - 기타,이륜,남,20세 이하,상해없음,보행자,여,65세 이상,중상
2014040100100001,2014년 4월,화요일,서울특별시 광진구 중곡동,경상사고,0,0,1,0,차대사람 - 기타,안전운전불이행,건조,맑음,단일로 - 기타,승용,남,65세 이상,상해없음,보행자,남,31-40세,경상
2014040100100026,2014년 4월,화요일,서울특별시 광진구 화양동,경상사고,0,0,3,0,차대차 - 추돌,안전운전불이행,건조,맑음,단일로 - 기타,승용,남,21-30세,상해없음,승합,남,41-50세,상해없음
2014040200100101,2014년 4월,수요일,서울특별시 광진구 자양동,경상사고,0,0,1,0,차대차 - 기타,안전운전불이행,건조,맑음,단일로 - 기타,승용,남,41-50세,상해없음,승용,남,31-40세,경상
2014040200100102,2014년 4월,수요일,서울특별시 광진구 자양동,중상사고,0,1,0,0,차대차 - 추돌,안전운전불이행,건조,맑음,단일로 - 기타,승용,남,21-30세,상해없음,승용,여,41-50세,중상
2014040200100139,2014년 4월,수요일,서울특별시 광진구 중곡동,중상사고,0,1,0,0,차대사람 - 기타,안전운전불이행,건조,맑음,단일로 - 기타,자전거,남,21-30세,상해없음,보행자,여,41-50세,중상
2014040200100248,2014년 4월,수요일,서울특별시 광진구 광장동,부상신고사고,0,0,0,1,차대차 - 충돌,안전거리미확보,건조,맑음,단일로 - 기타,이륜,남,65세 이상,상해없음,승용,남,41-50세,부상신고
2.01404E+15,2014년 4월,목요일,서울특별시 광진구 자양동,경상사고,0,0,1,1,차대차 - 기타,안전운전불이행,건조,맑음,단일로 - 기타,승용,남,31-40세,경상,승용,남,21-30세,부상신고
2014040300100193,2014년 4월,목요일,서울특별시 광진구 중곡동,부상신고사고,0,0,0,2,차대차 - 추돌,안전운전불이행,건조,맑음,단일로 - 기타,승용,남,51-60세,상해없음,승용,남,31-40세,부상신고
2014040300100225,2014년 4월,목요일,서울특별시 광진구 구의동,경상사고,0,0,2,0,차대차 - 추돌,안전거리미확보,건조,맑음,단일로 - 기타,승용,남,41-50세,상해없음,승용,남,31-40세,경상
2014040400100307,2014년 4월,금요일,서울특별시 광진구 중곡동,부상신고사고,0,0,0,1,차대차 - 기타,기타,건조,맑음,단일로 - 기타,특수,남,41-50세,상해없음,승용,여,41-50세,부상신고
2014040400100308,2014년 4월,금요일,서울특별시 광진구 자양동,경상사고,0,0,1,0,차대사람 - 기타,안전운전불이행,건조,맑음,기타 - 기타,원동기,기타불명,기타불명,기타불명,보행자,남,31-40세,경상
2014040400100389,2014년 4월,금요일,서울특별시 광진구 중곡동,중상사고,0,2,0,0,차대사람 - 횡단중,안전운전불이행,건조,맑음,단일로 - 기타,원동기,남,31-40세,중상,보행자,여,65세 이상,중상
2.01404E+15,2014년 4월,금요일,서울특별시 광진구 중곡동,중상사고,0,1,0,0,차대사람 - 횡단중,안전운전불이행,건조,맑음,단일로 - 기타,승용,남,31-40세,상해없음,보행자,남,12세 이하,중상
2014040400100516,2014년 4월,금요일,서울특별시 광진구 화양동,중상사고,0,1,0,0,차대사람 - 횡단중,안전운전불이행,건조,맑음,단일로 - 횡단보도상,원동기,남,20세 이하,상해없음,보행자,남,65세 이상,중상
2014040500100302,2014년 4월,토요일,서울특별시 광진구 군자동,경상사고,0,0,2,0,차대차 - 추돌,안전운전불이행,습기,흐림,단일로 - 기타,승용,남,31-40세,상해없음,승용,남,31-40세,경상
2014040600100025,2014년 4월,일요일,서울특별시 광진구 화양동,경상사고,0,0,3,0,차대차 - 추돌,신호위반,건조,맑음,교차로 - 교차로부근,승용,남,51-60세,상해없음,승용,남,31-40세,경상
2.01404E+15,2014년 4월,일요일,서울특별시 광진구 광장동,중상사고,0,1,0,0,차량단독 - 충돌,안전운전불이행,건조,맑음,단일로 - 교량,승용,남,21-30세,상해없음,,,,
2014040600100077,2014년 4월,일요일,서울특별시 광진구 광장동,경상사고,0,0,1,0,차량단독 - 기타,안전운전불이행,건조,맑음,단일로 - 기타,승합,남,41-50세,상해없음,,,,
2014040600100122,2014년 4월,일요일,서울특별시 광진구 중곡동,경상사고,0,0,4,0,차대차 - 기타,안전운전불이행,건조,맑음,교차로 - 교차로안,승용,여,41-50세,기타불명,승용,여,41-50세,경상
2.01404E+15,2014년 4월,일요일,서울특별시 광진구 광장동,중상사고,0,1,1,0,차대사람 - 기타,보행자보호의무위반,건조,맑음,단일로 - 기타,이륜,남,21-30세,상해없음,보행자,여,12세 이하,중상
2.01404E+15,2014년 4월,일요일,서울특별시 광진구 자양동,중상사고,0,1,0,0,차대차 - 기타,안전운전불이행,건조,맑음,기타 - 기타,승용,여,21-30세,상해없음,자전거,남,51-60세,중상
2014040700100029,2014년 4월,월요일,서울특별시 광진구 화양동,경상사고,0,0,4,0,차대차 - 충돌,신호위반,건조,맑음,교차로 - 교차로안,원동기,남,31-40세,상해없음,승용,남,41-50세,상해없음
2014040700100089,2014년 4월,월요일,서울특별시 광진구 광장동,중상사고,0,1,0,0,차대차 - 기타,교차로운행방법위반,건조,맑음,교차로 - 교차로안,승용,여,41-50세,상해없음,승합,남,41-50세,상해없음
2014040700100583,2014년 4월,월요일,서울특별시 광진구 자양동,중상사고,0,1,0,0,차대사람 - 보도통행중,기타,건조,맑음,기타 - 기타,승용,남,65세 이상,상해없음,보행자,남,31-40세,중상
2014040800100258,2014년 4월,화요일,서울특별시 광진구 구의동,경상사고,0,0,1,0,차대차 - 기타,안전운전불이행,건조,맑음,단일로 - 기타,승용,여,21-30세,상해없음,원동기,남,51-60세,경상
2014040800100358,2014년 4월,화요일,서울특별시 광진구 자양동,중상사고,0,1,0,0,차대사람 - 기타,안전운전불이행,건조,맑음,단일로 - 기타,자전거,남,20세 이하,상해없음,보행자,남,12세 이하,중상
2014040800100408,2014년 4월,화요일,서울특별시 광진구 구의동,중상사고,0,3,1,0,차대사람 - 보도통행중,기타,건조,맑음,단일로 - 기타,승용,여,41-50세,경상,보행자,남,13-20세,중상
2014040800100591,2014년 4월,화요일,서울특별시 광진구 자양동,경상사고,0,0,1,0,차대차 - 기타,신호위반,건조,맑음,교차로 - 교차로부근,원동기,남,31-40세,상해없음,자전거,여,21-30세,경상
2014040900100044,2014년 4월,수요일,서울특별시 광진구 화양동,경상사고,0,0,1,0,차대차 - 추돌,안전운전불이행,건조,맑음,교차로 - 교차로부근,승용,여,41-50세,상해없음,승용,남,51-60세,경상
2014040900100146,2014년 4월,수요일,서울특별시 광진구 구의동,경상사고,0,0,1,0,차대차 - 기타,안전운전불이행,건조,맑음,단일로 - 기타,승용,남,41-50세,상해없음,승합,남,41-50세,상해없음
2014040900100251,2014년 4월,수요일,서울특별시 광진구 화양동,중상사고,0,1,0,0,차대차 - 충돌,안전운전불이행,건조,맑음,단일로 - 횡단보도상,승용,남,51-60세,상해없음,자전거,남,65세 이상,중상
2014040900100303,2014년 4월,수요일,서울특별시 광진구 중곡동,경상사고,0,0,1,1,차대사람 - 기타,안전운전불이행,건조,맑음,단일로 - 기타,승용,여,41-50세,상해없음,보행자,여,12세 이하,부상신고
2014040900100304,2014년 4월,수요일,서울특별시 광진구 중곡동,경상사고,0,0,4,0,차대차 - 추돌,기타,건조,맑음,단일로 - 기타,승합,남,61-64세,상해없음,승합,남,21-30세,경상
2014040900100382,2014년 4월,수요일,서울특별시 광진구 광장동,중상사고,0,2,0,0,차대차 - 기타,안전운전불이행,건조,맑음,교차로 - 교차로부근,원동기,여,51-60세,중상,승용,남,65세 이상,상해없음
2014040900100509,2014년 4월,수요일,서울특별시 광진구 화양동,경상사고,0,0,1,0,차대사람 - 기타,안전운전불이행,건조,맑음,단일로 - 기타,승용,남,31-40세,상해없음,보행자,남,21-30세,경상
2014041000100074,2014년 4월,목요일,서울특별시 광진구 중곡동,중상사고,0,1,0,0,차대차 - 기타,신호위반,건조,맑음,단일로 - 기타,원동기,남,41-50세,중상,승용,남,61-64세,상해없음
2014041000100145,2014년 4월,목요일,서울특별시 광진구 중곡동,중상사고,0,1,0,0,차대사람 - 기타,안전운전불이행,건조,맑음,교차로 - 교차로안,승합,남,41-50세,상해없음,보행자,여,61-64세,중상
2014041000100247,2014년 4월,목요일,서울특별시 광진구 구의동,중상사고,0,1,0,0,차대사람 - 횡단중,보행자보호의무위반,건조,맑음,단일로 - 횡단보도상,자전거,남,21-30세,상해없음,보행자,여,65세 이상,중상
2014041000100355,2014년 4월,목요일,서울특별시 광진구 광장동,경상사고,0,0,3,0,차대차 - 기타,차로위반,건조,맑음,교차로 - 교차로부근,승용,여,21-30세,경상,승용,여,51-60세,경상
2014041100100178,2014년 4월,금요일,서울특별시 광진구 광장동,경상사고,0,0,1,1,차대차 - 충돌,안전거리미확보,건조,맑음,교차로 - 교차로안,승용,남,21-30세,상해없음,승합,남,51-60세,경상
2014041100100335,2014년 4월,금요일,서울특별시 광진구 광장동,중상사고,0,1,0,0,차량단독 - 기타,기타,건조,맑음,단일로 - 기타,승합,남,41-50세,기타불명,,,,
2014041100100619,2014년 4월,금요일,서울특별시 광진구 중곡동,경상사고,0,0,1,0,차대사람 - 차도통행중,안전운전불이행,건조,맑음,교차로 - 교차로안,승용,남,51-60세,상해없음,보행자,여,21-30세,경상
2.01404E+15,2014년 4월,토요일,서울특별시 광진구 광장동,중상사고,0,1,0,0,차대차 - 충돌,안전거리미확보,건조,맑음,단일로 - 기타,승용,남,41-50세,상해없음,원동기,남,65세 이상,중상
2014041200100194,2014년 4월,토요일,서울특별시 광진구 중곡동,중상사고,0,1,0,0,차대사람 - 차도통행중,안전운전불이행,건조,맑음,교차로 - 교차로안,승용,남,21-30세,상해없음,보행자,남,65세 이상,중상
2014041200100225,2014년 4월,토요일,서울특별시 광진구 구의동,경상사고,0,0,1,0,차대차 - 충돌,안전운전불이행,건조,흐림,교차로 - 교차로안,승용,남,41-50세,상해없음,이륜,남,31-40세,경상
2014041200100441,2014년 4월,토요일,서울특별시 광진구 구의동,경상사고,0,0,3,0,차대차 - 충돌,차로위반,건조,맑음,교차로 - 교차로부근,승용,여,21-30세,상해없음,승용,남,31-40세,경상
2014041200100474,2014년 4월,토요일,서울특별시 광진구 화양동,경상사고,0,0,1,0,차대차 - 충돌,안전운전불이행,건조,맑음,단일로 - 기타,승용,남,65세 이상,상해없음,원동기,남,31-40세,경상
2014041300100118,2014년 4월,일요일,서울특별시 광진구 자양동,경상사고,0,0,2,0,차대차 - 기타,안전운전불이행,건조,맑음,단일로 - 기타,승용,남,31-40세,상해없음,승용,남,41-50세,상해없음
2014041300100258,2014년 4월,일요일,서울특별시 광진구 중곡동,경상사고,0,0,2,0,차대차 - 기타,안전운전불이행,건조,맑음,단일로 - 기타,화물,남,21-30세,상해없음,승용,남,31-40세,경상
2014041300100347,2014년 4월,일요일,서울특별시 광진구 구의동,경상사고,0,0,1,0,차대차 - 기타,안전운전불이행,건조,맑음,교차로 - 교차로안,자전거,여,41-50세,경상,승용,남,41-50세,상해없음
2014041300100386,2014년 4월,일요일,서울특별시 광진구 화양동,경상사고,0,0,1,0,차대차 - 기타,안전운전불이행,건조,맑음,단일로 - 기타,승용,남,41-50세,상해없음,승용,남,61-64세,경상
2014041400100028,2014년 4월,월요일,서울특별시 광진구 능동,경상사고,0,0,2,0,차대차 - 충돌,신호위반,건조,맑음,교차로 - 교차로안,승용,남,51-60세,상해없음,승용,남,31-40세,경상
2014041400100496,2014년 4월,월요일,서울특별시 광진구 광장동,경상사고,0,0,1,0,차대차 - 충돌,안전거리미확보,건조,맑음,교차로 - 교차로부근,승용,남,31-40세,상해없음,이륜,남,41-50세,경상
2014041500100459,2014년 4월,화요일,서울특별시 광진구 중곡동,중상사고,0,1,0,0,차대차 - 기타,안전운전불이행,건조,맑음,단일로 - 기타,자전거,남,21-30세,상해없음,자전거,남,31-40세,중상
2014041500100579,2014년 4월,화요일,서울특별시 광진구 중곡동,중상사고,0,1,0,0,차대차 - 추돌,안전운전불이행,건조,맑음,교차로 - 교차로부근,승용,남,31-40세,상해없음,승용,남,41-50세,중상
2014041600100015,2014년 4월,수요일,서울특별시 광진구 광장동,부상신고사고,0,0,0,1,차량단독 - 기타,안전운전불이행,건조,맑음,단일로 - 기타,이륜,남,51-60세,부상신고,,,,
2014041600100298,2014년 4월,수요일,서울특별시 광진구 화양동,중상사고,0,1,0,0,차대사람 - 기타,안전운전불이행,건조,맑음,교차로 - 교차로부근,승용,남,65세 이상,상해없음,보행자,남,51-60세,중상
2.01404E+15,2014년 4월,수요일,서울특별시 광진구 구의동,중상사고,0,1,0,0,차대사람 - 횡단중,신호위반,건조,맑음,단일로 - 횡단보도상,승용,남,65세 이상,상해없음,보행자,여,21-30세,중상
2014041700100142,2014년 4월,목요일,서울특별시 광진구 자양동,경상사고,0,0,1,0,차대사람 - 기타,안전운전불이행,건조,맑음,교차로 - 교차로안,승용,남,51-60세,상해없음,보행자,여,31-40세,경상
2014041700100198,2014년 4월,목요일,서울특별시 광진구 군자동,경상사고,0,0,1,0,차대차 - 추돌,안전운전불이행,건조,맑음,교차로 - 교차로안,승용,남,41-50세,상해없음,승용,남,31-40세,경상