사고번호,발생년월,요일,시군구,사고내용,사망자수,중상자수,경상자수,부상신고자수,사고유형,법규위반,노면상태,기상상태,도로형태,가해운전자 차종,가해운전자 성별,가해운전자 연령대,가해운전자 상해정도,피해운전자 차종,피해운전자 성별,피해운전자 연령대,피해운전자 상해정도
2014051700100576,2014년 5월,토요일,서울특별시 광진구 화양동,중상사고,0,2,0,0,차대차 - 충돌,차로위반,기타,맑음,단일로 - 기타,승용,남,41-50세,상해없음,원동기,남,31-40세,중상
2014051700100639,2014년 5월,토요일,서울특별시 광진구 자양동,경상사고,0,0,1,0,차대차 - 기타,안전거리미확보,건조,맑음,단일로 - 기타,승용,남,21-30세,상해없음,승용,남,51-60세,경상
2014051800100027,2014년 5월,일요일,서울특별시 광진구 구의동,중상사고,0,1,1,0,차대차 - 충돌,신호위반,건조,맑음,교차로 - 교차로안,승용,남,51-60세,상해없음,승용,남,51-60세,상해없음
2014051800100099,2014년 5월,일요일,서울특별시 광진구 자양동,경상사고,0,0,1,1,차대사람 - 횡단중,안전운전불이행,건조,맑음,교차로 - 교차로부근,원동기,남,20세 이하,상해없음,보행자,남,41-50세,경상
2014051900100248,2014년 5월,월요일,서울특별시 광진구 구의동,중상사고,0,1,0,0,차대사람 - 보도통행중,기타,건조,맑음,기타 - 기타,승용,남,51-60세,상해없음,보행자,여,51-60세,중상
2014051900100344,2014년 5월,월요일,서울특별시 광진구 군자동,경상사고,0,0,1,0,차대사람 - 기타,안전운전불이행,건조,맑음,단일로 - 기타,기타불명,기타불명,기타불명,기타불명,보행자,여,12세 이하,경상
2014052000100099,2014년 5월,화요일,서울특별시 광진구 자양동,경상사고,0,0,1,0,차대차 - 추돌,안전거리미확보,건조,맑음,교차로 - 교차로부근,승용,남,51-60세,상해없음,승용,남,31-40세,경상
2.01405E+15,2014년 5월,화요일,서울특별시 광진구 자양동,경상사고,0,0,1,0,차대차 - 추돌,안전거리미확보,건조,맑음,단일로 - 기타,원동기,남,51-60세,상해없음,원동기,남,21-30세,경상
2014052000100591,2014년 5월,화요일,서울특별시 광진구 구의동,경상사고,0,0,1,1,차대차 - 충돌,안전운전불이행,건조,맑음,교차로 - 교차로안,원동기,남,21-30세,부상신고,승용,남,41-50세,상해없음
2014052000100592,2014년 5월,화요일,서울특별시 광진구 화양동,중상사고,0,1,0,0,차대차 - 기타,교차로운행방법위반,건조,맑음,교차로 - 교차로부근,승용,남,65세 이상,상해없음,자전거,여,51-60세,중상
2014052100100069,2014년 5월,수요일,서울특별시 광진구 자양동,경상사고,0,0,1,0,차대차 - 충돌,안전운전불이행,건조,맑음,단일로 - 기타,승용,남,65세 이상,상해없음,승합,남,65세 이상,기타불명
2014052100100114,2014년 5월,수요일,서울특별시 광진구 광장동,경상사고,0,0,1,0,차대차 - 추돌,안전운전불이행,건조,맑음,단일로 - 기타,승용,남,20세 이하,상해없음,승용,여,61-64세,경상
2014052100100186,2014년 5월,수요일,서울특별시 광진구 자양동,중상사고,0,1,0,0,차량단독 - 충돌,안전운전불이행,건조,맑음,교차로 - 교차로부근,승용,남,51-60세,중상,,,,
2.01405E+15,2014년 5월,수요일,서울특별시 광진구 자양동,중상사고,0,1,0,0,차대차 - 충돌,기타,건조,맑음,단일로 - 기타,승용,남,41-50세,상해없음,원동기,남,41-50세,중상
2014052100100211,2014년 5월,수요일,서울특별시 광진구 중곡동,중상사고,0,1,0,0,차대사람 - 횡단중,보행자보호의무위반,건조,맑음,교차로 - 교차로부근,승용,남,65세 이상,상해없음,보행자,여,65세 이상,중상
2014052100100518,2014년 5월,수요일,서울특별시 광진구 화양동,중상사고,0,1,0,0,차대사람 - 기타,안전운전불이행,건조,맑음,단일로 - 기타,승용,남,41-50세,상해없음,보행자,여,21-30세,중상
2014052100100587,2014년 5월,수요일,서울특별시 광진구 중곡동,부상신고사고,0,0,0,1,차대차 - 충돌,안전운전불이행,건조,맑음,단일로 - 기타,승용,남,31-40세,상해없음,원동기,남,21-30세,부상신고
2014052200100221,2014년 5월,목요일,서울특별시 광진구 중곡동,경상사고,0,0,1,0,차대차 - 충돌,교차로운행방법위반,건조,맑음,교차로 - 교차로안,원동기,남,51-60세,경상,승용,여,31-40세,상해없음
2014052200100316,2014년 5월,목요일,서울특별시 광진구 구의동,경상사고,0,0,1,0,차대사람 - 보도통행중,기타,건조,맑음,기타 - 기타,화물,남,31-40세,상해없음,보행자,남,65세 이상,경상
2014052200100569,2014년 5월,목요일,서울특별시 광진구 화양동,중상사고,0,1,0,0,차대차 - 추돌,중앙선침범,건조,맑음,교차로 - 교차로안,승용,남,21-30세,상해없음,원동기,남,21-30세,중상
2014052200100615,2014년 5월,목요일,서울특별시 광진구 구의동,경상사고,0,0,1,0,차대사람 - 기타,안전운전불이행,건조,맑음,단일로 - 기타,원동기,남,20세 이하,상해없음,보행자,여,12세 이하,경상
2014052300100214,2014년 5월,금요일,서울특별시 광진구 화양동,경상사고,0,0,1,0,차대차 - 충돌,신호위반,건조,맑음,교차로 - 교차로안,승용,남,65세 이상,상해없음,자전거,남,21-30세,경상
2014052300100215,2014년 5월,금요일,서울특별시 광진구 군자동,중상사고,0,1,0,0,차대차 - 충돌,차로위반,건조,맑음,교차로 - 교차로부근,승용,여,51-60세,상해없음,승합,남,51-60세,상해없음
2.01405E+15,2014년 5월,금요일,서울특별시 광진구 중곡동,경상사고,0,0,1,0,차대사람 - 기타,안전운전불이행,건조,맑음,단일로 - 기타,화물,남,31-40세,상해없음,보행자,남,13-20세,경상
2.01405E+15,2014년 5월,금요일,서울특별시 광진구 군자동,중상사고,0,1,0,0,차대사람 - 횡단중,보행자보호의무위반,건조,맑음,교차로 - 교차로부근,원동기,남,20세 이하,상해없음,보행자,남,12세 이하,중상
2014052400100117,2014년 5월,토요일,서울특별시 광진구 군자동,경상사고,0,0,1,0,차대차 - 기타,신호위반,건조,맑음,교차로 - 교차로안,승용,남,51-60세,상해없음,자전거,남,65세 이상,경상
2014052400100247,2014년 5월,토요일,서울특별시 광진구 자양동,경상사고,0,0,1,1,차대차 - 추돌,차로위반,건조,맑음,단일로 - 기타,승용,여,41-50세,상해없음,승용,남,41-50세,경상
2014052400100248,2014년 5월,토요일,서울특별시 광진구 구의동,경상사고,0,0,1,0,차대차 - 추돌,안전운전불이행,건조,맑음,단일로 - 기타,화물,남,61-64세,상해없음,승용,남,41-50세,경상
2014052400100458,2014년 5월,토요일,서울특별시 광진구 구의동,부상신고사고,0,0,0,1,차대사람 - 횡단중,안전운전불이행,건조,맑음,교차로 - 교차로부근,이륜,남,41-50세,상해없음,보행자,남,65세 이상,부상신고
2014052500100297,2014년 5월,일요일,서울특별시 광진구 화양동,중상사고,0,1,0,0,차대사람 - 보도통행중,신호위반,건조,맑음,교차로 - 교차로안,이륜,남,31-40세,상해없음,보행자,여,65세 이상,중상
2014052500100484,2014년 5월,일요일,서울특별시 광진구 자양동,경상사고,0,0,1,0,차대사람 - 기타,안전운전불이행,습기,비,단일로 - 기타,자전거,남,20세 이하,상해없음,보행자,여,61-64세,경상
2014052600100001,2014년 5월,월요일,서울특별시 광진구 자양동,경상사고,0,0,2,0,차대차 - 추돌,안전거리미확보,습기,비,단일로 - 기타,원동기,남,31-40세,경상,승용,남,51-60세,경상
2014052600100408,2014년 5월,월요일,서울특별시 광진구 자양동,중상사고,0,1,0,0,차대사람 - 기타,안전운전불이행,건조,맑음,교차로 - 교차로안,원동기,남,61-64세,상해없음,보행자,여,65세 이상,중상
2014052700100217,2014년 5월,화요일,서울특별시 광진구 자양동,경상사고,0,0,1,0,차대사람 - 기타,안전운전불이행,건조,맑음,단일로 - 횡단보도상,승합,기타불명,기타불명,기타불명,보행자,여,51-60세,경상
2014052700100355,2014년 5월,화요일,서울특별시 광진구 자양동,경상사고,0,0,1,0,차대차 - 기타,안전운전불이행,건조,맑음,교차로 - 교차로안,승용,남,31-40세,상해없음,승용,남,21-30세,경상
2014052700100488,2014년 5월,화요일,서울특별시 광진구 자양동,경상사고,0,0,2,0,차대차 - 기타,안전거리미확보,건조,맑음,단일로 - 교량,화물,남,65세 이상,상해없음,승용,여,65세 이상,경상
2014052700100525,2014년 5월,화요일,서울특별시 광진구 중곡동,중상사고,0,1,0,0,차대차 - 충돌,안전운전불이행,건조,맑음,단일로 - 기타,자전거,남,65세 이상,중상,승용,남,65세 이상,상해없음
2014052700100526,2014년 5월,화요일,서울특별시 광진구 중곡동,경상사고,0,0,1,5,차대차 - 기타,안전거리미확보,건조,맑음,단일로 - 기타,승용,남,31-40세,기타불명,승용,남,31-40세,경상
2014052800100111,2014년 5월,수요일,서울특별시 광진구 중곡동,중상사고,0,1,1,0,차대차 - 추돌,안전운전불이행,건조,맑음,교차로 - 교차로부근,원동기,남,21-30세,중상,승용,남,51-60세,경상
2014052800100112,2014년 5월,수요일,서울특별시 광진구 능동,중상사고,0,1,0,0,차대사람 - 기타,안전운전불이행,건조,맑음,단일로 - 기타,화물,남,41-50세,상해없음,보행자,여,61-64세,중상
2014052800100529,2014년 5월,수요일,서울특별시 광진구 화양동,경상사고,0,0,1,0,차대차 - 기타,차로위반,건조,맑음,단일로 - 기타,원동기,남,20세 이하,상해없음,원동기,여,31-40세,경상
2014052900100169,2014년 5월,목요일,서울특별시 광진구 화양동,중상사고,0,1,0,0,차대사람 - 차도통행중,안전운전불이행,건조,맑음,단일로 - 기타,승합,남,51-60세,상해없음,보행자,남,41-50세,중상
2014052900100395,2014년 5월,목요일,서울특별시 광진구 구의동,중상사고,0,1,0,0,차대차 - 충돌,신호위반,건조,맑음,교차로 - 교차로안,승용,남,41-50세,상해없음,원동기,남,31-40세,중상
2014052900100617,2014년 5월,목요일,서울특별시 광진구 자양동,경상사고,0,0,1,0,차대차 - 충돌,안전거리미확보,건조,맑음,단일로 - 기타,승용,여,31-40세,상해없음,승용,남,51-60세,경상
2014053000100051,2014년 5월,금요일,서울특별시 광진구 중곡동,경상사고,0,0,1,0,차량단독 - 기타,과속,건조,맑음,단일로 - 기타,승용,남,51-60세,상해없음,,,,
2014053000100073,2014년 5월,금요일,서울특별시 광진구 자양동,경상사고,0,0,1,0,차대차 - 추돌,안전운전불이행,건조,맑음,교차로 - 교차로부근,승용,여,21-30세,상해없음,승용,남,31-40세,경상
2014053000100089,2014년 5월,금요일,서울특별시 광진구 구의동,경상사고,0,0,1,0,차대사람 - 기타,안전운전불이행,건조,맑음,교차로 - 교차로부근,승용,남,65세 이상,상해없음,보행자,남,21-30세,경상
2014053000100126,2014년 5월,금요일,서울특별시 광진구 광장동,경상사고,0,0,1,0,차대차 - 기타,안전거리미확보,건조,맑음,단일로 - 기타,승용,여,51-60세,상해없음,승용,남,21-30세,경상
2014053000100407,2014년 5월,금요일,서울특별시 광진구 중곡동,경상사고,0,0,1,0,차대차 - 기타,안전운전불이행,건조,맑음,단일로 - 기타,승용,남,65세 이상,상해없음,원동기,남,51-60세,경상
2014053000100717,2014년 5월,금요일,서울특별시 광진구 자양동,경상사고,0,0,1,0,차대사람 - 기타,안전운전불이행,건조,맑음,단일로 - 기타,승용,남,41-50세,상해없음,보행자,남,41-50세,경상
2014053000100718,2014년 5월,금요일,서울특별시 광진구 군자동,경상사고,0,0,2,0,차대차 - 추돌,안전운전불이행,건조,맑음,단일로 - 기타,승용,남,21-30세,상해없음,승용,남,41-50세,경상
2014053100100038,2014년 5월,토요일,서울특별시 광진구 자양동,경상사고,0,0,2,0,차대차 - 추돌,안전운전불이행,건조,맑음,단일로 - 기타,승용,남,51-60세,상해없음,승용,남,41-50세,경상
2014053100100091,2014년 5월,토요일,서울특별시 광진구 군자동,경상사고,0,0,1,0,차대차 - 추돌,안전운전불이행,건조,맑음,단일로 - 교량,승용,남,21-30세,상해없음,화물,남,31-40세,경상
2.01405E+15,2014년 5월,토요일,서울특별시 광진구 광장동,중상사고,0,1,0,0,차대차 - 기타,안전운전불이행,건조,맑음,기타 - 기타,승용,여,31-40세,상해없음,승용,남,51-60세,기타불명
2014053100100151,2014년 5월,토요일,서울특별시 광진구 자양동,경상사고,0,0,1,0,차대차 - 충돌,안전운전불이행,건조,맑음,단일로 - 기타,승용,남,65세 이상,상해없음,이륜,남,31-40세,경상
2014053100100152,2014년 5월,토요일,서울특별시 광진구 구의동,경상사고,0,0,2,0,차대차 - 추돌,안전운전불이행,건조,맑음,단일로 - 기타,화물,남,51-60세,상해없음,승용,남,61-64세,경상
2014053100100153,2014년 5월,토요일,서울특별시 광진구 중곡동,중상사고,0,3,1,0,차대차 - 추돌,안전거리미확보,건조,맑음,단일로 - 교량,화물,남,41-50세,상해없음,승용,남,31-40세,중상
2014053100100171,2014년 5월,토요일,서울특별시 광진구 구의동,중상사고,0,1,0,0,차대차 - 충돌,안전운전불이행,건조,맑음,단일로 - 기타,승용,여,51-60세,상해없음,자전거,남,31-40세,중상
2.01405E+15,2014년 5월,토요일,서울특별시 광진구 구의동,경상사고,0,0,3,0,차대차 - 충돌,안전운전불이행,건조,맑음,단일로 - 기타,승용,남,51-60세,상해없음,승합,남,51-60세,경상
2014053100100524,2014년 5월,토요일,서울특별시 광진구 능동,경상사고,0,0,1,0,차대차 - 추돌,안전운전불이행,건조,맑음,교차로 - 교차로부근,승용,남,31-40세,상해없음,승용,여,51-60세,경상
2014053100100667,2014년 5월,토요일,서울특별시 광진구 자양동,중상사고,0,2,0,0,차대사람 - 횡단중,안전운전불이행,건조,맑음,단일로 - 기타,승용,남,21-30세,상해없음,보행자,남,21-30세,중상
2014053100100668,2014년 5월,토요일,서울특별시 광진구 중곡동,경상사고,0,0,2,1,차대차 - 추돌,안전거리미확보,건조,맑음,단일로 - 기타,승용,여,41-50세,상해없음,승용,남,41-50세,부상신고
2014060100100083,2014년 6월,일요일,서울특별시 광진구 화양동,경상사고,0,0,1,0,차대사람 - 기타,안전운전불이행,건조,맑음,단일로 - 기타,이륜,남,21-30세,상해없음,보행자,남,21-30세,경상
2014060100100091,2014년 6월,일요일,서울특별시 광진구 군자동,경상사고,0,0,3,0,차대차 - 추돌,안전거리미확보,건조,맑음,교차로 - 교차로안,승용,남,51-60세,상해없음,승용,남,51-60세,경상
2014060100100314,2014년 6월,일요일,서울특별시 광진구 중곡동,중상사고,0,1,3,0,차대차 - 충돌,중앙선침범,건조,맑음,단일로 - 기타,승용,남,31-40세,상해없음,승용,여,65세 이상,경상
2014060200100002,2014년 6월,월요일,서울특별시 광진구 화양동,경상사고,0,0,1,0,차대사람 - 횡단중,보행자보호의무위반,건조,맑음,단일로 - 횡단보도상,원동기,남,21-30세,상해없음,보행자,남,21-30세,경상
2014060200100017,2014년 6월,월요일,서울특별시 광진구 화양동,경상사고,0,0,1,0,차량단독 - 기타,안전운전불이행,건조,맑음,교차로 - 교차로부근,승용,남,61-64세,상해없음,,,,
2014060200100482,2014년 6월,월요일,서울특별시 광진구 중곡동,경상사고,0,0,1,0,차대차 - 기타,신호위반,건조,흐림,교차로 - 교차로부근,화물,남,65세 이상,상해없음,자전거,남,51-60세,경상
2014060200100483,2014년 6월,월요일,서울특별시 광진구 구의동,중상사고,0,1,0,0,차대차 - 충돌,교차로운행방법위반,습기,흐림,교차로 - 교차로안,이륜,남,20세 이하,중상,승용,남,31-40세,상해없음
2014060300100106,2014년 6월,화요일,서울특별시 광진구 자양동,경상사고,0,0,2,0,차대차 - 추돌,안전거리미확보,습기,비,단일로 - 기타,승용,남,51-60세,상해없음,승용,남,41-50세,경상
2014060300100143,2014년 6월,화요일,서울특별시 광진구 구의동,경상사고,0,0,1,0,차대차 - 추돌,안전거리미확보,습기,비,단일로 - 기타,승용,남,51-60세,상해없음,승용,남,31-40세,경상
2014060300100367,2014년 6월,화요일,서울특별시 광진구 구의동,경상사고,0,0,1,0,차대차 - 기타,안전거리미확보,습기,비,단일로 - 기타,승용,남,65세 이상,기타불명,승합,여,41-50세,상해없음
2014060300100435,2014년 6월,화요일,서울특별시 광진구 광장동,경상사고,0,0,2,0,차대차 - 충돌,중앙선침범,건조,맑음,단일로 - 기타,승합,남,41-50세,상해없음,승용,남,21-30세,경상
2.01406E+15,2014년 6월,화요일,서울특별시 광진구 자양동,부상신고사고,0,0,0,1,차량단독 - 기타,안전운전불이행,건조,맑음,기타 - 기타,승용,남,31-40세,부상신고,,,,
2014060400100186,2014년 6월,수요일,서울특별시 광진구 군자동,경상사고,0,0,1,0,차대차 - 추돌,안전거리미확보,건조,맑음,단일로 - 기타,승용,남,65세 이상,상해없음,승용,남,51-60세,경상
2014060400100287,2014년 6월,수요일,서울특별시 광진구 자양동,중상사고,0,1,1,0,차대사람 - 횡단중,안전운전불이행,건조,맑음,교차로 - 교차로안,승용,남,41-50세,상해없음,보행자,여,31-40세,중상
2014060500100051,2014년 6월,목요일,서울특별시 광진구 중곡동,중상사고,0,2,0,0,차대차 - 충돌,신호위반,건조,맑음,교차로 - 교차로안,승용,남,51-60세,상해없음,승용,남,41-50세,중상
2014060500100095,2014년 6월,목요일,서울특별시 광진구 자양동,경상사고,0,0,2,0,차대차 - 추돌,안전운전불이행,건조,맑음,단일로 - 기타,승합,남,41-50세,상해없음,승용,남,31-40세,경상
2014060500100265,2014년 6월,목요일,서울특별시 광진구 중곡동,중상사고,0,1,0,0,차대차 - 충돌,기타,건조,맑음,단일로 - 기타,승용,남,21-30세,상해없음,자전거,남,51-60세,중상
2014060600100053,2014년 6월,금요일,서울특별시 광진구 자양동,중상사고,0,1,0,0,차대차 - 기타,안전운전불이행,건조,맑음,단일로 - 기타,승용,여,21-30세,상해없음,승용,여,51-60세,상해없음
2014060600100479,2014년 6월,금요일,서울특별시 광진구 중곡동,중상사고,0,1,0,0,차대사람 - 횡단중,안전운전불이행,건조,맑음,단일로 - 기타,승용,남,21-30세,상해없음,보행자,여,65세 이상,중상
2014060700100003,2014년 6월,토요일,서울특별시 광진구 군자동,중상사고,0,1,0,0,차대사람 - 기타,신호위반,건조,맑음,단일로 - 기타,원동기,남,20세 이하,상해없음,보행자,여,13-20세,중상
2014060700100134,2014년 6월,토요일,서울특별시 광진구 자양동,경상사고,0,0,1,0,차대차 - 충돌,신호위반,건조,맑음,교차로 - 교차로부근,승용,여,51-60세,상해없음,승용,남,41-50세,경상
2014060700100187,2014년 6월,토요일,서울특별시 광진구 자양동,중상사고,0,1,0,1,차대차 - 기타,안전운전불이행,건조,맑음,단일로 - 기타,자전거,남,61-64세,부상신고,자전거,남,41-50세,중상
2.01406E+15,2014년 6월,토요일,서울특별시 광진구 군자동,경상사고,0,0,1,0,차대사람 - 보도통행중,기타,건조,맑음,기타 - 기타,원동기,남,41-50세,상해없음,보행자,남,12세 이하,경상
2014060800100001,2014년 6월,일요일,서울특별시 광진구 자양동,경상사고,0,0,2,0,차대차 - 충돌,교차로운행방법위반,건조,맑음,교차로 - 교차로안,승용,여,41-50세,상해없음,원동기,남,21-30세,경상
2014060800100195,2014년 6월,일요일,서울특별시 광진구 자양동,경상사고,0,0,3,0,차대사람 - 기타,안전운전불이행,건조,맑음,단일로 - 기타,승합,남,31-40세,상해없음,보행자,여,13-20세,기타불명
2014060800100226,2014년 6월,일요일,서울특별시 광진구 자양동,부상신고사고,0,0,0,1,차대사람 - 기타,안전운전불이행,건조,맑음,단일로 - 기타,자전거,남,41-50세,상해없음,보행자,남,12세 이하,부상신고
2014060800100303,2014년 6월,일요일,서울특별시 광진구 자양동,부상신고사고,0,0,0,1,차대차 - 충돌,안전운전불이행,건조,맑음,단일로 - 기타,원동기,남,21-30세,부상신고,원동기,남,31-40세,상해없음
2014060800100343,2014년 6월,일요일,서울특별시 광진구 중곡동,중상사고,0,1,0,0,차대차 - 기타,안전운전불이행,건조,맑음,단일로 - 기타,승용,남,41-50세,상해없음,자전거,남,21-30세,중상
2014060800100392,2014년 6월,일요일,서울특별시 광진구 능동,중상사고,0,1,0,0,차대사람 - 차도통행중,안전운전불이행,건조,맑음,단일로 - 기타,승용,여,41-50세,상해없음,보행자,여,51-60세,중상
2014060900100057,2014년 6월,월요일,서울특별시 광진구 중곡동,부상신고사고,0,0,0,2,차대차 - 기타,안전운전불이행,건조,맑음,단일로 - 교량,승용,남,21-30세,상해없음,승용,남,21-30세,부상신고
2014060900100607,2014년 6월,월요일,서울특별시 광진구 구의동,중상사고,0,2,0,0,차대차 - 추돌,안전운전불이행,건조,맑음,단일로 - 기타,승용,남,51-60세,상해없음,승용,여,51-60세,중상
2014061000100282,2014년 6월,화요일,서울특별시 광진구 자양동,중상사고,0,3,2,0,차대차 - 충돌,중앙선침범,습기,비,단일로 - 기타,승용,남,21-30세,경상,승용,남,31-40세,중상
2014061000100431,2014년 6월,화요일,서울특별시 광진구 화양동,부상신고사고,0,0,0,1,차대사람 - 기타,안전운전불이행,건조,맑음,단일로 - 기타,자전거,남,61-64세,상해없음,보행자,남,21-30세,부상신고
2014061100100025,2014년 6월,수요일,서울특별시 광진구 중곡동,경상사고,0,0,2,0,차대차 - 추돌,안전운전불이행,습기,비,교차로 - 교차로안,승용,남,21-30세,상해없음,승용,남,41-50세,경상
2.01406E+15,2014년 6월,수요일,서울특별시 광진구 중곡동,중상사고,0,1,0,0,차대사람 - 기타,신호위반,건조,맑음,단일로 - 횡단보도부근,화물,남,51-60세,상해없음,보행자,남,21-30세,중상
2014061100100503,2014년 6월,수요일,서울특별시 광진구 중곡동,경상사고,0,0,1,1,차대차 - 충돌,교차로운행방법위반,건조,맑음,교차로 - 교차로안,이륜,남,51-60세,부상신고,이륜,남,13-20세,경상
2014061100100578,2014년 6월,수요일,서울특별시 광진구 광장동,경상사고,0,0,1,0,차대차 - 기타,안전거리미확보,건조,맑음,교차로 - 교차로부근,기타불명,기타불명,기타불명,기타불명,승용,여,41-50세,경상
2014061100100611,2014년 6월,수요일,서울특별시 광진구 중곡동,중상사고,0,1,0,0,차대차 - 충돌,안전운전불이행,건조,맑음,교차로 - 교차로부근,승용,남,31-40세,상해없음,자전거,남,51-60세,중상
2014061100100612,2014년 6월,수요일,서울특별시 광진구 광장동,경상사고,0,0,2,0,차대차 - 추돌,차로위반,습기,비,단일로 - 기타,승용,여,31-40세,상해없음,승용,남,21-30세,경상
2014061100100613,2014년 6월,수요일,서울특별시 광진구 화양동,경상사고,0,0,1,0,차대차 - 충돌,안전운전불이행,건조,기타,단일로 - 기타,승용,남,51-60세,상해없음,승용,기타불명,기타불명,기타불명
2014061200100069,2014년 6월,목요일,서울특별시 광진구 구의동,중상사고,0,1,0,0,차대사람 - 횡단중,안전운전불이행,건조,맑음,교차로 - 교차로안,승용,남,65세 이상,상해없음,보행자,남,31-40세,중상
2014061200100256,2014년 6월,목요일,서울특별시 광진구 중곡동,중상사고,0,1,0,0,차대차 - 추돌,안전운전불이행,건조,맑음,단일로 - 기타,원동기,남,65세 이상,중상,승용,남,61-64세,상해없음
2014061200100343,2014년 6월,목요일,서울특별시 광진구 중곡동,경상사고,0,0,1,0,차대차 - 기타,안전운전불이행,건조,기타,교차로 - 교차로안,기타불명,기타불명,기타불명,기타불명,자전거,남,12세 이하,경상
2014061200100514,2014년 6월,목요일,서울특별시 광진구 자양동,중상사고,0,2,1,0,차대차 - 추돌,안전운전불이행,건조,맑음,단일로 - 기타,승용,남,41-50세,상해없음,승용,여,21-30세,경상
2014061300100093,2014년 6월,금요일,서울특별시 광진구 자양동,중상사고,0,1,0,0,차대사람 - 길가장자리구역통행중,안전운전불이행,건조,맑음,단일로 - 기타,자전거,기타불명,기타불명,기타불명,보행자,남,61-64세,중상
2014061300100146,2014년 6월,금요일,서울특별시 광진구 화양동,경상사고,0,0,1,0,차대사람 - 기타,안전운전불이행,건조,맑음,교차로 - 교차로안,승용,남,41-50세,상해없음,보행자,여,31-40세,경상
2014061300100276,2014년 6월,금요일,서울특별시 광진구 자양동,경상사고,0,0,1,0,차대차 - 기타,안전운전불이행,건조,맑음,교차로 - 교차로안,승용,남,41-50세,상해없음,승용,여,31-40세,경상
2014061300100306,2014년 6월,금요일,서울특별시 광진구 중곡동,경상사고,0,0,1,0,차대차 - 추돌,안전운전불이행,건조,맑음,교차로 - 교차로안,승용,남,61-64세,상해없음,승용,여,51-60세,경상
2014061300100342,2014년 6월,금요일,서울특별시 광진구 군자동,경상사고,0,0,1,0,차대차 - 추돌,안전운전불이행,건조,맑음,교차로 - 교차로부근,승용,남,65세 이상,상해없음,승용,남,21-30세,경상
2014061300100381,2014년 6월,금요일,서울특별시 광진구 중곡동,경상사고,0,0,1,0,차대차 - 기타,안전운전불이행,건조,맑음,교차로 - 교차로안,승용,남,51-60세,상해없음,원동기,남,51-60세,경상
2014061300100544,2014년 6월,금요일,서울특별시 광진구 자양동,부상신고사고,0,0,0,1,차대차 - 충돌,신호위반,건조,맑음,교차로 - 교차로부근,원동기,남,20세 이하,부상신고,승용,남,51-60세,상해없음
2014061300100576,2014년 6월,금요일,서울특별시 광진구 군자동,경상사고,0,0,1,0,차대차 - 추돌,안전운전불이행,건조,맑음,교차로 - 교차로부근,승용,남,51-60세,상해없음,승용,남,41-50세,경상
2014061400100154,2014년 6월,토요일,서울특별시 광진구 자양동,중상사고,0,1,0,0,차대차 - 기타,안전운전불이행,건조,맑음,교차로 - 교차로안,승용,남,21-30세,상해없음,이륜,남,31-40세,중상
2014061400100574,2014년 6월,토요일,서울특별시 광진구 자양동,경상사고,0,0,1,0,차대차 - 기타,안전거리미확보,건조,맑음,단일로 - 기타,승용,남,65세 이상,상해없음,승용,남,51-60세,경상
2014061400100575,2014년 6월,토요일,서울특별시 광진구 화양동,경상사고,0,0,1,0,차대사람 - 기타,안전운전불이행,건조,맑음,단일로 - 기타,승용,남,51-60세,상해없음,보행자,남,61-64세,경상
2014061400100576,2014년 6월,토요일,서울특별시 광진구 자양동,경상사고,0,0,1,0,차대차 - 기타,안전운전불이행,건조,맑음,기타 - 기타,승용,남,21-30세,상해없음,승용,남,21-30세,경상
2014061400100643,2014년 6월,토요일,서울특별시 광진구 중곡동,경상사고,0,0,1,0,차대차 - 기타,차로위반,건조,맑음,교차로 - 교차로부근,승용,여,41-50세,상해없음,승용,남,51-60세,경상
2014061400100717,2014년 6월,토요일,서울특별시 광진구 중곡동,중상사고,0,2,0,0,차대차 - 기타,안전거리미확보,건조,맑음,단일로 - 기타,자전거,남,31-40세,중상,원동기,남,13-20세,중상
2014061500100417,2014년 6월,일요일,서울특별시 광진구 자양동,부상신고사고,0,0,0,1,차대차 - 기타,안전거리미확보,건조,맑음,교차로 - 교차로부근,자전거,남,20세 이하,부상신고,승용,남,31-40세,상해없음
2014061500100418,2014년 6월,일요일,서울특별시 광진구 자양동,경상사고,0,0,1,0,차량단독 - 기타,기타,건조,맑음,단일로 - 기타,승용,남,51-60세,상해없음,,,,
2014061500100523,2014년 6월,일요일,서울특별시 광진구 군자동,중상사고,0,1,0,0,차대차 - 추돌,안전운전불이행,건조,맑음,단일로 - 기타,승용,남,31-40세,상해없음,원동기,남,31-40세,중상
2014061600100014,2014년 6월,월요일,서울특별시 광진구 화양동,경상사고,0,0,2,0,차대차 - 충돌,중앙선침범,건조,맑음,단일로 - 기타,승용,남,51-60세,상해없음,승용,남,61-64세,경상
2014061600100128,2014년 6월,월요일,서울특별시 광진구 군자동,중상사고,0,1,0,0,차대차 - 기타,안전운전불이행,건조,맑음,단일로 - 기타,원동기,남,51-60세,중상,승용,남,41-50세,상해없음
2014061600100129,2014년 6월,월요일,서울특별시 광진구 군자동,중상사고,0,1,0,0,차대차 - 충돌,안전운전불이행,건조,맑음,교차로 - 교차로안,승용,남,51-60세,상해없음,승용,남,51-60세,상해없음
2.01406E+15,2014년 6월,월요일,서울특별시 광진구 광장동,중상사고,0,1,1,0,차대차 - 충돌,교차로운행방법위반,건조,맑음,교차로 - 교차로안,승용,여,61-64세,경상,승용,여,41-50세,중상