사고번호,발생년월,요일,시군구,사고내용,사망자수,중상자수,경상자수,부상신고자수,사고유형,법규위반,노면상태,기상상태,도로형태,가해운전자 차종,가해운전자 성별,가해운전자 연령대,가해운전자 상해정도,피해운전자 차종,피해운전자 성별,피해운전자 연령대,피해운전자 상해정도
2014061600100195,2014년 6월,월요일,서울특별시 광진구 중곡동,경상사고,0,0,1,0,차대차 - 충돌,차로위반,건조,맑음,단일로 - 기타,원동기,남,31-40세,상해없음,승용,여,51-60세,경상
2014061700100185,2014년 6월,화요일,서울특별시 광진구 중곡동,중상사고,0,1,0,0,차대차 - 기타,안전운전불이행,건조,맑음,기타 - 기타,자전거,남,51-60세,상해없음,자전거,여,41-50세,중상
2014061700100273,2014년 6월,화요일,서울특별시 광진구 구의동,중상사고,0,1,0,0,차대차 - 충돌,신호위반,건조,맑음,단일로 - 횡단보도부근,이륜,남,31-40세,중상,승용,남,65세 이상,상해없음
2014061700100388,2014년 6월,화요일,서울특별시 광진구 중곡동,부상신고사고,0,0,0,1,차대차 - 기타,신호위반,건조,맑음,단일로 - 기타,원동기,남,21-30세,상해없음,자전거,남,13-20세,부상신고
2014061700100469,2014년 6월,화요일,서울특별시 광진구 구의동,중상사고,0,1,0,0,차대차 - 기타,안전운전불이행,건조,맑음,단일로 - 기타,승용,여,31-40세,상해없음,이륜,남,41-50세,상해없음
2014061700100539,2014년 6월,화요일,서울특별시 광진구 구의동,부상신고사고,0,0,0,1,차대사람 - 기타,안전운전불이행,건조,맑음,교차로 - 교차로부근,원동기,기타불명,기타불명,기타불명,보행자,남,13-20세,부상신고
2014061700100571,2014년 6월,화요일,서울특별시 광진구 구의동,경상사고,0,0,1,0,차대사람 - 기타,안전운전불이행,건조,맑음,단일로 - 기타,승용,남,21-30세,상해없음,보행자,남,41-50세,경상
2014061800100002,2014년 6월,수요일,서울특별시 광진구 화양동,경상사고,0,0,2,0,차대차 - 기타,신호위반,건조,맑음,단일로 - 횡단보도부근,이륜,남,41-50세,경상,이륜,남,13-20세,경상
2014061800100049,2014년 6월,수요일,서울특별시 광진구 구의동,경상사고,0,0,2,0,차대차 - 추돌,안전운전불이행,건조,맑음,단일로 - 기타,승용,남,21-30세,상해없음,승용,남,51-60세,경상
2014061800100246,2014년 6월,수요일,서울특별시 광진구 자양동,부상신고사고,0,0,0,1,차대차 - 기타,중앙선침범,건조,맑음,단일로 - 기타,자전거,여,41-50세,부상신고,승용,남,31-40세,상해없음
2014061800100307,2014년 6월,수요일,서울특별시 광진구 자양동,중상사고,0,1,0,0,차대사람 - 기타,안전운전불이행,건조,맑음,단일로 - 기타,자전거,남,21-30세,상해없음,보행자,여,65세 이상,중상
2014061800100611,2014년 6월,수요일,서울특별시 광진구 중곡동,중상사고,0,1,0,0,차대차 - 기타,안전거리미확보,건조,맑음,교차로 - 교차로부근,승용,여,21-30세,상해없음,원동기,남,31-40세,중상
2014061900100056,2014년 6월,목요일,서울특별시 광진구 중곡동,경상사고,0,0,2,0,차대차 - 추돌,안전운전불이행,건조,맑음,교차로 - 교차로부근,승용,남,31-40세,상해없음,승용,남,21-30세,경상
2014061900100074,2014년 6월,목요일,서울특별시 광진구 구의동,중상사고,0,1,0,0,차대차 - 충돌,신호위반,건조,맑음,교차로 - 교차로안,자전거,남,61-64세,중상,승용,남,65세 이상,상해없음
2014061900100091,2014년 6월,목요일,서울특별시 광진구 중곡동,경상사고,0,0,1,0,차대사람 - 기타,신호위반,건조,맑음,교차로 - 교차로부근,승용,남,61-64세,상해없음,보행자,여,13-20세,경상
2014061900100283,2014년 6월,목요일,서울특별시 광진구 구의동,경상사고,0,0,1,0,차대차 - 충돌,신호위반,기타,맑음,단일로 - 기타,원동기,남,65세 이상,경상,화물,남,65세 이상,상해없음
2.01406E+15,2014년 6월,목요일,서울특별시 광진구 중곡동,경상사고,0,0,1,0,차대차 - 기타,안전운전불이행,건조,맑음,교차로 - 교차로부근,승용,남,51-60세,상해없음,승용,남,61-64세,경상
2014062000100096,2014년 6월,금요일,서울특별시 광진구 구의동,사망사고,1,0,0,0,차대차 - 추돌,안전운전불이행,건조,맑음,교차로 - 교차로안,승용,여,51-60세,상해없음,자전거,남,51-60세,사망
2014062000100159,2014년 6월,금요일,서울특별시 광진구 자양동,중상사고,0,1,0,0,차대사람 - 기타,안전운전불이행,건조,맑음,단일로 - 기타,기타불명,기타불명,기타불명,기타불명,보행자,여,65세 이상,중상
2014062000100264,2014년 6월,금요일,서울특별시 광진구 자양동,중상사고,0,1,0,0,차대사람 - 보도통행중,보행자보호의무위반,건조,맑음,단일로 - 횡단보도상,원동기,남,51-60세,상해없음,보행자,여,51-60세,중상
2014062000100502,2014년 6월,금요일,서울특별시 광진구 자양동,중상사고,0,1,0,0,차대사람 - 횡단중,안전운전불이행,건조,맑음,단일로 - 기타,자전거,남,21-30세,상해없음,보행자,남,12세 이하,중상
2014062000100581,2014년 6월,금요일,서울특별시 광진구 화양동,경상사고,0,0,3,0,차대차 - 추돌,안전운전불이행,건조,맑음,단일로 - 기타,승용,남,41-50세,상해없음,승용,남,51-60세,경상
2014062000100582,2014년 6월,금요일,서울특별시 광진구 중곡동,경상사고,0,0,1,0,차대사람 - 횡단중,신호위반,습기,비,단일로 - 기타,화물,남,51-60세,상해없음,보행자,남,21-30세,경상
2014062000100624,2014년 6월,금요일,서울특별시 광진구 구의동,경상사고,0,0,1,0,차대차 - 추돌,안전운전불이행,건조,맑음,단일로 - 기타,승용,남,31-40세,상해없음,승용,여,31-40세,경상
2014062000100671,2014년 6월,금요일,서울특별시 광진구 자양동,중상사고,0,1,0,0,차대차 - 충돌,중앙선침범,습기,비,단일로 - 기타,이륜,남,51-60세,상해없음,이륜,남,13-20세,중상
2014062100100042,2014년 6월,토요일,서울특별시 광진구 화양동,경상사고,0,0,3,0,차대차 - 추돌,안전거리미확보,습기,비,단일로 - 기타,승용,남,41-50세,상해없음,승용,남,65세 이상,경상
2014062100100075,2014년 6월,토요일,서울특별시 광진구 광장동,경상사고,0,0,3,0,차량단독 - 충돌,과속,습기,비,단일로 - 기타,승용,남,51-60세,상해없음,,,,
2014062100100284,2014년 6월,토요일,서울특별시 광진구 자양동,중상사고,0,1,1,0,차대사람 - 기타,안전운전불이행,건조,맑음,단일로 - 기타,자전거,남,21-30세,경상,보행자,남,61-64세,중상
2014062100100393,2014년 6월,토요일,서울특별시 광진구 자양동,부상신고사고,0,0,0,1,차대차 - 추돌,안전운전불이행,건조,맑음,단일로 - 기타,자전거,남,21-30세,상해없음,자전거,남,65세 이상,부상신고
2014062100100394,2014년 6월,토요일,서울특별시 광진구 구의동,경상사고,0,0,2,0,차대차 - 기타,기타,건조,맑음,단일로 - 횡단보도부근,승용,남,41-50세,상해없음,원동기,남,41-50세,경상
2014062100100395,2014년 6월,토요일,서울특별시 광진구 자양동,중상사고,0,1,2,0,차대차 - 기타,안전운전불이행,건조,맑음,단일로 - 기타,승용,남,51-60세,상해없음,승용,남,31-40세,경상
2.01406E+15,2014년 6월,토요일,서울특별시 광진구 능동,중상사고,0,1,4,0,차대차 - 충돌,직진우회전진행방해,습기,비,교차로 - 교차로안,승용,남,51-60세,경상,승용,남,51-60세,경상
2014062200100138,2014년 6월,일요일,서울특별시 광진구 자양동,중상사고,0,1,0,0,차대차 - 기타,안전운전불이행,건조,맑음,단일로 - 기타,승용,남,65세 이상,상해없음,자전거,남,65세 이상,중상
2.01406E+15,2014년 6월,일요일,서울특별시 광진구 자양동,중상사고,0,1,1,0,차대차 - 충돌,신호위반,건조,맑음,교차로 - 교차로안,원동기,남,21-30세,경상,원동기,남,51-60세,중상
2014062200100191,2014년 6월,일요일,서울특별시 광진구 중곡동,중상사고,0,1,0,0,차대차 - 충돌,신호위반,건조,맑음,단일로 - 기타,원동기,남,41-50세,상해없음,원동기,남,41-50세,중상
2014062200100262,2014년 6월,일요일,서울특별시 광진구 자양동,경상사고,0,0,5,1,차대차 - 기타,안전운전불이행,건조,맑음,단일로 - 교량,승합,남,51-60세,상해없음,화물,남,51-60세,부상신고
2014062200100293,2014년 6월,일요일,서울특별시 광진구 자양동,경상사고,0,0,1,0,차대차 - 충돌,신호위반,건조,맑음,교차로 - 교차로안,자전거,남,20세 이하,경상,승용,남,21-30세,상해없음
2014062200100364,2014년 6월,일요일,서울특별시 광진구 화양동,경상사고,0,0,1,0,차대차 - 기타,차로위반,습기,비,단일로 - 횡단보도부근,승용,남,41-50세,상해없음,승용,남,41-50세,경상
2014062200100365,2014년 6월,일요일,서울특별시 광진구 광장동,경상사고,0,0,5,0,차대차 - 추돌,안전운전불이행,습기,비,단일로 - 기타,승용,남,51-60세,상해없음,승용,남,41-50세,경상
2014062200100416,2014년 6월,일요일,서울특별시 광진구 군자동,경상사고,0,0,2,0,차대차 - 기타,신호위반,건조,맑음,교차로 - 교차로안,승용,남,31-40세,상해없음,승용,남,51-60세,상해없음
2014062200100475,2014년 6월,일요일,서울특별시 광진구 군자동,경상사고,0,0,2,0,차대사람 - 횡단중,보행자보호의무위반,습기,흐림,교차로 - 교차로부근,승용,여,21-30세,상해없음,보행자,남,31-40세,경상
2014062300100103,2014년 6월,월요일,서울특별시 광진구 자양동,경상사고,0,0,2,0,차대차 - 기타,안전거리미확보,건조,맑음,단일로 - 기타,승용,남,51-60세,상해없음,승용,남,51-60세,경상
2014062300100531,2014년 6월,월요일,서울특별시 광진구 자양동,경상사고,0,0,1,0,차대사람 - 기타,안전운전불이행,건조,맑음,단일로 - 기타,승용,남,51-60세,상해없음,보행자,남,31-40세,경상
2014062400100042,2014년 6월,화요일,서울특별시 광진구 구의동,부상신고사고,0,0,0,1,차대사람 - 기타,안전운전불이행,건조,맑음,단일로 - 기타,화물,남,41-50세,상해없음,보행자,남,13-20세,부상신고
2014062500100061,2014년 6월,수요일,서울특별시 광진구 자양동,중상사고,0,1,0,0,차대차 - 충돌,신호위반,건조,맑음,교차로 - 교차로안,승용,남,61-64세,상해없음,승용,여,21-30세,중상
2014062500100149,2014년 6월,수요일,서울특별시 광진구 구의동,경상사고,0,0,1,0,차대차 - 추돌,안전거리미확보,건조,맑음,단일로 - 기타,승용,남,61-64세,상해없음,승용,여,51-60세,경상
2014062600100023,2014년 6월,목요일,서울특별시 광진구 중곡동,경상사고,0,0,1,0,차대차 - 추돌,안전거리미확보,건조,맑음,교차로 - 교차로안,승용,남,61-64세,상해없음,승용,남,51-60세,상해없음
2014062600100073,2014년 6월,목요일,서울특별시 광진구 자양동,경상사고,0,0,3,0,차대차 - 충돌,신호위반,습기,맑음,교차로 - 교차로안,승용,남,41-50세,경상,승용,남,61-64세,경상
2014062600100498,2014년 6월,목요일,서울특별시 광진구 중곡동,경상사고,0,0,1,0,차대차 - 충돌,안전운전불이행,건조,맑음,단일로 - 기타,자전거,남,21-30세,상해없음,자전거,남,65세 이상,경상
2014062600100499,2014년 6월,목요일,서울특별시 광진구 자양동,경상사고,0,0,1,1,차대차 - 기타,안전운전불이행,건조,맑음,단일로 - 기타,원동기,남,20세 이하,부상신고,자전거,남,21-30세,경상
2014062600100525,2014년 6월,목요일,서울특별시 광진구 자양동,경상사고,0,0,2,0,차대차 - 추돌,안전운전불이행,건조,맑음,단일로 - 기타,승용,남,31-40세,상해없음,승용,남,21-30세,상해없음
2014062700100016,2014년 6월,금요일,서울특별시 광진구 자양동,경상사고,0,0,3,0,차대차 - 추돌,안전거리미확보,건조,맑음,단일로 - 기타,승용,남,61-64세,상해없음,승용,남,65세 이상,경상
2014062700100037,2014년 6월,금요일,서울특별시 광진구 중곡동,경상사고,0,0,1,0,차대차 - 기타,안전거리미확보,건조,맑음,단일로 - 기타,승용,남,41-50세,상해없음,승용,남,51-60세,경상
2014062700100159,2014년 6월,금요일,서울특별시 광진구 구의동,경상사고,0,0,1,0,차대차 - 기타,기타,건조,맑음,단일로 - 기타,승용,남,51-60세,상해없음,자전거,남,65세 이상,경상
2014062700100388,2014년 6월,금요일,서울특별시 광진구 중곡동,경상사고,0,0,1,0,차대사람 - 기타,교차로운행방법위반,건조,맑음,교차로 - 교차로안,승용,남,51-60세,상해없음,보행자,여,61-64세,경상
2014062700100618,2014년 6월,금요일,서울특별시 광진구 중곡동,경상사고,0,0,1,0,차대차 - 추돌,안전거리미확보,건조,맑음,단일로 - 기타,원동기,남,20세 이하,상해없음,승용,남,31-40세,경상
2014062800100001,2014년 6월,토요일,서울특별시 광진구 능동,경상사고,0,0,1,0,차대사람 - 횡단중,안전운전불이행,건조,맑음,교차로 - 교차로안,승용,남,41-50세,상해없음,보행자,여,13-20세,경상
2014062800100194,2014년 6월,토요일,서울특별시 광진구 자양동,중상사고,0,1,0,0,차대사람 - 차도통행중,안전운전불이행,건조,맑음,교차로 - 교차로부근,승용,여,41-50세,상해없음,보행자,남,65세 이상,중상
2014062800100463,2014년 6월,토요일,서울특별시 광진구 화양동,중상사고,0,1,1,0,차대사람 - 횡단중,안전운전불이행,건조,맑음,교차로 - 교차로부근,승용,남,51-60세,상해없음,보행자,남,21-30세,경상
2014062900100368,2014년 6월,일요일,서울특별시 광진구 자양동,경상사고,0,0,1,0,차대차 - 기타,안전운전불이행,건조,맑음,단일로 - 기타,원동기,기타불명,기타불명,기타불명,자전거,남,13-20세,경상
2014062900100369,2014년 6월,일요일,서울특별시 광진구 자양동,경상사고,0,0,1,0,차대차 - 기타,안전운전불이행,건조,맑음,단일로 - 기타,원동기,기타불명,기타불명,기타불명,자전거,남,13-20세,경상
2.01406E+15,2014년 6월,일요일,서울특별시 광진구 중곡동,경상사고,0,0,1,0,차대차 - 기타,중앙선침범,건조,맑음,단일로 - 기타,이륜,남,20세 이하,경상,승용,남,51-60세,상해없음
2014063000100032,2014년 6월,월요일,서울특별시 광진구 화양동,부상신고사고,0,0,0,1,차대사람 - 기타,안전운전불이행,건조,맑음,교차로 - 교차로부근,승용,남,20세 이하,상해없음,보행자,여,61-64세,부상신고
2014063000100064,2014년 6월,월요일,서울특별시 광진구 화양동,경상사고,0,0,1,0,차대사람 - 기타,기타,건조,맑음,단일로 - 기타,승용,여,51-60세,상해없음,보행자,여,65세 이상,경상
2014063000100596,2014년 6월,월요일,서울특별시 광진구 중곡동,중상사고,0,1,0,0,차대차 - 충돌,신호위반,건조,맑음,교차로 - 교차로부근,승용,남,61-64세,상해없음,원동기,남,31-40세,중상
2014070100100105,2014년 7월,화요일,서울특별시 광진구 광장동,경상사고,0,0,1,0,차대차 - 추돌,안전운전불이행,건조,맑음,단일로 - 기타,승용,남,51-60세,상해없음,승용,남,41-50세,경상
2014070100100322,2014년 7월,화요일,서울특별시 광진구 구의동,경상사고,0,0,1,0,차대차 - 추돌,안전운전불이행,건조,맑음,교차로 - 교차로부근,자전거,남,20세 이하,상해없음,원동기,남,13-20세,경상
2014070100100323,2014년 7월,화요일,서울특별시 광진구 구의동,중상사고,0,1,0,0,차대차 - 추돌,안전거리미확보,건조,맑음,교차로 - 교차로안,원동기,여,61-64세,중상,승용,남,41-50세,상해없음
2014070200100094,2014년 7월,수요일,서울특별시 광진구 구의동,중상사고,0,1,0,0,차대차 - 기타,안전운전불이행,건조,맑음,단일로 - 횡단보도부근,화물,남,31-40세,상해없음,자전거,남,21-30세,중상
2.01407E+15,2014년 7월,수요일,서울특별시 광진구 구의동,경상사고,0,0,2,0,차대차 - 기타,안전거리미확보,건조,맑음,단일로 - 기타,승용,남,51-60세,경상,승용,남,51-60세,경상
2014070200100555,2014년 7월,수요일,서울특별시 광진구 구의동,경상사고,0,0,2,0,차대차 - 추돌,안전운전불이행,건조,맑음,교차로 - 교차로부근,승용,남,41-50세,상해없음,승용,남,41-50세,경상
2014070300100198,2014년 7월,목요일,서울특별시 광진구 중곡동,경상사고,0,0,2,0,차대차 - 기타,안전운전불이행,건조,맑음,단일로 - 기타,승용,남,31-40세,상해없음,승용,남,65세 이상,경상
2014070300100414,2014년 7월,목요일,서울특별시 광진구 화양동,부상신고사고,0,0,0,1,차대차 - 기타,안전운전불이행,건조,맑음,단일로 - 횡단보도상,자전거,여,51-60세,부상신고,승용,남,41-50세,상해없음
2014070300100563,2014년 7월,목요일,서울특별시 광진구 군자동,중상사고,0,1,0,0,차대차 - 충돌,안전운전불이행,건조,맑음,교차로 - 교차로안,자전거,남,20세 이하,중상,자전거,남,13-20세,상해없음
2014070300100564,2014년 7월,목요일,서울특별시 광진구 광장동,중상사고,0,1,0,0,차대사람 - 기타,안전운전불이행,건조,맑음,교차로 - 교차로안,승합,남,41-50세,기타불명,보행자,남,41-50세,중상
2014070400100002,2014년 7월,금요일,서울특별시 광진구 자양동,부상신고사고,0,0,0,1,차대차 - 기타,안전운전불이행,건조,맑음,단일로 - 기타,승용,남,31-40세,상해없음,승용,남,21-30세,상해없음
2014070400100019,2014년 7월,금요일,서울특별시 광진구 화양동,중상사고,0,1,0,0,차대사람 - 기타,안전운전불이행,건조,맑음,단일로 - 기타,화물,남,41-50세,상해없음,보행자,여,13-20세,중상
2014070400100083,2014년 7월,금요일,서울특별시 광진구 중곡동,중상사고,0,1,1,0,차대차 - 추돌,안전운전불이행,건조,맑음,단일로 - 기타,승용,남,41-50세,상해없음,승용,남,51-60세,중상
2014070400100181,2014년 7월,금요일,서울특별시 광진구 구의동,경상사고,0,0,2,0,차대차 - 충돌,안전운전불이행,건조,맑음,단일로 - 기타,승용,남,51-60세,상해없음,승용,남,13-20세,경상
2014070400100202,2014년 7월,금요일,서울특별시 광진구 자양동,경상사고,0,0,1,0,차대차 - 기타,안전운전불이행,건조,맑음,교차로 - 교차로안,원동기,남,31-40세,경상,승용,남,51-60세,상해없음
2014070400100478,2014년 7월,금요일,서울특별시 광진구 중곡동,중상사고,0,1,0,0,차대차 - 추돌,안전거리미확보,건조,맑음,단일로 - 기타,원동기,남,61-64세,중상,승용,남,65세 이상,상해없음
2014070400100699,2014년 7월,금요일,서울특별시 광진구 자양동,경상사고,0,0,1,0,차대차 - 기타,중앙선침범,건조,맑음,교차로 - 교차로부근,자전거,남,21-30세,경상,승용,여,21-30세,상해없음
2014070500100002,2014년 7월,토요일,서울특별시 광진구 중곡동,경상사고,0,0,1,0,차대사람 - 기타,안전운전불이행,건조,맑음,단일로 - 기타,승용,남,51-60세,상해없음,보행자,남,31-40세,경상
2014070500100032,2014년 7월,토요일,서울특별시 광진구 구의동,경상사고,0,0,1,0,차대차 - 기타,안전운전불이행,건조,맑음,단일로 - 기타,승용,남,31-40세,상해없음,승용,여,21-30세,경상
2014070500100087,2014년 7월,토요일,서울특별시 광진구 구의동,경상사고,0,0,3,0,차대차 - 기타,신호위반,건조,맑음,단일로 - 기타,승용,남,65세 이상,상해없음,승용,남,51-60세,경상
2014070500100155,2014년 7월,토요일,서울특별시 광진구 자양동,경상사고,0,0,1,0,차대차 - 추돌,안전운전불이행,건조,맑음,교차로 - 교차로안,승용,남,21-30세,상해없음,승용,남,31-40세,경상
2.01407E+15,2014년 7월,토요일,서울특별시 광진구 화양동,부상신고사고,0,0,0,2,차대차 - 추돌,안전운전불이행,건조,맑음,단일로 - 기타,승용,남,65세 이상,상해없음,승용,여,41-50세,기타불명
2014070500100437,2014년 7월,토요일,서울특별시 광진구 구의동,중상사고,0,1,0,0,차대사람 - 기타,안전운전불이행,건조,맑음,교차로 - 교차로안,승용,남,41-50세,상해없음,보행자,여,41-50세,중상
2014070500100438,2014년 7월,토요일,서울특별시 광진구 중곡동,경상사고,0,0,1,0,차대차 - 추돌,안전운전불이행,건조,맑음,단일로 - 기타,승용,여,41-50세,상해없음,자전거,남,21-30세,경상
2014070500100528,2014년 7월,토요일,서울특별시 광진구 중곡동,경상사고,0,0,5,1,차대차 - 추돌,안전거리미확보,건조,맑음,단일로 - 기타,이륜,남,41-50세,상해없음,승용,남,41-50세,경상
2014070500100529,2014년 7월,토요일,서울특별시 광진구 화양동,부상신고사고,0,0,0,1,차대차 - 기타,안전운전불이행,건조,맑음,단일로 - 횡단보도부근,자전거,남,21-30세,부상신고,승용,남,41-50세,상해없음
2014070600100018,2014년 7월,일요일,서울특별시 광진구 중곡동,경상사고,0,0,2,0,차대차 - 추돌,안전운전불이행,건조,맑음,교차로 - 교차로부근,승용,남,31-40세,상해없음,승용,남,21-30세,경상
2014070600100363,2014년 7월,일요일,서울특별시 광진구 군자동,경상사고,0,0,1,0,차대차 - 추돌,안전거리미확보,건조,맑음,교차로 - 교차로부근,승합,남,51-60세,상해없음,승용,남,61-64세,상해없음
2014070600100435,2014년 7월,일요일,서울특별시 광진구 자양동,경상사고,0,0,1,0,차대사람 - 기타,안전운전불이행,건조,맑음,단일로 - 기타,승용,남,65세 이상,상해없음,보행자,남,41-50세,경상
2014070600100496,2014년 7월,일요일,서울특별시 광진구 군자동,경상사고,0,0,1,0,차대사람 - 기타,안전운전불이행,건조,맑음,단일로 - 기타,승용,남,41-50세,상해없음,보행자,여,13-20세,경상
2014070700100157,2014년 7월,월요일,서울특별시 광진구 자양동,경상사고,0,0,1,0,차대차 - 충돌,안전운전불이행,건조,맑음,교차로 - 교차로부근,승용,남,51-60세,상해없음,원동기,남,21-30세,경상
2014070700100335,2014년 7월,월요일,서울특별시 광진구 자양동,중상사고,0,1,1,0,차대차 - 충돌,안전운전불이행,건조,맑음,교차로 - 교차로부근,화물,남,51-60세,상해없음,자전거,여,41-50세,중상
2014070800100092,2014년 7월,화요일,서울특별시 광진구 구의동,경상사고,0,0,1,0,차대사람 - 기타,안전운전불이행,건조,맑음,교차로 - 교차로안,승용,여,41-50세,상해없음,보행자,여,13-20세,경상
2014070800100253,2014년 7월,화요일,서울특별시 광진구 자양동,경상사고,0,0,2,0,차대차 - 충돌,중앙선침범,건조,맑음,교차로 - 교차로부근,원동기,남,31-40세,경상,승용,남,21-30세,경상
2014070800100282,2014년 7월,화요일,서울특별시 광진구 광장동,중상사고,0,1,0,0,차대사람 - 기타,안전운전불이행,건조,흐림,미분류 - 미분류,승용,남,31-40세,상해없음,보행자,남,61-64세,중상
2014070800100318,2014년 7월,화요일,서울특별시 광진구 자양동,경상사고,0,0,1,0,차대차 - 충돌,신호위반,건조,맑음,교차로 - 교차로안,화물,남,41-50세,상해없음,자전거,남,51-60세,경상
2014070800100638,2014년 7월,화요일,서울특별시 광진구 군자동,중상사고,0,1,0,0,차대사람 - 횡단중,안전운전불이행,건조,맑음,단일로 - 횡단보도부근,승용,남,41-50세,상해없음,보행자,여,41-50세,중상
2014070800100639,2014년 7월,화요일,서울특별시 광진구 자양동,중상사고,0,2,1,0,차대차 - 기타,신호위반,건조,맑음,교차로 - 교차로안,이륜,남,31-40세,중상,승용,여,51-60세,중상
2.01407E+15,2014년 7월,화요일,서울특별시 광진구 구의동,경상사고,0,0,2,0,차대사람 - 횡단중,신호위반,습기,흐림,단일로 - 횡단보도상,승용,남,65세 이상,상해없음,보행자,남,21-30세,경상
2014070900100002,2014년 7월,수요일,서울특별시 광진구 화양동,중상사고,0,1,2,0,차대차 - 기타,안전운전불이행,습기,흐림,교차로 - 교차로안,원동기,남,21-30세,경상,원동기,남,41-50세,중상
2014070900100199,2014년 7월,수요일,서울특별시 광진구 중곡동,중상사고,0,1,0,0,차대차 - 충돌,직진우회전진행방해,건조,맑음,교차로 - 교차로안,승용,남,31-40세,상해없음,원동기,남,51-60세,중상
2014070900100483,2014년 7월,수요일,서울특별시 광진구 구의동,중상사고,0,1,0,0,차대차 - 기타,안전운전불이행,건조,맑음,단일로 - 횡단보도상,화물,남,31-40세,상해없음,자전거,여,65세 이상,중상
2014070900100484,2014년 7월,수요일,서울특별시 광진구 중곡동,중상사고,0,1,0,0,차대차 - 추돌,안전운전불이행,건조,맑음,단일로 - 기타,승용,여,51-60세,상해없음,자전거,남,41-50세,중상
2014070900100519,2014년 7월,수요일,서울특별시 광진구 화양동,중상사고,0,1,0,0,차대사람 - 기타,안전운전불이행,건조,맑음,단일로 - 기타,승용,남,31-40세,상해없음,보행자,남,41-50세,중상
2014070900100546,2014년 7월,수요일,서울특별시 광진구 중곡동,중상사고,0,1,1,0,차대사람 - 기타,안전운전불이행,건조,맑음,단일로 - 기타,이륜,남,41-50세,경상,보행자,남,13-20세,중상
2014071000100184,2014년 7월,목요일,서울특별시 광진구 군자동,중상사고,0,1,0,0,차대차 - 추돌,안전운전불이행,건조,맑음,단일로 - 기타,원동기,여,21-30세,중상,승합,남,31-40세,상해없음
2014071000100464,2014년 7월,목요일,서울특별시 광진구 중곡동,경상사고,0,0,1,1,차대차 - 기타,직진우회전진행방해,건조,맑음,교차로 - 교차로안,자전거,남,20세 이하,경상,자전거,남,13-20세,부상신고
2014071000100465,2014년 7월,목요일,서울특별시 광진구 구의동,경상사고,0,0,1,0,차대차 - 기타,안전운전불이행,건조,맑음,교차로 - 교차로부근,자전거,남,65세 이상,경상,승용,남,41-50세,상해없음
2014071000100626,2014년 7월,목요일,서울특별시 광진구 자양동,부상신고사고,0,0,0,1,차대사람 - 기타,안전운전불이행,건조,맑음,교차로 - 교차로부근,승합,남,31-40세,상해없음,보행자,여,31-40세,부상신고
2014071100100228,2014년 7월,금요일,서울특별시 광진구 구의동,중상사고,0,1,0,0,차대사람 - 횡단중,안전운전불이행,건조,맑음,단일로 - 기타,승용,남,31-40세,상해없음,보행자,여,13-20세,중상
2014071100100439,2014년 7월,금요일,서울특별시 광진구 중곡동,중상사고,0,1,0,0,차대사람 - 횡단중,안전운전불이행,건조,맑음,교차로 - 교차로안,화물,남,41-50세,상해없음,보행자,여,31-40세,중상
2014071100100724,2014년 7월,금요일,서울특별시 광진구 자양동,경상사고,0,0,1,0,차대사람 - 횡단중,보행자보호의무위반,건조,맑음,단일로 - 횡단보도상,승용,남,21-30세,상해없음,보행자,남,31-40세,경상
2014071100100725,2014년 7월,금요일,서울특별시 광진구 중곡동,부상신고사고,0,0,0,5,차대차 - 기타,중앙선침범,건조,맑음,교차로 - 교차로부근,승용,남,65세 이상,상해없음,승용,남,31-40세,상해없음
2014071200100122,2014년 7월,토요일,서울특별시 광진구 광장동,중상사고,0,1,0,0,차대차 - 충돌,중앙선침범,건조,맑음,교차로 - 교차로부근,승용,남,21-30세,상해없음,승용,여,41-50세,중상
2014071200100206,2014년 7월,토요일,서울특별시 광진구 광장동,중상사고,0,1,0,0,차대차 - 기타,안전운전불이행,건조,맑음,교차로 - 교차로안,기타불명,기타불명,기타불명,기타불명,승합,남,51-60세,기타불명
2014071200100442,2014년 7월,토요일,서울특별시 광진구 광장동,중상사고,0,1,0,0,차량단독 - 기타,기타,건조,맑음,단일로 - 기타,승합,남,51-60세,상해없음,,,,
2014071200100465,2014년 7월,토요일,서울특별시 광진구 중곡동,중상사고,0,1,0,0,차대차 - 기타,기타,건조,맑음,단일로 - 기타,승용,남,51-60세,상해없음,원동기,남,31-40세,중상
2014071200100466,2014년 7월,토요일,서울특별시 광진구 군자동,경상사고,0,0,2,0,차대차 - 기타,기타,건조,맑음,단일로 - 기타,승용,남,41-50세,상해없음,원동기,남,13-20세,경상
2014071300100057,2014년 7월,일요일,서울특별시 광진구 화양동,경상사고,0,0,1,0,차대차 - 충돌,안전운전불이행,건조,맑음,단일로 - 기타,승용,남,21-30세,상해없음,승용,남,51-60세,경상
2014071300100184,2014년 7월,일요일,서울특별시 광진구 광장동,부상신고사고,0,0,0,1,차대차 - 추돌,안전운전불이행,건조,맑음,교차로 - 교차로부근,승용,남,41-50세,상해없음,승용,여,41-50세,부상신고
2.01407E+15,2014년 7월,일요일,서울특별시 광진구 자양동,중상사고,0,1,0,0,차대차 - 기타,안전운전불이행,건조,맑음,교차로 - 교차로안,승용,남,31-40세,상해없음,원동기,남,41-50세,중상