사고번호,발생년월,요일,시군구,사고내용,사망자수,중상자수,경상자수,부상신고자수,사고유형,법규위반,노면상태,기상상태,도로형태,가해운전자 차종,가해운전자 성별,가해운전자 연령대,가해운전자 상해정도,피해운전자 차종,피해운전자 성별,피해운전자 연령대,피해운전자 상해정도
2014071300100426,2014년 7월,일요일,서울특별시 광진구 자양동,부상신고사고,0,0,0,1,차대사람 - 기타,안전운전불이행,건조,흐림,단일로 - 기타,자전거,남,51-60세,상해없음,보행자,여,12세 이하,부상신고
2014071400100446,2014년 7월,월요일,서울특별시 광진구 구의동,중상사고,0,2,4,5,차대차 - 기타,신호위반,건조,맑음,교차로 - 교차로안,승용,남,41-50세,상해없음,승합,여,41-50세,중상
2.01407E+15,2014년 7월,월요일,서울특별시 광진구 중곡동,중상사고,0,1,2,0,차대차 - 추돌,차로위반,건조,맑음,단일로 - 기타,승용,남,21-30세,상해없음,승용,여,21-30세,경상
2014071400100571,2014년 7월,월요일,서울특별시 광진구 화양동,경상사고,0,0,1,0,차대사람 - 차도통행중,안전운전불이행,건조,맑음,단일로 - 기타,승용,남,20세 이하,상해없음,보행자,남,51-60세,경상
2014071500100053,2014년 7월,화요일,서울특별시 광진구 중곡동,중상사고,0,1,0,0,차대차 - 기타,차로위반,건조,맑음,교차로 - 교차로부근,승용,기타불명,기타불명,기타불명,원동기,남,31-40세,중상
2014071500100147,2014년 7월,화요일,서울특별시 광진구 자양동,경상사고,0,0,1,0,차대차 - 추돌,안전거리미확보,건조,맑음,단일로 - 기타,승용,여,31-40세,상해없음,승용,여,41-50세,경상
2014071500100179,2014년 7월,화요일,서울특별시 광진구 화양동,중상사고,0,1,0,0,차대차 - 추돌,안전거리미확보,건조,맑음,교차로 - 교차로부근,승용,남,51-60세,상해없음,승용,여,61-64세,중상
2014071500100407,2014년 7월,화요일,서울특별시 광진구 광장동,중상사고,0,1,0,0,차대차 - 충돌,안전운전불이행,건조,맑음,교차로 - 교차로안,승용,남,31-40세,상해없음,자전거,남,12세 이하,중상
2014071500100578,2014년 7월,화요일,서울특별시 광진구 자양동,중상사고,0,1,0,0,차대사람 - 기타,안전운전불이행,건조,맑음,단일로 - 기타,자전거,여,41-50세,중상,보행자,여,21-30세,상해없음
2014071600100569,2014년 7월,수요일,서울특별시 광진구 자양동,경상사고,0,0,1,0,차대차 - 기타,안전운전불이행,건조,맑음,단일로 - 기타,승용,남,41-50세,상해없음,자전거,여,21-30세,경상
2014071700100074,2014년 7월,목요일,서울특별시 광진구 자양동,중상사고,0,1,0,0,차대차 - 충돌,안전운전불이행,건조,맑음,단일로 - 기타,자전거,남,51-60세,상해없음,자전거,남,51-60세,중상
2014071700100115,2014년 7월,목요일,서울특별시 광진구 자양동,부상신고사고,0,0,0,1,차대차 - 충돌,중앙선침범,건조,맑음,단일로 - 기타,이륜,남,20세 이하,부상신고,승용,여,31-40세,상해없음
2014071700100116,2014년 7월,목요일,서울특별시 광진구 중곡동,경상사고,0,0,1,0,차대사람 - 기타,신호위반,건조,맑음,단일로 - 기타,승용,남,51-60세,상해없음,보행자,여,13-20세,경상
2014071800100068,2014년 7월,금요일,서울특별시 광진구 능동,경상사고,0,0,1,0,차대차 - 추돌,안전거리미확보,습기,비,교차로 - 교차로부근,승용,남,41-50세,상해없음,승용,남,65세 이상,경상
2.01407E+15,2014년 7월,금요일,서울특별시 광진구 중곡동,경상사고,0,0,1,0,차대차 - 기타,안전운전불이행,습기,흐림,단일로 - 기타,원동기,남,51-60세,경상,승용,남,51-60세,상해없음
2014071800100128,2014년 7월,금요일,서울특별시 광진구 중곡동,중상사고,0,1,2,0,차대차 - 추돌,중앙선침범,건조,맑음,교차로 - 교차로안,승용,남,41-50세,경상,승용,남,31-40세,상해없음
2014071800100195,2014년 7월,금요일,서울특별시 광진구 중곡동,중상사고,0,1,0,0,차대사람 - 기타,안전운전불이행,건조,맑음,단일로 - 기타,화물,남,31-40세,상해없음,보행자,남,65세 이상,중상
2014071800100433,2014년 7월,금요일,서울특별시 광진구 광장동,중상사고,0,1,0,0,차대차 - 기타,기타,건조,맑음,단일로 - 기타,승용,남,41-50세,상해없음,원동기,여,65세 이상,중상
2014071800100534,2014년 7월,금요일,서울특별시 광진구 광장동,경상사고,0,0,4,0,차대차 - 추돌,안전거리미확보,건조,맑음,단일로 - 기타,승용,남,21-30세,상해없음,승용,남,31-40세,경상
2014071900100057,2014년 7월,토요일,서울특별시 광진구 화양동,중상사고,0,1,2,0,차대차 - 충돌,신호위반,건조,맑음,교차로 - 교차로안,승용,남,51-60세,경상,승용,남,65세 이상,중상
2014071900100141,2014년 7월,토요일,서울특별시 광진구 자양동,경상사고,0,0,2,0,차대차 - 추돌,안전거리미확보,건조,맑음,단일로 - 기타,승용,남,41-50세,상해없음,승용,여,51-60세,경상
2014071900100257,2014년 7월,토요일,서울특별시 광진구 중곡동,중상사고,0,1,0,0,차대사람 - 기타,안전운전불이행,건조,맑음,단일로 - 기타,자전거,남,20세 이하,상해없음,보행자,여,65세 이상,중상
2014071900100331,2014년 7월,토요일,서울특별시 광진구 군자동,부상신고사고,0,0,0,1,차대차 - 충돌,안전운전불이행,건조,맑음,단일로 - 기타,승용,남,51-60세,상해없음,자전거,남,41-50세,부상신고
2014071900100392,2014년 7월,토요일,서울특별시 광진구 광장동,경상사고,0,0,1,0,차대차 - 추돌,안전거리미확보,건조,맑음,단일로 - 교량,승합,남,21-30세,상해없음,승합,남,21-30세,상해없음
2014071900100439,2014년 7월,토요일,서울특별시 광진구 중곡동,경상사고,0,0,1,0,차대차 - 기타,신호위반,건조,맑음,교차로 - 교차로안,승용,남,65세 이상,상해없음,원동기,남,21-30세,경상
2014071900100502,2014년 7월,토요일,서울특별시 광진구 자양동,중상사고,0,1,0,0,차대차 - 기타,안전운전불이행,건조,맑음,단일로 - 기타,승용,여,31-40세,상해없음,원동기,남,13-20세,중상
2014071900100503,2014년 7월,토요일,서울특별시 광진구 자양동,경상사고,0,0,1,0,차대차 - 추돌,안전운전불이행,건조,맑음,단일로 - 기타,원동기,남,20세 이하,상해없음,원동기,남,21-30세,경상
2014071900100575,2014년 7월,토요일,서울특별시 광진구 군자동,부상신고사고,0,0,0,1,차대차 - 기타,중앙선침범,건조,맑음,단일로 - 기타,원동기,남,21-30세,부상신고,승용,남,21-30세,상해없음
2014072000100004,2014년 7월,일요일,서울특별시 광진구 화양동,경상사고,0,0,1,0,차대사람 - 기타,안전운전불이행,건조,맑음,단일로 - 기타,승용,남,31-40세,상해없음,보행자,남,13-20세,경상
2014072000100005,2014년 7월,일요일,서울특별시 광진구 자양동,경상사고,0,0,1,1,차대차 - 기타,안전운전불이행,건조,맑음,단일로 - 기타,승용,남,51-60세,상해없음,원동기,남,13-20세,경상
2014072100100035,2014년 7월,월요일,서울특별시 광진구 구의동,중상사고,0,1,0,1,차대차 - 충돌,신호위반,건조,맑음,교차로 - 교차로안,승용,남,21-30세,부상신고,승용,남,51-60세,중상
2014072100100176,2014년 7월,월요일,서울특별시 광진구 구의동,경상사고,0,0,1,0,차대차 - 추돌,안전운전불이행,건조,맑음,단일로 - 기타,화물,남,21-30세,상해없음,승용,남,51-60세,상해없음
2014072200100027,2014년 7월,화요일,서울특별시 광진구 군자동,경상사고,0,0,2,0,차대차 - 충돌,신호위반,습기,비,교차로 - 교차로안,승용,남,65세 이상,상해없음,승용,남,41-50세,경상
2014072200100066,2014년 7월,화요일,서울특별시 광진구 광장동,경상사고,0,0,1,0,차대차 - 기타,안전운전불이행,건조,맑음,교차로 - 교차로부근,승용,남,21-30세,상해없음,승용,여,41-50세,경상
2014072200100139,2014년 7월,화요일,서울특별시 광진구 자양동,중상사고,0,1,0,0,차대차 - 추돌,안전운전불이행,건조,맑음,단일로 - 기타,화물,남,41-50세,상해없음,승용,남,21-30세,중상
2014072200100241,2014년 7월,화요일,서울특별시 광진구 자양동,부상신고사고,0,0,0,1,차대차 - 기타,안전운전불이행,건조,맑음,단일로 - 기타,자전거,남,65세 이상,부상신고,승용,남,51-60세,상해없음
2014072200100267,2014년 7월,화요일,서울특별시 광진구 자양동,경상사고,0,0,1,0,차대차 - 충돌,교차로운행방법위반,건조,맑음,교차로 - 교차로안,자전거,남,65세 이상,경상,원동기,남,13-20세,상해없음
2014072200100527,2014년 7월,화요일,서울특별시 광진구 군자동,부상신고사고,0,0,0,1,차대차 - 충돌,안전운전불이행,건조,맑음,단일로 - 기타,이륜,남,21-30세,부상신고,승용,남,61-64세,상해없음
2014072300100089,2014년 7월,수요일,서울특별시 광진구 자양동,경상사고,0,0,1,0,차량단독 - 충돌,안전운전불이행,습기,비,단일로 - 기타,승용,남,51-60세,상해없음,,,,
2014072300100105,2014년 7월,수요일,서울특별시 광진구 구의동,중상사고,0,1,0,0,차대사람 - 기타,안전운전불이행,습기,비,단일로 - 기타,자전거,기타불명,기타불명,기타불명,보행자,남,21-30세,중상
2014072300100205,2014년 7월,수요일,서울특별시 광진구 광장동,중상사고,0,1,0,0,차대차 - 충돌,안전운전불이행,건조,맑음,기타 - 기타,승용,여,51-60세,상해없음,승용,남,41-50세,중상
2014072300100227,2014년 7월,수요일,서울특별시 광진구 군자동,경상사고,0,0,2,0,차대차 - 충돌,안전운전불이행,건조,맑음,단일로 - 기타,원동기,남,51-60세,상해없음,승용,여,51-60세,경상
2014072300100525,2014년 7월,수요일,서울특별시 광진구 중곡동,경상사고,0,0,1,0,차대사람 - 횡단중,안전운전불이행,건조,맑음,단일로 - 기타,승용,남,41-50세,상해없음,보행자,여,65세 이상,경상
2.01407E+15,2014년 7월,수요일,서울특별시 광진구 화양동,부상신고사고,0,0,0,1,차대차 - 충돌,안전운전불이행,건조,맑음,단일로 - 기타,승용,남,41-50세,상해없음,승용,남,51-60세,상해없음
2.01407E+15,2014년 7월,목요일,서울특별시 광진구 구의동,부상신고사고,0,0,0,1,차대차 - 추돌,안전운전불이행,건조,맑음,교차로 - 교차로부근,승용,남,31-40세,상해없음,승용,남,21-30세,부상신고
2014072400100068,2014년 7월,목요일,서울특별시 광진구 자양동,경상사고,0,0,1,0,차대차 - 추돌,안전운전불이행,습기,맑음,단일로 - 기타,승용,남,21-30세,상해없음,승용,남,41-50세,경상
2014072400100138,2014년 7월,목요일,서울특별시 광진구 자양동,경상사고,0,0,1,0,차대차 - 추돌,안전운전불이행,건조,맑음,단일로 - 기타,승용,남,51-60세,상해없음,승용,여,41-50세,경상
2014072400100266,2014년 7월,목요일,서울특별시 광진구 중곡동,경상사고,0,0,1,0,차대사람 - 기타,안전운전불이행,건조,맑음,단일로 - 기타,승합,남,65세 이상,상해없음,보행자,여,65세 이상,경상
2.01407E+15,2014년 7월,목요일,서울특별시 광진구 군자동,중상사고,0,1,0,0,차대사람 - 횡단중,기타,습기,비,단일로 - 기타,승용,남,51-60세,상해없음,보행자,남,41-50세,중상
2014072400100661,2014년 7월,목요일,서울특별시 광진구 군자동,경상사고,0,0,1,0,차대차 - 기타,차로위반,건조,맑음,단일로 - 기타,원동기,남,21-30세,경상,승용,남,61-64세,상해없음
2014072500100108,2014년 7월,금요일,서울특별시 광진구 자양동,경상사고,0,0,3,0,차대차 - 기타,안전운전불이행,건조,맑음,단일로 - 기타,승용,남,41-50세,상해없음,승용,남,65세 이상,경상
2014072500100277,2014년 7월,금요일,서울특별시 광진구 광장동,경상사고,0,0,2,2,차대차 - 충돌,중앙선침범,건조,맑음,단일로 - 기타,승용,여,41-50세,경상,승용,여,31-40세,경상
2014072500100499,2014년 7월,금요일,서울특별시 광진구 중곡동,부상신고사고,0,0,0,1,차대차 - 기타,교차로운행방법위반,건조,맑음,교차로 - 교차로부근,자전거,남,20세 이하,부상신고,승용,남,65세 이상,상해없음
2014072500100647,2014년 7월,금요일,서울특별시 광진구 중곡동,경상사고,0,0,1,0,차대차 - 충돌,안전운전불이행,습기,비,단일로 - 기타,승용,남,51-60세,상해없음,승용,남,31-40세,경상
2014072500100749,2014년 7월,금요일,서울특별시 광진구 중곡동,경상사고,0,0,3,0,차대차 - 충돌,안전운전불이행,습기,흐림,교차로 - 교차로안,승용,남,51-60세,상해없음,승용,남,51-60세,경상
2014072600100037,2014년 7월,토요일,서울특별시 광진구 화양동,경상사고,0,0,1,0,차대차 - 추돌,안전운전불이행,습기,비,단일로 - 기타,승용,남,21-30세,상해없음,승용,남,51-60세,경상
2014072600100228,2014년 7월,토요일,서울특별시 광진구 중곡동,중상사고,0,1,0,0,차대차 - 기타,안전운전불이행,건조,맑음,단일로 - 기타,승용,남,61-64세,상해없음,승용,남,21-30세,상해없음
2014072600100316,2014년 7월,토요일,서울특별시 광진구 화양동,부상신고사고,0,0,0,1,차대사람 - 기타,안전운전불이행,건조,맑음,단일로 - 기타,승용,남,21-30세,상해없음,보행자,여,41-50세,부상신고
2014072600100463,2014년 7월,토요일,서울특별시 광진구 자양동,중상사고,0,1,0,0,차대차 - 충돌,신호위반,건조,맑음,교차로 - 교차로안,승용,남,41-50세,상해없음,원동기,남,21-30세,중상
2014072600100619,2014년 7월,토요일,서울특별시 광진구 자양동,중상사고,0,2,0,0,차대차 - 충돌,중앙선침범,건조,맑음,단일로 - 기타,승용,남,41-50세,상해없음,원동기,남,21-30세,중상
2.01407E+15,2014년 7월,토요일,서울특별시 광진구 구의동,경상사고,0,0,1,0,차대사람 - 기타,안전운전불이행,건조,맑음,단일로 - 기타,승용,남,61-64세,상해없음,보행자,여,51-60세,경상
2.01407E+15,2014년 7월,일요일,서울특별시 광진구 군자동,경상사고,0,0,2,0,차대차 - 추돌,안전운전불이행,건조,맑음,단일로 - 기타,승용,남,61-64세,상해없음,승용,남,51-60세,상해없음
2014072700100072,2014년 7월,일요일,서울특별시 광진구 구의동,경상사고,0,0,1,0,차대차 - 기타,중앙선침범,건조,맑음,교차로 - 교차로안,원동기,남,20세 이하,경상,승용,남,41-50세,상해없음
2014072700100467,2014년 7월,일요일,서울특별시 광진구 구의동,경상사고,0,0,2,0,차대차 - 기타,안전운전불이행,건조,맑음,단일로 - 기타,승용,남,51-60세,상해없음,승용,남,31-40세,경상
2014072800100036,2014년 7월,월요일,서울특별시 광진구 화양동,경상사고,0,0,1,0,차대사람 - 기타,안전운전불이행,건조,맑음,단일로 - 기타,자전거,기타불명,기타불명,기타불명,보행자,남,31-40세,경상
2014072800100051,2014년 7월,월요일,서울특별시 광진구 광장동,경상사고,0,0,1,0,차대차 - 기타,안전운전불이행,건조,맑음,교차로 - 교차로부근,승용,남,31-40세,상해없음,승용,여,51-60세,경상
2014072800100551,2014년 7월,월요일,서울특별시 광진구 중곡동,경상사고,0,0,1,0,차대사람 - 기타,안전운전불이행,건조,맑음,단일로 - 기타,승용,남,51-60세,기타불명,보행자,남,13-20세,경상
2014072800100582,2014년 7월,월요일,서울특별시 광진구 군자동,경상사고,0,0,1,0,차대차 - 추돌,안전운전불이행,건조,맑음,단일로 - 기타,승용,남,31-40세,상해없음,승용,남,51-60세,경상
2014072900100022,2014년 7월,화요일,서울특별시 광진구 자양동,경상사고,0,0,2,0,차대차 - 기타,안전운전불이행,건조,맑음,교차로 - 교차로부근,원동기,남,41-50세,상해없음,승용,여,31-40세,경상
2014072900100067,2014년 7월,화요일,서울특별시 광진구 구의동,경상사고,0,0,1,0,차대사람 - 길가장자리구역통행중,안전운전불이행,건조,맑음,교차로 - 교차로부근,원동기,남,21-30세,기타불명,보행자,남,41-50세,경상
2014072900100102,2014년 7월,화요일,서울특별시 광진구 중곡동,경상사고,0,0,2,0,차대차 - 추돌,안전거리미확보,건조,맑음,단일로 - 기타,승용,남,31-40세,상해없음,승용,남,51-60세,경상
2014072900100129,2014년 7월,화요일,서울특별시 광진구 중곡동,경상사고,0,0,2,0,차대차 - 충돌,신호위반,건조,맑음,교차로 - 교차로안,자전거,여,51-60세,경상,승용,남,51-60세,상해없음
2014073000100001,2014년 7월,수요일,서울특별시 광진구 자양동,중상사고,0,1,0,0,차량단독 - 기타,안전운전불이행,건조,맑음,단일로 - 기타,승용,남,51-60세,상해없음,,,,
2014073000100233,2014년 7월,수요일,서울특별시 광진구 능동,경상사고,0,0,1,0,차대차 - 기타,안전운전불이행,건조,맑음,교차로 - 교차로부근,승용,남,41-50세,상해없음,승용,남,31-40세,경상
2014073000100374,2014년 7월,수요일,서울특별시 광진구 중곡동,중상사고,0,2,0,0,차대차 - 충돌,교차로운행방법위반,건조,맑음,교차로 - 교차로안,승용,여,51-60세,상해없음,승용,남,41-50세,중상
2014073100100438,2014년 7월,목요일,서울특별시 광진구 자양동,중상사고,0,1,0,0,차대사람 - 기타,안전운전불이행,습기,비,단일로 - 기타,자전거,여,65세 이상,중상,보행자,여,13-20세,기타불명
2014073100100439,2014년 7월,목요일,서울특별시 광진구 구의동,중상사고,0,1,0,0,차대사람 - 기타,안전운전불이행,습기,흐림,단일로 - 기타,화물,남,31-40세,상해없음,보행자,여,65세 이상,중상
2014073100100486,2014년 7월,목요일,서울특별시 광진구 자양동,경상사고,0,0,1,0,차대차 - 충돌,중앙선침범,건조,흐림,단일로 - 기타,승용,여,51-60세,상해없음,원동기,남,13-20세,경상
2014073100100487,2014년 7월,목요일,서울특별시 광진구 구의동,중상사고,0,1,0,0,차대사람 - 횡단중,안전운전불이행,습기,맑음,단일로 - 횡단보도부근,승용,여,41-50세,상해없음,보행자,남,13-20세,중상
2014073100100536,2014년 7월,목요일,서울특별시 광진구 중곡동,중상사고,0,1,0,0,차대차 - 기타,안전운전불이행,습기,맑음,단일로 - 기타,원동기,남,51-60세,중상,승용,남,51-60세,상해없음
2014080100100294,2014년 8월,금요일,서울특별시 광진구 구의동,경상사고,0,0,1,0,차대차 - 기타,불법유턴,건조,맑음,단일로 - 횡단보도상,자전거,여,20세 이하,경상,승용,남,51-60세,상해없음
2014080100100363,2014년 8월,금요일,서울특별시 광진구 능동,경상사고,0,0,1,2,차량단독 - 기타,안전운전불이행,건조,맑음,단일로 - 기타,승합,남,51-60세,상해없음,,,,
2014080100100408,2014년 8월,금요일,서울특별시 광진구 중곡동,중상사고,0,1,0,0,차대차 - 충돌,안전운전불이행,건조,맑음,교차로 - 교차로안,화물,남,41-50세,상해없음,원동기,남,51-60세,중상
2014080200100159,2014년 8월,토요일,서울특별시 광진구 화양동,경상사고,0,0,2,0,차대차 - 충돌,신호위반,건조,맑음,교차로 - 교차로안,승용,남,21-30세,상해없음,자전거,남,21-30세,경상
2.01408E+15,2014년 8월,토요일,서울특별시 광진구 광장동,중상사고,0,1,0,0,차대차 - 기타,안전거리미확보,건조,맑음,단일로 - 기타,승용,남,51-60세,상해없음,승합,남,51-60세,상해없음
2014080200100335,2014년 8월,토요일,서울특별시 광진구 중곡동,중상사고,0,1,0,0,차대차 - 기타,신호위반,건조,맑음,교차로 - 교차로안,자전거,남,41-50세,중상,승용,남,51-60세,상해없음
2014080200100381,2014년 8월,토요일,서울특별시 광진구 자양동,경상사고,0,0,3,0,차대차 - 추돌,안전운전불이행,건조,맑음,단일로 - 기타,승용,남,31-40세,상해없음,승용,여,31-40세,경상
2.01408E+15,2014년 8월,토요일,서울특별시 광진구 중곡동,경상사고,0,0,1,1,차대차 - 기타,안전운전불이행,건조,맑음,단일로 - 기타,승용,남,51-60세,상해없음,승용,남,51-60세,부상신고
2014080200100466,2014년 8월,토요일,서울특별시 광진구 군자동,경상사고,0,0,2,0,차대차 - 추돌,신호위반,건조,맑음,교차로 - 교차로안,원동기,남,31-40세,경상,승용,남,61-64세,경상
2014080200100724,2014년 8월,토요일,서울특별시 광진구 중곡동,경상사고,0,0,2,0,차대차 - 추돌,안전운전불이행,기타,맑음,교차로 - 교차로부근,승용,남,31-40세,기타불명,승용,남,21-30세,경상
2014080300100149,2014년 8월,일요일,서울특별시 광진구 능동,경상사고,0,0,1,0,차대차 - 기타,신호위반,건조,맑음,단일로 - 기타,승용,남,21-30세,상해없음,승용,남,41-50세,경상
2014080300100159,2014년 8월,일요일,서울특별시 광진구 화양동,경상사고,0,0,1,0,차대사람 - 기타,안전운전불이행,건조,맑음,단일로 - 기타,승용,남,51-60세,상해없음,보행자,남,41-50세,경상
2014080300100194,2014년 8월,일요일,서울특별시 광진구 광장동,경상사고,0,0,1,0,차대차 - 충돌,중앙선침범,건조,흐림,단일로 - 기타,승용,남,65세 이상,상해없음,승용,남,31-40세,경상
2014080300100345,2014년 8월,일요일,서울특별시 광진구 자양동,경상사고,0,0,1,0,차대차 - 추돌,기타,건조,맑음,단일로 - 기타,승용,남,51-60세,상해없음,원동기,남,13-20세,경상
2014080300100346,2014년 8월,일요일,서울특별시 광진구 광장동,경상사고,0,0,1,0,차대차 - 충돌,안전운전불이행,습기,비,교차로 - 교차로부근,승용,남,65세 이상,상해없음,승용,남,31-40세,경상
2014080300100369,2014년 8월,일요일,서울특별시 광진구 화양동,부상신고사고,0,0,0,1,차대차 - 기타,신호위반,건조,맑음,교차로 - 교차로부근,원동기,남,20세 이하,부상신고,승용,여,51-60세,상해없음
2014080300100398,2014년 8월,일요일,서울특별시 광진구 광장동,중상사고,0,1,0,0,차량단독 - 충돌,안전운전불이행,습기,비,단일로 - 기타,승용,남,51-60세,중상,,,,
2014080400100002,2014년 8월,월요일,서울특별시 광진구 자양동,경상사고,0,0,1,0,차대차 - 기타,안전운전불이행,건조,맑음,교차로 - 교차로부근,화물,남,41-50세,상해없음,승용,여,51-60세,경상
2014080400100003,2014년 8월,월요일,서울특별시 광진구 구의동,중상사고,0,1,3,0,차대차 - 충돌,안전운전불이행,습기,비,단일로 - 기타,승용,남,65세 이상,상해없음,승용,남,41-50세,중상
2014080400100028,2014년 8월,월요일,서울특별시 광진구 화양동,경상사고,0,0,1,0,차대사람 - 횡단중,보행자보호의무위반,습기,비,교차로 - 교차로부근,승용,남,51-60세,상해없음,보행자,남,41-50세,경상
2.01408E+15,2014년 8월,월요일,서울특별시 광진구 군자동,경상사고,0,0,1,0,차대차 - 충돌,신호위반,건조,맑음,단일로 - 횡단보도상,원동기,남,31-40세,상해없음,원동기,여,65세 이상,경상
2014080600100388,2014년 8월,수요일,서울특별시 광진구 자양동,경상사고,0,0,2,0,차대차 - 추돌,안전운전불이행,습기,비,단일로 - 기타,승용,여,31-40세,상해없음,승용,남,41-50세,경상
2014080600100602,2014년 8월,수요일,서울특별시 광진구 화양동,부상신고사고,0,0,0,1,차대차 - 충돌,신호위반,습기,흐림,교차로 - 교차로부근,원동기,남,20세 이하,부상신고,승용,남,41-50세,상해없음
2014080700100083,2014년 8월,목요일,서울특별시 광진구 구의동,경상사고,0,0,1,0,차대차 - 추돌,안전운전불이행,건조,맑음,교차로 - 교차로부근,승용,남,65세 이상,상해없음,승용,남,31-40세,경상
2014080700100084,2014년 8월,목요일,서울특별시 광진구 중곡동,중상사고,0,1,0,0,차대차 - 충돌,안전거리미확보,건조,맑음,단일로 - 기타,이륜,남,51-60세,중상,승용,남,51-60세,상해없음
2014080700100218,2014년 8월,목요일,서울특별시 광진구 자양동,경상사고,0,0,1,0,차대차 - 기타,안전운전불이행,건조,맑음,단일로 - 기타,승용,남,61-64세,상해없음,원동기,남,31-40세,경상
2014080700100248,2014년 8월,목요일,서울특별시 광진구 화양동,중상사고,0,1,0,0,차대차 - 충돌,안전운전불이행,건조,맑음,단일로 - 기타,승용,남,51-60세,상해없음,원동기,남,21-30세,중상
2014080700100389,2014년 8월,목요일,서울특별시 광진구 구의동,중상사고,0,1,0,0,차대사람 - 기타,안전운전불이행,건조,맑음,단일로 - 기타,승용,남,21-30세,상해없음,보행자,여,65세 이상,중상
2014080700100502,2014년 8월,목요일,서울특별시 광진구 광장동,경상사고,0,0,4,0,차대차 - 추돌,안전운전불이행,건조,맑음,교차로 - 교차로부근,승용,남,31-40세,상해없음,승용,남,41-50세,경상
2014080800100265,2014년 8월,금요일,서울특별시 광진구 화양동,중상사고,0,2,1,0,차대차 - 충돌,중앙선침범,건조,맑음,단일로 - 기타,이륜,남,51-60세,경상,승용,남,41-50세,중상
2014080800100435,2014년 8월,금요일,서울특별시 광진구 광장동,중상사고,0,1,0,0,차대차 - 기타,안전운전불이행,건조,맑음,단일로 - 기타,자전거,남,65세 이상,중상,승용,남,41-50세,상해없음
2014080800100554,2014년 8월,금요일,서울특별시 광진구 자양동,경상사고,0,0,1,0,차대차 - 기타,안전운전불이행,건조,맑음,단일로 - 기타,자전거,남,41-50세,상해없음,자전거,남,41-50세,경상
2014080800100597,2014년 8월,금요일,서울특별시 광진구 화양동,경상사고,0,0,1,0,차대차 - 기타,안전거리미확보,건조,맑음,교차로 - 교차로부근,승용,남,31-40세,상해없음,이륜,남,41-50세,경상
2.01408E+15,2014년 8월,토요일,서울특별시 광진구 구의동,경상사고,0,0,1,0,차대차 - 충돌,안전운전불이행,기타,맑음,교차로 - 교차로안,자전거,남,31-40세,경상,승용,남,41-50세,상해없음
2014080900100482,2014년 8월,토요일,서울특별시 광진구 자양동,경상사고,0,0,1,0,차대차 - 추돌,안전운전불이행,건조,맑음,단일로 - 기타,자전거,남,41-50세,상해없음,자전거,남,31-40세,경상
2014080900100483,2014년 8월,토요일,서울특별시 광진구 구의동,경상사고,0,0,1,0,차대차 - 충돌,중앙선침범,건조,맑음,단일로 - 기타,승용,남,31-40세,상해없음,원동기,남,41-50세,경상
2014080900100564,2014년 8월,토요일,서울특별시 광진구 화양동,경상사고,0,0,1,0,차대차 - 기타,안전운전불이행,건조,맑음,단일로 - 기타,승용,남,21-30세,상해없음,승용,남,51-60세,경상
2014081000100001,2014년 8월,일요일,서울특별시 광진구 화양동,경상사고,0,0,1,0,차대사람 - 기타,안전운전불이행,건조,맑음,교차로 - 교차로안,승용,남,61-64세,상해없음,보행자,남,31-40세,경상
2014081000100135,2014년 8월,일요일,서울특별시 광진구 구의동,경상사고,0,0,1,0,차대차 - 기타,불법유턴,건조,맑음,교차로 - 교차로안,자전거,남,65세 이상,경상,승용,남,65세 이상,상해없음
2.01408E+15,2014년 8월,월요일,서울특별시 광진구 중곡동,중상사고,0,1,1,0,차대사람 - 기타,안전운전불이행,건조,맑음,단일로 - 기타,승용,여,61-64세,경상,보행자,남,51-60세,중상
2014081100100167,2014년 8월,월요일,서울특별시 광진구 광장동,경상사고,0,0,1,0,차대차 - 충돌,안전운전불이행,건조,맑음,기타 - 기타,승용,남,65세 이상,상해없음,자전거,남,13-20세,경상
2014081100100572,2014년 8월,월요일,서울특별시 광진구 군자동,경상사고,0,0,1,0,차대차 - 추돌,안전운전불이행,건조,맑음,교차로 - 교차로안,승용,남,31-40세,상해없음,승용,남,65세 이상,상해없음
2.01408E+15,2014년 8월,화요일,서울특별시 광진구 화양동,경상사고,0,0,1,1,차대차 - 충돌,신호위반,건조,맑음,단일로 - 기타,원동기,여,31-40세,부상신고,자전거,남,13-20세,경상
2014081200100255,2014년 8월,화요일,서울특별시 광진구 화양동,중상사고,0,1,1,0,차대차 - 추돌,교차로운행방법위반,건조,맑음,교차로 - 교차로안,승용,여,41-50세,경상,승용,남,21-30세,상해없음
2014081300100288,2014년 8월,수요일,서울특별시 광진구 광장동,중상사고,0,1,0,0,차대사람 - 횡단중,안전운전불이행,건조,흐림,단일로 - 기타,승합,남,65세 이상,상해없음,보행자,남,13-20세,중상
2014081300100483,2014년 8월,수요일,서울특별시 광진구 구의동,경상사고,0,0,1,0,차대차 - 기타,안전운전불이행,건조,흐림,단일로 - 기타,승용,남,31-40세,상해없음,원동기,남,13-20세,경상
2014081300100588,2014년 8월,수요일,서울특별시 광진구 자양동,경상사고,0,0,1,0,차대차 - 추돌,안전운전불이행,건조,맑음,단일로 - 기타,승용,남,21-30세,상해없음,승용,남,41-50세,경상
2014081400100334,2014년 8월,목요일,서울특별시 광진구 자양동,경상사고,0,0,1,0,차대사람 - 횡단중,신호위반,건조,맑음,단일로 - 횡단보도상,승용,남,65세 이상,상해없음,보행자,남,13-20세,경상