사고번호,발생년월,요일,시군구,사고내용,사망자수,중상자수,경상자수,부상신고자수,사고유형,법규위반,노면상태,기상상태,도로형태,가해운전자 차종,가해운전자 성별,가해운전자 연령대,가해운전자 상해정도,피해운전자 차종,피해운전자 성별,피해운전자 연령대,피해운전자 상해정도
2014081400100677,2014년 8월,목요일,서울특별시 광진구 광장동,중상사고,0,1,3,1,차대차 - 추돌,안전거리미확보,건조,맑음,단일로 - 기타,승합,남,41-50세,상해없음,승합,남,31-40세,상해없음
2014081400100678,2014년 8월,목요일,서울특별시 광진구 광장동,경상사고,0,0,1,0,차대차 - 기타,안전거리미확보,건조,맑음,단일로 - 기타,승용,남,51-60세,상해없음,승용,여,51-60세,경상
2014081500100002,2014년 8월,금요일,서울특별시 광진구 자양동,경상사고,0,0,1,0,차대차 - 기타,안전거리미확보,건조,맑음,단일로 - 기타,승용,남,51-60세,상해없음,승용,남,41-50세,상해없음
2014081500100129,2014년 8월,금요일,서울특별시 광진구 군자동,부상신고사고,0,0,0,1,차량단독 - 기타,안전운전불이행,습기,맑음,단일로 - 기타,원동기,남,31-40세,부상신고,,,,
2014081500100303,2014년 8월,금요일,서울특별시 광진구 자양동,중상사고,0,1,0,1,차대차 - 추돌,안전운전불이행,건조,맑음,단일로 - 기타,자전거,여,51-60세,부상신고,자전거,여,51-60세,중상
2014081500100304,2014년 8월,금요일,서울특별시 광진구 화양동,경상사고,0,0,1,0,차대차 - 추돌,안전거리미확보,건조,맑음,교차로 - 교차로안,승용,남,41-50세,상해없음,승용,남,65세 이상,경상
2014081500100368,2014년 8월,금요일,서울특별시 광진구 화양동,중상사고,0,1,0,0,차대사람 - 기타,안전운전불이행,건조,맑음,단일로 - 기타,승합,남,41-50세,상해없음,보행자,남,51-60세,중상
2014081500100369,2014년 8월,금요일,서울특별시 광진구 자양동,경상사고,0,0,1,0,차대사람 - 기타,안전운전불이행,건조,맑음,단일로 - 기타,승용,남,61-64세,상해없음,보행자,여,65세 이상,경상
2014081500100564,2014년 8월,금요일,서울특별시 광진구 화양동,경상사고,0,0,2,0,차대차 - 기타,안전거리미확보,건조,맑음,교차로 - 교차로부근,화물,남,51-60세,상해없음,승용,남,61-64세,경상
2014081500100616,2014년 8월,금요일,서울특별시 광진구 자양동,중상사고,0,1,0,0,차대차 - 기타,안전운전불이행,건조,맑음,단일로 - 기타,승용,남,21-30세,상해없음,자전거,남,51-60세,중상
2014081600100132,2014년 8월,토요일,서울특별시 광진구 자양동,중상사고,0,1,0,0,차대차 - 충돌,안전운전불이행,건조,맑음,단일로 - 교량,승용,남,51-60세,상해없음,자전거,남,21-30세,중상
2014081700100034,2014년 8월,일요일,서울특별시 광진구 자양동,중상사고,0,1,0,0,차대사람 - 횡단중,안전운전불이행,건조,맑음,단일로 - 기타,승용,남,65세 이상,상해없음,보행자,남,21-30세,중상
2014081700100085,2014년 8월,일요일,서울특별시 광진구 구의동,부상신고사고,0,0,0,2,차대차 - 기타,안전거리미확보,습기,비,단일로 - 기타,원동기,남,20세 이하,부상신고,승용,남,65세 이상,상해없음
2014081700100112,2014년 8월,일요일,서울특별시 광진구 화양동,중상사고,0,1,0,0,차대사람 - 보도통행중,신호위반,건조,맑음,교차로 - 교차로안,원동기,남,31-40세,상해없음,보행자,여,61-64세,중상
2014081700100246,2014년 8월,일요일,서울특별시 광진구 자양동,경상사고,0,0,1,0,차대사람 - 기타,안전운전불이행,건조,맑음,단일로 - 기타,승용,남,51-60세,상해없음,보행자,여,51-60세,경상
2014081700100303,2014년 8월,일요일,서울특별시 광진구 광장동,중상사고,0,1,2,0,차대차 - 기타,안전거리미확보,건조,맑음,단일로 - 기타,승용,남,21-30세,상해없음,승용,남,51-60세,중상
2014081700100346,2014년 8월,일요일,서울특별시 광진구 자양동,경상사고,0,0,1,0,차대차 - 기타,안전운전불이행,건조,맑음,단일로 - 기타,승용,남,65세 이상,상해없음,원동기,남,51-60세,경상
2014081700100439,2014년 8월,일요일,서울특별시 광진구 자양동,중상사고,0,2,0,0,차대차 - 기타,교차로운행방법위반,건조,맑음,교차로 - 교차로안,승용,남,41-50세,상해없음,원동기,남,13-20세,중상
2014081800100261,2014년 8월,월요일,서울특별시 광진구 구의동,중상사고,0,1,0,0,차대사람 - 기타,기타,건조,맑음,단일로 - 횡단보도상,승용,남,65세 이상,상해없음,보행자,여,51-60세,중상
2014081800100534,2014년 8월,월요일,서울특별시 광진구 자양동,경상사고,0,0,1,0,차대차 - 기타,안전거리미확보,습기,비,단일로 - 교량,승용,남,31-40세,상해없음,원동기,남,21-30세,경상
2014081900100061,2014년 8월,화요일,서울특별시 광진구 중곡동,사망사고,1,0,0,0,차대사람 - 기타,과속,습기,비,단일로 - 기타,승용,남,51-60세,상해없음,보행자,남,41-50세,사망
2014081900100062,2014년 8월,화요일,서울특별시 광진구 구의동,경상사고,0,0,1,0,차대차 - 기타,안전운전불이행,습기,비,교차로 - 교차로안,승용,남,41-50세,상해없음,승용,남,51-60세,상해없음
2014081900100118,2014년 8월,화요일,서울특별시 광진구 광장동,부상신고사고,0,0,0,1,차량단독 - 기타,안전운전불이행,습기,비,단일로 - 기타,화물,남,31-40세,부상신고,,,,
2014081900100398,2014년 8월,화요일,서울특별시 광진구 중곡동,경상사고,0,0,1,0,차대사람 - 길가장자리구역통행중,안전운전불이행,건조,흐림,단일로 - 기타,승용,여,51-60세,상해없음,보행자,남,41-50세,경상
2014081900100518,2014년 8월,화요일,서울특별시 광진구 자양동,중상사고,0,1,0,0,차대차 - 기타,안전운전불이행,습기,맑음,단일로 - 기타,승용,남,41-50세,상해없음,원동기,남,13-20세,중상
2014081900100519,2014년 8월,화요일,서울특별시 광진구 군자동,경상사고,0,0,1,0,차대차 - 기타,안전운전불이행,습기,비,단일로 - 기타,화물,남,51-60세,상해없음,이륜,남,21-30세,경상
2014081900100561,2014년 8월,화요일,서울특별시 광진구 중곡동,중상사고,0,2,0,0,차대차 - 충돌,안전운전불이행,건조,맑음,단일로 - 횡단보도상,원동기,남,21-30세,중상,승용,남,41-50세,상해없음
2014081900100588,2014년 8월,화요일,서울특별시 광진구 군자동,경상사고,0,0,1,0,차대차 - 충돌,신호위반,습기,흐림,단일로 - 횡단보도상,승용,남,65세 이상,상해없음,자전거,남,31-40세,경상
2014081900100622,2014년 8월,화요일,서울특별시 광진구 광장동,중상사고,0,1,0,0,차대차 - 충돌,중앙선침범,건조,맑음,단일로 - 횡단보도상,자전거,남,20세 이하,중상,승용,남,51-60세,상해없음
2014082000100168,2014년 8월,수요일,서울특별시 광진구 자양동,경상사고,0,0,1,0,차대차 - 추돌,안전거리미확보,건조,맑음,단일로 - 기타,승용,남,65세 이상,상해없음,승용,남,65세 이상,경상
2.01408E+15,2014년 8월,수요일,서울특별시 광진구 중곡동,중상사고,0,2,0,0,차대차 - 기타,안전운전불이행,건조,맑음,단일로 - 기타,화물,남,41-50세,상해없음,원동기,남,13-20세,중상
2014082000100351,2014년 8월,수요일,서울특별시 광진구 중곡동,경상사고,0,0,1,0,차대사람 - 기타,안전운전불이행,건조,맑음,단일로 - 기타,승용,남,21-30세,상해없음,보행자,남,65세 이상,경상
2014082000100477,2014년 8월,수요일,서울특별시 광진구 화양동,중상사고,0,2,0,0,차대사람 - 횡단중,신호위반,건조,맑음,단일로 - 횡단보도상,원동기,남,41-50세,중상,보행자,여,13-20세,중상
2014082000100602,2014년 8월,수요일,서울특별시 광진구 구의동,경상사고,0,0,1,0,차량단독 - 충돌,안전운전불이행,건조,맑음,단일로 - 기타,승용,남,31-40세,경상,,,,
2014082100100002,2014년 8월,목요일,서울특별시 광진구 구의동,경상사고,0,0,1,0,차량단독 - 기타,안전운전불이행,건조,맑음,단일로 - 횡단보도부근,승용,남,41-50세,상해없음,,,,
2014082100100053,2014년 8월,목요일,서울특별시 광진구 능동,중상사고,0,1,4,1,차대차 - 추돌,안전운전불이행,습기,비,단일로 - 기타,승용,남,31-40세,중상,승용,남,51-60세,경상
2014082100100129,2014년 8월,목요일,서울특별시 광진구 자양동,경상사고,0,0,2,0,차대차 - 추돌,안전거리미확보,습기,비,단일로 - 기타,승용,남,51-60세,상해없음,승용,남,51-60세,상해없음
2014082100100183,2014년 8월,목요일,서울특별시 광진구 자양동,중상사고,0,1,0,0,차대차 - 기타,신호위반,습기,비,교차로 - 교차로안,승용,남,61-64세,상해없음,자전거,여,41-50세,중상
2014082100100309,2014년 8월,목요일,서울특별시 광진구 광장동,경상사고,0,0,1,0,차대차 - 기타,안전거리미확보,건조,맑음,교차로 - 교차로부근,승용,여,41-50세,상해없음,승용,여,31-40세,경상
2014082100100541,2014년 8월,목요일,서울특별시 광진구 광장동,경상사고,0,0,1,0,차량단독 - 기타,안전운전불이행,건조,맑음,교차로 - 교차로부근,자전거,남,20세 이하,경상,,,,
2.01408E+15,2014년 8월,목요일,서울특별시 광진구 광장동,중상사고,0,1,0,0,차대사람 - 기타,안전운전불이행,습기,흐림,단일로 - 기타,승합,남,51-60세,상해없음,보행자,여,41-50세,중상
2014082100100615,2014년 8월,목요일,서울특별시 광진구 구의동,경상사고,0,0,1,0,차대사람 - 기타,안전운전불이행,습기,흐림,단일로 - 기타,승합,남,21-30세,상해없음,보행자,남,21-30세,경상
2.01408E+15,2014년 8월,목요일,서울특별시 광진구 구의동,중상사고,0,1,1,1,차대차 - 추돌,안전운전불이행,건조,맑음,단일로 - 기타,승용,남,41-50세,상해없음,화물,남,41-50세,부상신고
2014082200100047,2014년 8월,금요일,서울특별시 광진구 자양동,경상사고,0,0,1,0,차대사람 - 횡단중,안전운전불이행,습기,비,단일로 - 기타,승용,남,65세 이상,상해없음,보행자,남,41-50세,경상
2014082200100069,2014년 8월,금요일,서울특별시 광진구 군자동,중상사고,0,1,0,0,차대차 - 추돌,안전운전불이행,건조,맑음,단일로 - 기타,승용,남,31-40세,상해없음,승용,남,51-60세,중상
2014082200100091,2014년 8월,금요일,서울특별시 광진구 중곡동,경상사고,0,0,1,0,차대차 - 추돌,안전운전불이행,습기,흐림,단일로 - 기타,화물,남,31-40세,상해없음,승용,여,31-40세,경상
2014082200100471,2014년 8월,금요일,서울특별시 광진구 중곡동,중상사고,0,1,0,0,차대차 - 기타,안전거리미확보,건조,맑음,교차로 - 교차로부근,화물,남,51-60세,상해없음,원동기,남,51-60세,중상
2014082200100642,2014년 8월,금요일,서울특별시 광진구 자양동,경상사고,0,0,2,0,차대차 - 충돌,안전운전불이행,건조,맑음,단일로 - 기타,승용,남,20세 이하,상해없음,승용,남,51-60세,경상
2014082200100643,2014년 8월,금요일,서울특별시 광진구 구의동,부상신고사고,0,0,0,1,차대사람 - 기타,안전운전불이행,건조,맑음,단일로 - 기타,승용,남,51-60세,상해없음,보행자,남,41-50세,부상신고
2014082200100674,2014년 8월,금요일,서울특별시 광진구 자양동,경상사고,0,0,1,0,차대사람 - 기타,안전운전불이행,건조,맑음,단일로 - 기타,승용,남,51-60세,상해없음,보행자,남,31-40세,경상
2014082300100059,2014년 8월,토요일,서울특별시 광진구 화양동,경상사고,0,0,1,0,차대사람 - 길가장자리구역통행중,신호위반,건조,맑음,단일로 - 기타,승용,남,21-30세,상해없음,보행자,남,21-30세,경상
2014082300100309,2014년 8월,토요일,서울특별시 광진구 광장동,경상사고,0,0,1,0,차대차 - 충돌,안전운전불이행,건조,맑음,단일로 - 기타,화물,남,41-50세,상해없음,원동기,남,21-30세,경상
2014082300100495,2014년 8월,토요일,서울특별시 광진구 중곡동,경상사고,0,0,1,0,차대사람 - 기타,안전운전불이행,건조,맑음,단일로 - 기타,승용,여,41-50세,상해없음,보행자,여,13-20세,경상
2014082300100496,2014년 8월,토요일,서울특별시 광진구 화양동,경상사고,0,0,1,0,차대사람 - 기타,안전운전불이행,건조,맑음,단일로 - 기타,승용,남,21-30세,상해없음,보행자,남,21-30세,경상
2014082400100045,2014년 8월,일요일,서울특별시 광진구 능동,중상사고,0,1,0,0,차대사람 - 기타,안전운전불이행,건조,맑음,단일로 - 기타,승용,남,51-60세,상해없음,보행자,남,21-30세,중상
2.01408E+15,2014년 8월,일요일,서울특별시 광진구 구의동,중상사고,0,1,0,0,차대차 - 추돌,안전거리미확보,건조,맑음,단일로 - 기타,승용,남,65세 이상,상해없음,승용,남,21-30세,중상
2014082400100297,2014년 8월,일요일,서울특별시 광진구 구의동,경상사고,0,0,1,0,차대차 - 추돌,안전운전불이행,건조,맑음,단일로 - 기타,승용,남,41-50세,상해없음,승용,여,21-30세,경상
2014082500100073,2014년 8월,월요일,서울특별시 광진구 중곡동,부상신고사고,0,0,0,1,차대사람 - 기타,안전운전불이행,건조,맑음,단일로 - 기타,기타불명,기타불명,기타불명,기타불명,보행자,여,13-20세,부상신고
2014082500100233,2014년 8월,월요일,서울특별시 광진구 중곡동,경상사고,0,0,1,0,차대차 - 충돌,신호위반,건조,맑음,교차로 - 교차로안,이륜,여,51-60세,경상,승용,남,21-30세,상해없음
2014082500100292,2014년 8월,월요일,서울특별시 광진구 자양동,중상사고,0,1,0,0,차대차 - 추돌,안전운전불이행,건조,맑음,단일로 - 기타,승합,남,65세 이상,상해없음,화물,남,65세 이상,상해없음
2014082500100504,2014년 8월,월요일,서울특별시 광진구 구의동,경상사고,0,0,2,0,차대차 - 추돌,안전운전불이행,건조,맑음,단일로 - 기타,승용,남,51-60세,상해없음,승용,남,21-30세,경상
2014082600100085,2014년 8월,화요일,서울특별시 광진구 자양동,중상사고,0,1,0,0,차량단독 - 충돌,안전운전불이행,건조,맑음,단일로 - 기타,원동기,남,21-30세,중상,,,,
2014082600100143,2014년 8월,화요일,서울특별시 광진구 광장동,경상사고,0,0,2,0,차대사람 - 보도통행중,보행자보호의무위반,건조,맑음,교차로 - 교차로부근,승합,남,65세 이상,상해없음,보행자,여,31-40세,경상
2014082600100369,2014년 8월,화요일,서울특별시 광진구 군자동,중상사고,0,1,1,1,차대차 - 기타,신호위반,건조,맑음,단일로 - 기타,승용,여,41-50세,경상,원동기,남,41-50세,중상
2014082600100556,2014년 8월,화요일,서울특별시 광진구 구의동,경상사고,0,0,1,0,차대차 - 기타,기타,습기,비,교차로 - 교차로부근,승용,남,65세 이상,상해없음,원동기,남,31-40세,경상
2014082700100001,2014년 8월,수요일,서울특별시 광진구 중곡동,중상사고,0,1,0,0,차량단독 - 충돌,안전운전불이행,건조,맑음,단일로 - 기타,원동기,남,20세 이하,중상,,,,
2014082700100019,2014년 8월,수요일,서울특별시 광진구 중곡동,경상사고,0,0,4,0,차대차 - 기타,안전거리미확보,건조,맑음,단일로 - 기타,승용,남,31-40세,경상,승용,남,21-30세,상해없음
2014082700100061,2014년 8월,수요일,서울특별시 광진구 자양동,중상사고,0,1,1,0,차량단독 - 기타,안전운전불이행,건조,맑음,단일로 - 기타,이륜,남,20세 이하,상해없음,,,,
2014082700100105,2014년 8월,수요일,서울특별시 광진구 광장동,경상사고,0,0,1,0,차량단독 - 기타,안전운전불이행,건조,맑음,단일로 - 기타,승합,남,41-50세,상해없음,,,,
2014082700100173,2014년 8월,수요일,서울특별시 광진구 구의동,경상사고,0,0,1,0,차량단독 - 기타,안전운전불이행,건조,맑음,단일로 - 기타,승용,여,41-50세,경상,,,,
2014082700100292,2014년 8월,수요일,서울특별시 광진구 구의동,중상사고,0,1,2,0,차대차 - 충돌,안전거리미확보,건조,맑음,교차로 - 교차로부근,승용,남,41-50세,상해없음,승용,남,31-40세,경상
2014082700100373,2014년 8월,수요일,서울특별시 광진구 구의동,경상사고,0,0,1,0,차대사람 - 보도통행중,안전운전불이행,건조,맑음,단일로 - 기타,원동기,남,51-60세,상해없음,보행자,여,13-20세,경상
2014082700100462,2014년 8월,수요일,서울특별시 광진구 중곡동,경상사고,0,0,1,0,차대차 - 기타,안전운전불이행,건조,맑음,교차로 - 교차로안,자전거,여,51-60세,경상,승용,남,61-64세,상해없음
2014082800100003,2014년 8월,목요일,서울특별시 광진구 광장동,경상사고,0,0,2,0,차대차 - 충돌,신호위반,건조,맑음,교차로 - 교차로안,승용,남,41-50세,상해없음,승용,남,51-60세,경상
2014082800100579,2014년 8월,목요일,서울특별시 광진구 구의동,부상신고사고,0,0,0,1,차대차 - 충돌,안전운전불이행,건조,맑음,단일로 - 기타,이륜,남,31-40세,부상신고,승용,여,41-50세,기타불명
2014082800100647,2014년 8월,목요일,서울특별시 광진구 구의동,중상사고,0,1,1,0,차대차 - 기타,신호위반,건조,맑음,단일로 - 횡단보도부근,승용,남,41-50세,상해없음,원동기,남,13-20세,중상
2014082800100648,2014년 8월,목요일,서울특별시 광진구 자양동,경상사고,0,0,1,0,차대차 - 기타,안전운전불이행,건조,맑음,단일로 - 기타,자전거,남,21-30세,경상,승합,남,41-50세,기타불명
2014082900100033,2014년 8월,금요일,서울특별시 광진구 자양동,중상사고,0,1,0,0,차대차 - 충돌,신호위반,건조,맑음,교차로 - 교차로안,승용,남,51-60세,상해없음,이륜,남,13-20세,중상
2014082900100341,2014년 8월,금요일,서울특별시 광진구 자양동,경상사고,0,0,1,0,차대사람 - 기타,안전운전불이행,건조,맑음,단일로 - 기타,기타불명,기타불명,기타불명,기타불명,보행자,여,51-60세,경상
2014083000100004,2014년 8월,토요일,서울특별시 광진구 구의동,중상사고,0,1,0,0,차대사람 - 기타,안전운전불이행,건조,맑음,단일로 - 횡단보도상,승용,남,31-40세,상해없음,보행자,남,41-50세,중상
2014083000100078,2014년 8월,토요일,서울특별시 광진구 중곡동,경상사고,0,0,1,0,차대차 - 기타,신호위반,건조,맑음,교차로 - 교차로안,원동기,남,20세 이하,상해없음,원동기,남,21-30세,상해없음
2014083000100099,2014년 8월,토요일,서울특별시 광진구 구의동,중상사고,0,1,0,0,차대차 - 추돌,안전거리미확보,건조,맑음,단일로 - 기타,승용,남,65세 이상,상해없음,원동기,남,41-50세,중상
2014083000100171,2014년 8월,토요일,서울특별시 광진구 중곡동,경상사고,0,0,1,0,차대차 - 추돌,안전운전불이행,건조,맑음,단일로 - 기타,승합,남,31-40세,상해없음,화물,남,31-40세,경상
2014083000100312,2014년 8월,토요일,서울특별시 광진구 자양동,부상신고사고,0,0,0,1,차대사람 - 기타,안전운전불이행,건조,맑음,단일로 - 기타,자전거,남,51-60세,상해없음,보행자,남,12세 이하,부상신고
2014083000100352,2014년 8월,토요일,서울특별시 광진구 구의동,중상사고,0,1,0,0,차대사람 - 기타,기타,건조,맑음,단일로 - 횡단보도상,자전거,남,65세 이상,상해없음,보행자,여,51-60세,중상
2.01408E+15,2014년 8월,토요일,서울특별시 광진구 자양동,중상사고,0,1,2,2,차대차 - 추돌,안전거리미확보,건조,맑음,단일로 - 기타,승용,남,51-60세,상해없음,승용,여,21-30세,중상
2014083000100733,2014년 8월,토요일,서울특별시 광진구 자양동,경상사고,0,0,1,0,차대차 - 기타,기타,건조,맑음,단일로 - 기타,승용,남,51-60세,상해없음,원동기,남,13-20세,경상
2014083100100036,2014년 8월,일요일,서울특별시 광진구 자양동,중상사고,0,1,6,0,차대차 - 충돌,안전거리미확보,건조,맑음,교차로 - 교차로부근,승합,남,31-40세,상해없음,원동기,남,13-20세,중상
2.01408E+15,2014년 8월,일요일,서울특별시 광진구 구의동,경상사고,0,0,1,0,차대차 - 기타,안전운전불이행,건조,맑음,교차로 - 교차로부근,승용,남,51-60세,상해없음,화물,기타불명,기타불명,기타불명
2014083100100395,2014년 8월,일요일,서울특별시 광진구 자양동,경상사고,0,0,1,0,차대차 - 기타,신호위반,건조,맑음,교차로 - 교차로안,승용,남,65세 이상,상해없음,승용,남,51-60세,경상
2014083100100495,2014년 8월,일요일,서울특별시 광진구 중곡동,중상사고,0,1,0,0,차대차 - 기타,안전거리미확보,건조,맑음,단일로 - 기타,승용,남,51-60세,상해없음,화물,남,61-64세,중상
2014090100100218,2014년 9월,월요일,서울특별시 광진구 능동,경상사고,0,0,1,0,차대차 - 충돌,신호위반,건조,맑음,단일로 - 기타,승용,여,51-60세,상해없음,원동기,남,21-30세,경상
2014090100100385,2014년 9월,월요일,서울특별시 광진구 중곡동,중상사고,0,1,0,0,차대사람 - 기타,안전운전불이행,건조,맑음,단일로 - 기타,승용,여,31-40세,상해없음,보행자,남,65세 이상,중상
2014090100100672,2014년 9월,월요일,서울특별시 광진구 자양동,경상사고,0,0,1,0,차대차 - 기타,안전운전불이행,건조,맑음,단일로 - 횡단보도상,승용,남,51-60세,상해없음,자전거,남,12세 이하,경상
2014090200100224,2014년 9월,화요일,서울특별시 광진구 중곡동,중상사고,0,1,0,0,차대사람 - 기타,안전운전불이행,건조,맑음,단일로 - 기타,승합,남,51-60세,상해없음,보행자,여,51-60세,중상
2.01409E+15,2014년 9월,화요일,서울특별시 광진구 자양동,경상사고,0,0,1,0,차대차 - 추돌,안전운전불이행,건조,맑음,교차로 - 교차로부근,승용,남,31-40세,상해없음,승용,남,31-40세,경상
2014090200100399,2014년 9월,화요일,서울특별시 광진구 중곡동,경상사고,0,0,1,0,차대차 - 기타,안전운전불이행,건조,맑음,단일로 - 기타,승합,남,41-50세,상해없음,승용,남,31-40세,경상
2.01409E+15,2014년 9월,화요일,서울특별시 광진구 화양동,경상사고,0,0,1,0,차대차 - 추돌,교차로운행방법위반,건조,맑음,교차로 - 교차로안,원동기,남,21-30세,경상,승용,여,61-64세,상해없음
2014090200100482,2014년 9월,화요일,서울특별시 광진구 중곡동,경상사고,0,0,1,0,차대사람 - 기타,안전운전불이행,습기,비,단일로 - 기타,화물,남,65세 이상,상해없음,보행자,여,51-60세,경상
2014090200100483,2014년 9월,화요일,서울특별시 광진구 자양동,중상사고,0,1,0,0,차대차 - 기타,신호위반,건조,맑음,교차로 - 교차로안,승합,남,51-60세,상해없음,원동기,남,31-40세,중상
2014090200100538,2014년 9월,화요일,서울특별시 광진구 자양동,경상사고,0,0,1,0,차대차 - 충돌,안전운전불이행,습기,비,단일로 - 기타,승용,남,51-60세,상해없음,승용,여,41-50세,경상
2014090200100723,2014년 9월,화요일,서울특별시 광진구 광장동,중상사고,0,1,0,0,차대차 - 기타,안전운전불이행,습기,맑음,단일로 - 기타,승용,여,61-64세,상해없음,원동기,남,51-60세,중상
2014090200100777,2014년 9월,화요일,서울특별시 광진구 중곡동,사망사고,1,0,0,0,차대사람 - 횡단중,과속,습기,비,단일로 - 기타,승용,남,31-40세,상해없음,보행자,남,31-40세,사망
2014090300100102,2014년 9월,수요일,서울특별시 광진구 군자동,경상사고,0,0,1,0,차량단독 - 충돌,안전운전불이행,습기,흐림,단일로 - 기타,승용,남,31-40세,상해없음,,,,
2014090300100113,2014년 9월,수요일,서울특별시 광진구 구의동,중상사고,0,1,0,0,차대사람 - 기타,안전운전불이행,건조,맑음,단일로 - 기타,승용,기타불명,기타불명,기타불명,보행자,남,51-60세,중상
2.01409E+15,2014년 9월,수요일,서울특별시 광진구 구의동,중상사고,0,1,0,0,차대차 - 기타,신호위반,습기,맑음,교차로 - 교차로안,승합,남,41-50세,상해없음,승용,여,51-60세,중상
2014090300100602,2014년 9월,수요일,서울특별시 광진구 구의동,경상사고,0,0,1,0,차대사람 - 기타,안전운전불이행,건조,맑음,단일로 - 기타,화물,남,41-50세,상해없음,보행자,여,65세 이상,경상
2014090300100642,2014년 9월,수요일,서울특별시 광진구 중곡동,경상사고,0,0,1,0,차대차 - 추돌,안전운전불이행,건조,맑음,단일로 - 기타,승용,여,41-50세,상해없음,승용,남,51-60세,경상
2014090400100025,2014년 9월,목요일,서울특별시 광진구 화양동,부상신고사고,0,0,0,1,차대사람 - 횡단중,신호위반,건조,맑음,교차로 - 교차로부근,승용,남,51-60세,상해없음,보행자,남,41-50세,부상신고
2014090400100202,2014년 9월,목요일,서울특별시 광진구 중곡동,경상사고,0,0,3,0,차대차 - 추돌,안전운전불이행,건조,맑음,교차로 - 교차로부근,승합,남,51-60세,상해없음,화물,남,31-40세,기타불명
2014090400100231,2014년 9월,목요일,서울특별시 광진구 중곡동,중상사고,0,1,0,0,차대차 - 기타,안전운전불이행,건조,맑음,교차로 - 교차로안,화물,남,65세 이상,상해없음,기타불명,여,65세 이상,중상
2014090400100654,2014년 9월,목요일,서울특별시 광진구 구의동,경상사고,0,0,1,0,차대사람 - 기타,신호위반,건조,맑음,단일로 - 기타,원동기,남,41-50세,상해없음,보행자,여,31-40세,경상
2014090400100655,2014년 9월,목요일,서울특별시 광진구 중곡동,경상사고,0,0,1,0,차량단독 - 기타,안전운전불이행,건조,맑음,단일로 - 기타,승합,남,41-50세,상해없음,,,,
2014090500100491,2014년 9월,금요일,서울특별시 광진구 군자동,중상사고,0,1,0,0,차대사람 - 횡단중,안전운전불이행,건조,맑음,교차로 - 교차로부근,화물,남,31-40세,상해없음,보행자,여,65세 이상,중상
2014090500100544,2014년 9월,금요일,서울특별시 광진구 군자동,경상사고,0,0,5,0,차대차 - 추돌,안전운전불이행,건조,맑음,단일로 - 기타,승용,여,31-40세,상해없음,승용,여,41-50세,경상
2014090500100662,2014년 9월,금요일,서울특별시 광진구 화양동,부상신고사고,0,0,0,2,차대차 - 추돌,안전운전불이행,건조,맑음,단일로 - 기타,승용,남,31-40세,상해없음,승용,남,51-60세,부상신고
2014090500100663,2014년 9월,금요일,서울특별시 광진구 자양동,경상사고,0,0,1,0,차대차 - 기타,안전운전불이행,건조,맑음,단일로 - 기타,승용,남,41-50세,상해없음,원동기,남,21-30세,경상
2014090500100812,2014년 9월,금요일,서울특별시 광진구 자양동,경상사고,0,0,1,0,차대차 - 기타,안전운전불이행,습기,맑음,단일로 - 기타,승용,여,31-40세,상해없음,승용,남,31-40세,경상
2014090500100813,2014년 9월,금요일,서울특별시 광진구 중곡동,중상사고,0,1,0,0,차량단독 - 기타,안전운전불이행,건조,맑음,교차로 - 교차로부근,승합,남,51-60세,상해없음,,,,
2014090600100094,2014년 9월,토요일,서울특별시 광진구 광장동,중상사고,0,1,0,0,차량단독 - 기타,안전운전불이행,건조,맑음,단일로 - 기타,승용,남,31-40세,중상,,,,
2014090600100111,2014년 9월,토요일,서울특별시 광진구 자양동,경상사고,0,0,2,0,차대차 - 추돌,안전운전불이행,건조,맑음,단일로 - 기타,승용,여,41-50세,경상,승용,남,41-50세,경상
2014090600100531,2014년 9월,토요일,서울특별시 광진구 중곡동,중상사고,0,2,0,0,차대차 - 충돌,중앙선침범,건조,맑음,단일로 - 기타,승용,남,41-50세,상해없음,원동기,남,13-20세,중상
2014090700100113,2014년 9월,일요일,서울특별시 광진구 광장동,경상사고,0,0,1,0,차대차 - 추돌,안전운전불이행,건조,맑음,교차로 - 교차로부근,승용,남,31-40세,경상,승합,남,51-60세,상해없음
2014090700100114,2014년 9월,일요일,서울특별시 광진구 능동,중상사고,0,1,0,0,차대차 - 충돌,안전운전불이행,건조,맑음,단일로 - 기타,승용,남,51-60세,상해없음,원동기,남,41-50세,중상
2014090800100057,2014년 9월,월요일,서울특별시 광진구 중곡동,경상사고,0,0,2,0,차대차 - 충돌,안전거리미확보,건조,맑음,단일로 - 기타,승용,남,65세 이상,상해없음,승용,남,51-60세,경상
2.01409E+15,2014년 9월,월요일,서울특별시 광진구 자양동,중상사고,0,1,2,0,차대차 - 추돌,안전거리미확보,건조,맑음,교차로 - 교차로안,승용,여,21-30세,상해없음,승용,여,31-40세,중상
2014090900100108,2014년 9월,화요일,서울특별시 광진구 구의동,중상사고,0,1,0,0,차대사람 - 보도통행중,신호위반,건조,맑음,단일로 - 기타,승용,남,65세 이상,상해없음,보행자,여,21-30세,중상
2014091000100015,2014년 9월,수요일,서울특별시 광진구 능동,부상신고사고,0,0,0,1,차대차 - 충돌,안전운전불이행,건조,맑음,단일로 - 기타,원동기,남,31-40세,부상신고,화물,남,31-40세,상해없음