사고번호,발생년월,요일,시군구,사고내용,사망자수,중상자수,경상자수,부상신고자수,사고유형,법규위반,노면상태,기상상태,도로형태,가해운전자 차종,가해운전자 성별,가해운전자 연령대,가해운전자 상해정도,피해운전자 차종,피해운전자 성별,피해운전자 연령대,피해운전자 상해정도
2014120600100545,2014년 12월,토요일,서울특별시 광진구 군자동,중상사고,0,1,1,0,차대차 - 기타,중앙선침범,건조,맑음,단일로 - 기타,승용,남,31-40세,상해없음,원동기,남,41-50세,경상
2014120600100585,2014년 12월,토요일,서울특별시 광진구 광장동,경상사고,0,0,1,0,차대차 - 추돌,안전거리미확보,건조,맑음,단일로 - 기타,승용,남,41-50세,상해없음,승용,남,65세 이상,상해없음
2014120700100276,2014년 12월,일요일,서울특별시 광진구 중곡동,중상사고,0,1,0,0,차대차 - 기타,안전운전불이행,건조,맑음,단일로 - 기타,원동기,여,21-30세,중상,승용,남,21-30세,상해없음
2014120800100069,2014년 12월,월요일,서울특별시 광진구 중곡동,중상사고,0,1,0,0,차대차 - 추돌,안전거리미확보,건조,맑음,단일로 - 기타,승용,남,65세 이상,상해없음,승합,남,41-50세,기타불명
2014120800100622,2014년 12월,월요일,서울특별시 광진구 화양동,중상사고,0,1,0,0,차대차 - 기타,안전운전불이행,건조,맑음,단일로 - 기타,원동기,남,41-50세,중상,승용,남,31-40세,상해없음
2014120800100653,2014년 12월,월요일,서울특별시 광진구 구의동,중상사고,0,1,0,0,차대사람 - 차도통행중,안전운전불이행,건조,맑음,단일로 - 기타,승용,남,41-50세,상해없음,보행자,남,21-30세,중상
2014120900100001,2014년 12월,화요일,서울특별시 광진구 자양동,경상사고,0,0,2,0,차대차 - 추돌,안전운전불이행,건조,맑음,교차로 - 교차로부근,승용,남,41-50세,상해없음,승용,남,51-60세,경상
2014120900100052,2014년 12월,화요일,서울특별시 광진구 화양동,경상사고,0,0,1,0,차대사람 - 보도통행중,기타,건조,맑음,단일로 - 기타,원동기,남,21-30세,상해없음,보행자,여,21-30세,경상
2014120900100183,2014년 12월,화요일,서울특별시 광진구 군자동,중상사고,0,1,0,0,차대사람 - 기타,안전운전불이행,건조,맑음,단일로 - 기타,승합,남,65세 이상,상해없음,보행자,여,51-60세,중상
2014120900100248,2014년 12월,화요일,서울특별시 광진구 화양동,경상사고,0,0,1,0,차대차 - 추돌,교차로운행방법위반,건조,맑음,교차로 - 교차로안,원동기,남,31-40세,경상,원동기,남,41-50세,상해없음
2014120900100637,2014년 12월,화요일,서울특별시 광진구 중곡동,경상사고,0,0,1,0,차대차 - 기타,안전거리미확보,건조,맑음,단일로 - 기타,승용,여,41-50세,상해없음,원동기,남,41-50세,경상
2014120900100671,2014년 12월,화요일,서울특별시 광진구 중곡동,경상사고,0,0,1,0,차대차 - 추돌,신호위반,건조,맑음,단일로 - 횡단보도상,승용,남,51-60세,상해없음,자전거,여,51-60세,경상
2014120900100672,2014년 12월,화요일,서울특별시 광진구 중곡동,경상사고,0,0,1,0,차대차 - 추돌,안전거리미확보,건조,맑음,단일로 - 기타,승용,남,51-60세,상해없음,승용,여,51-60세,경상
2014121000100071,2014년 12월,수요일,서울특별시 광진구 중곡동,경상사고,0,0,1,0,차대차 - 충돌,안전거리미확보,건조,맑음,단일로 - 기타,승용,남,61-64세,상해없음,승용,남,41-50세,경상
2014121000100405,2014년 12월,수요일,서울특별시 광진구 구의동,중상사고,0,1,0,0,차대차 - 기타,중앙선침범,습기,흐림,교차로 - 교차로부근,승용,남,41-50세,상해없음,원동기,남,21-30세,중상
2.01412E+15,2014년 12월,수요일,서울특별시 광진구 광장동,중상사고,0,1,0,0,차대차 - 추돌,안전거리미확보,건조,맑음,단일로 - 기타,승용,남,21-30세,상해없음,원동기,남,51-60세,중상
2014121000100677,2014년 12월,수요일,서울특별시 광진구 능동,중상사고,0,1,0,0,차대사람 - 기타,안전운전불이행,습기,비,단일로 - 기타,승용,남,65세 이상,상해없음,보행자,남,51-60세,중상
2014121000100678,2014년 12월,수요일,서울특별시 광진구 중곡동,부상신고사고,0,0,0,1,차대차 - 추돌,안전거리미확보,습기,비,단일로 - 기타,승용,여,31-40세,상해없음,승용,여,65세 이상,부상신고
2014121000100721,2014년 12월,수요일,서울특별시 광진구 중곡동,경상사고,0,0,1,0,차대차 - 추돌,안전거리미확보,습기,비,단일로 - 기타,승용,남,41-50세,상해없음,승용,남,31-40세,경상
2014121100100048,2014년 12월,목요일,서울특별시 광진구 화양동,경상사고,0,0,2,0,차대차 - 기타,안전거리미확보,건조,맑음,단일로 - 기타,승용,남,31-40세,상해없음,승용,남,65세 이상,경상
2014121100100238,2014년 12월,목요일,서울특별시 광진구 화양동,경상사고,0,0,1,0,차대차 - 충돌,안전운전불이행,건조,맑음,단일로 - 기타,승용,남,31-40세,상해없음,이륜,남,21-30세,경상
2014121100100269,2014년 12월,목요일,서울특별시 광진구 중곡동,중상사고,0,1,0,0,차대사람 - 기타,안전운전불이행,건조,맑음,단일로 - 기타,원동기,남,41-50세,상해없음,보행자,남,21-30세,중상
2014121100100343,2014년 12월,목요일,서울특별시 광진구 자양동,부상신고사고,0,0,0,1,차대차 - 기타,안전운전불이행,건조,맑음,교차로 - 교차로안,원동기,남,20세 이하,부상신고,승용,여,51-60세,상해없음
2014121100100542,2014년 12월,목요일,서울특별시 광진구 구의동,경상사고,0,0,3,0,차대차 - 추돌,안전운전불이행,건조,맑음,단일로 - 기타,승용,남,51-60세,상해없음,승합,남,31-40세,경상
2014121200100039,2014년 12월,금요일,서울특별시 광진구 화양동,경상사고,0,0,1,0,차대차 - 추돌,안전운전불이행,건조,맑음,단일로 - 기타,승용,남,41-50세,상해없음,승용,남,51-60세,경상
2014121200100078,2014년 12월,금요일,서울특별시 광진구 광장동,경상사고,0,0,1,0,차대차 - 충돌,신호위반,건조,맑음,교차로 - 교차로안,승용,남,41-50세,상해없음,승용,남,41-50세,경상
2.01412E+15,2014년 12월,금요일,서울특별시 광진구 자양동,중상사고,0,1,0,0,차대사람 - 기타,안전운전불이행,습기,눈,교차로 - 교차로안,승용,남,31-40세,상해없음,보행자,남,12세 이하,중상
2014121300100005,2014년 12월,토요일,서울특별시 광진구 중곡동,경상사고,0,0,2,0,차대차 - 기타,안전거리미확보,건조,맑음,단일로 - 기타,승용,남,61-64세,상해없음,승합,남,41-50세,경상
2014121300100006,2014년 12월,토요일,서울특별시 광진구 중곡동,경상사고,0,0,2,0,차대차 - 충돌,중앙선침범,습기,눈,교차로 - 교차로부근,승용,남,51-60세,상해없음,승용,남,31-40세,경상
2014121300100007,2014년 12월,토요일,서울특별시 광진구 화양동,경상사고,0,0,1,0,차대차 - 충돌,안전운전불이행,건조,맑음,교차로 - 교차로부근,승용,남,41-50세,상해없음,승용,여,41-50세,경상
2014121300100041,2014년 12월,토요일,서울특별시 광진구 중곡동,경상사고,0,0,1,0,차대사람 - 횡단중,안전운전불이행,건조,맑음,단일로 - 기타,승용,여,41-50세,상해없음,보행자,남,31-40세,경상
2014121300100664,2014년 12월,토요일,서울특별시 광진구 중곡동,경상사고,0,0,1,0,차대차 - 추돌,안전거리미확보,건조,맑음,단일로 - 기타,승용,남,61-64세,상해없음,원동기,남,31-40세,경상
2014121300100665,2014년 12월,토요일,서울특별시 광진구 자양동,경상사고,0,0,2,0,차대차 - 충돌,안전운전불이행,건조,맑음,교차로 - 교차로안,승용,남,51-60세,상해없음,승용,남,21-30세,경상
2014121400100138,2014년 12월,일요일,서울특별시 광진구 광장동,중상사고,0,1,0,0,차량단독 - 기타,안전운전불이행,건조,맑음,단일로 - 기타,승용,남,51-60세,상해없음,,,,
2014121500100171,2014년 12월,월요일,서울특별시 광진구 화양동,중상사고,0,1,0,0,차대차 - 기타,중앙선침범,건조,맑음,단일로 - 기타,자전거,남,65세 이상,중상,승용,남,51-60세,상해없음
2014121500100256,2014년 12월,월요일,서울특별시 광진구 군자동,중상사고,0,1,0,0,차대사람 - 횡단중,안전운전불이행,습기,비,교차로 - 교차로부근,승용,여,21-30세,상해없음,보행자,여,65세 이상,중상
2014121500100287,2014년 12월,월요일,서울특별시 광진구 중곡동,중상사고,0,1,0,0,차대사람 - 횡단중,보행자보호의무위반,기타,눈,교차로 - 교차로안,승합,남,65세 이상,상해없음,보행자,여,65세 이상,중상
2014121500100656,2014년 12월,월요일,서울특별시 광진구 중곡동,경상사고,0,0,1,0,차대사람 - 횡단중,안전운전불이행,건조,맑음,교차로 - 교차로안,승용,여,51-60세,상해없음,보행자,여,21-30세,경상
2014121600100096,2014년 12월,화요일,서울특별시 광진구 중곡동,경상사고,0,0,1,0,차대차 - 추돌,안전운전불이행,건조,맑음,단일로 - 기타,승용,남,31-40세,상해없음,승합,남,51-60세,경상
2014121600100174,2014년 12월,화요일,서울특별시 광진구 구의동,중상사고,0,1,1,1,차대차 - 기타,신호위반,건조,맑음,교차로 - 교차로안,승용,남,20세 이하,부상신고,승용,남,51-60세,중상
2.01412E+15,2014년 12월,화요일,서울특별시 광진구 자양동,중상사고,0,1,0,0,차대사람 - 횡단중,안전운전불이행,건조,맑음,단일로 - 기타,화물,남,51-60세,상해없음,보행자,남,41-50세,중상
2014121600100567,2014년 12월,화요일,서울특별시 광진구 중곡동,중상사고,0,1,0,0,차대사람 - 횡단중,보행자보호의무위반,습기,흐림,교차로 - 교차로부근,승용,남,61-64세,상해없음,보행자,여,31-40세,중상
2014121700100206,2014년 12월,수요일,서울특별시 광진구 화양동,부상신고사고,0,0,0,2,차대차 - 추돌,안전운전불이행,건조,맑음,단일로 - 기타,승용,남,21-30세,부상신고,승용,남,51-60세,상해없음
2014121700100234,2014년 12월,수요일,서울특별시 광진구 광장동,중상사고,0,1,0,0,차대사람 - 횡단중,보행자보호의무위반,건조,맑음,단일로 - 횡단보도상,승용,남,31-40세,상해없음,보행자,남,12세 이하,중상
2014121800100085,2014년 12월,목요일,서울특별시 광진구 자양동,경상사고,0,0,1,0,차대사람 - 기타,안전운전불이행,건조,맑음,교차로 - 교차로안,화물,남,51-60세,상해없음,보행자,여,31-40세,경상
2014121800100289,2014년 12월,목요일,서울특별시 광진구 자양동,중상사고,0,1,0,0,차대차 - 기타,신호위반,건조,맑음,교차로 - 교차로안,자전거,여,51-60세,중상,승합,남,65세 이상,상해없음
2014121800100347,2014년 12월,목요일,서울특별시 광진구 중곡동,경상사고,0,0,1,0,차대사람 - 기타,안전운전불이행,건조,맑음,단일로 - 기타,화물,남,31-40세,상해없음,보행자,여,41-50세,경상
2014121900100294,2014년 12월,금요일,서울특별시 광진구 자양동,경상사고,0,0,1,0,차대차 - 기타,안전운전불이행,건조,맑음,단일로 - 기타,승용,남,51-60세,상해없음,승용,여,41-50세,경상
2014122000100284,2014년 12월,토요일,서울특별시 광진구 화양동,경상사고,0,0,3,0,차대차 - 추돌,안전운전불이행,건조,맑음,단일로 - 기타,승용,남,65세 이상,상해없음,승용,남,65세 이상,경상
2014122000100378,2014년 12월,토요일,서울특별시 광진구 자양동,중상사고,0,1,0,0,차대차 - 추돌,안전운전불이행,건조,맑음,단일로 - 기타,승용,남,31-40세,상해없음,승용,남,41-50세,중상
2014122000100438,2014년 12월,토요일,서울특별시 광진구 광장동,경상사고,0,0,2,0,차대차 - 충돌,신호위반,건조,맑음,교차로 - 교차로부근,승용,남,20세 이하,상해없음,승용,남,51-60세,경상
2014122000100759,2014년 12월,토요일,서울특별시 광진구 구의동,경상사고,0,0,2,0,차대차 - 충돌,안전운전불이행,건조,맑음,교차로 - 교차로부근,승용,남,51-60세,상해없음,승용,남,51-60세,경상
2014122100100198,2014년 12월,일요일,서울특별시 광진구 중곡동,경상사고,0,0,2,0,차대차 - 추돌,안전거리미확보,건조,맑음,단일로 - 기타,승용,남,41-50세,상해없음,승용,남,61-64세,경상
2014122200100061,2014년 12월,월요일,서울특별시 광진구 광장동,중상사고,0,1,3,0,차대차 - 추돌,안전운전불이행,습기,눈,단일로 - 기타,건설기계,남,51-60세,상해없음,승용,여,41-50세,경상
2014122200100157,2014년 12월,월요일,서울특별시 광진구 자양동,경상사고,0,0,1,0,차대차 - 충돌,신호위반,건조,맑음,교차로 - 교차로안,화물,남,31-40세,상해없음,원동기,남,21-30세,경상
2014122200100396,2014년 12월,월요일,서울특별시 광진구 중곡동,중상사고,0,1,0,0,차대사람 - 기타,안전운전불이행,건조,맑음,단일로 - 기타,화물,남,51-60세,상해없음,보행자,남,41-50세,중상
2014122200100397,2014년 12월,월요일,서울특별시 광진구 중곡동,경상사고,0,0,1,0,차대차 - 충돌,안전거리미확보,건조,맑음,단일로 - 기타,승용,남,61-64세,상해없음,승용,남,41-50세,경상
2014122300100086,2014년 12월,화요일,서울특별시 광진구 군자동,중상사고,0,1,0,0,차대사람 - 횡단중,안전운전불이행,건조,맑음,단일로 - 기타,승용,여,51-60세,상해없음,보행자,여,65세 이상,중상
2014122300100087,2014년 12월,화요일,서울특별시 광진구 구의동,경상사고,0,0,2,0,차대차 - 추돌,안전거리미확보,건조,맑음,단일로 - 기타,승용,남,51-60세,상해없음,승용,남,51-60세,경상
2014122300100232,2014년 12월,화요일,서울특별시 광진구 구의동,경상사고,0,0,1,1,차대차 - 충돌,안전운전불이행,건조,맑음,교차로 - 교차로안,승용,남,65세 이상,상해없음,승용,남,51-60세,경상
2014122300100318,2014년 12월,화요일,서울특별시 광진구 화양동,경상사고,0,0,1,0,차대사람 - 기타,안전운전불이행,건조,맑음,단일로 - 기타,승용,남,65세 이상,상해없음,보행자,남,31-40세,경상
2014122300100342,2014년 12월,화요일,서울특별시 광진구 중곡동,경상사고,0,0,2,0,차대차 - 충돌,안전거리미확보,건조,맑음,단일로 - 기타,승용,남,51-60세,경상,승합,남,61-64세,경상
2014122300100367,2014년 12월,화요일,서울특별시 광진구 화양동,경상사고,0,0,1,0,차대차 - 충돌,신호위반,결빙,맑음,단일로 - 횡단보도상,승용,남,65세 이상,상해없음,이륜,남,31-40세,경상
2014122300100415,2014년 12월,화요일,서울특별시 광진구 중곡동,경상사고,0,0,1,0,차대차 - 추돌,안전거리미확보,건조,맑음,단일로 - 기타,승용,여,31-40세,상해없음,이륜,남,51-60세,경상
2014122300100628,2014년 12월,화요일,서울특별시 광진구 구의동,경상사고,0,0,1,0,차대사람 - 횡단중,보행자보호의무위반,건조,맑음,교차로 - 교차로부근,승용,남,41-50세,상해없음,보행자,남,13-20세,경상
2014122400100028,2014년 12월,수요일,서울특별시 광진구 중곡동,중상사고,0,1,0,0,차대차 - 추돌,안전운전불이행,건조,맑음,단일로 - 기타,승용,남,51-60세,상해없음,승용,남,41-50세,중상
2014122400100178,2014년 12월,수요일,서울특별시 광진구 구의동,중상사고,0,1,0,0,차대차 - 충돌,안전운전불이행,건조,맑음,교차로 - 교차로부근,승용,남,51-60세,상해없음,원동기,남,65세 이상,중상
2014122400100258,2014년 12월,수요일,서울특별시 광진구 자양동,중상사고,0,1,0,0,차대사람 - 기타,안전운전불이행,건조,맑음,교차로 - 교차로부근,화물,남,31-40세,상해없음,보행자,남,65세 이상,중상
2014122400100328,2014년 12월,수요일,서울특별시 광진구 중곡동,경상사고,0,0,1,0,차대차 - 기타,기타,건조,맑음,단일로 - 기타,승합,남,65세 이상,상해없음,원동기,남,41-50세,경상
2014122400100444,2014년 12월,수요일,서울특별시 광진구 군자동,중상사고,0,1,0,0,차대사람 - 기타,안전운전불이행,건조,맑음,단일로 - 기타,승용,남,31-40세,상해없음,보행자,남,61-64세,중상
2014122400100523,2014년 12월,수요일,서울특별시 광진구 중곡동,경상사고,0,0,2,1,차대차 - 추돌,안전거리미확보,결빙,흐림,단일로 - 기타,승용,남,51-60세,상해없음,승용,남,31-40세,경상
2014122500100051,2014년 12월,목요일,서울특별시 광진구 화양동,중상사고,0,1,0,0,차대사람 - 횡단중,보행자보호의무위반,건조,맑음,교차로 - 교차로안,승용,남,21-30세,상해없음,보행자,남,21-30세,중상
2014122600100315,2014년 12월,금요일,서울특별시 광진구 광장동,중상사고,0,1,0,0,차대차 - 추돌,기타,건조,맑음,단일로 - 기타,화물,남,41-50세,상해없음,이륜,남,51-60세,중상
2014122700100067,2014년 12월,토요일,서울특별시 광진구 광장동,경상사고,0,0,1,0,차대차 - 추돌,안전운전불이행,건조,맑음,단일로 - 기타,승용,남,51-60세,상해없음,승용,여,51-60세,경상
2014122700100104,2014년 12월,토요일,서울특별시 광진구 광장동,경상사고,0,0,1,0,차량단독 - 충돌,안전운전불이행,건조,맑음,단일로 - 기타,승용,남,51-60세,상해없음,,,,
2014122900100016,2014년 12월,월요일,서울특별시 광진구 군자동,경상사고,0,0,2,0,차대차 - 추돌,안전거리미확보,건조,맑음,교차로 - 교차로부근,승용,남,51-60세,상해없음,승용,남,51-60세,경상
2.01412E+15,2014년 12월,월요일,서울특별시 광진구 구의동,중상사고,0,1,0,0,차대차 - 기타,안전운전불이행,건조,맑음,단일로 - 기타,승용,남,51-60세,상해없음,승용,남,61-64세,상해없음
2014122900100097,2014년 12월,월요일,서울특별시 광진구 구의동,경상사고,0,0,1,0,차대차 - 추돌,안전거리미확보,건조,맑음,단일로 - 기타,승용,남,51-60세,상해없음,승합,남,51-60세,경상
2014122900100336,2014년 12월,월요일,서울특별시 광진구 자양동,경상사고,0,0,1,0,차대사람 - 기타,안전운전불이행,건조,맑음,단일로 - 기타,이륜,남,41-50세,상해없음,보행자,여,51-60세,경상
2014122900100362,2014년 12월,월요일,서울특별시 광진구 중곡동,경상사고,0,0,1,0,차대차 - 추돌,안전운전불이행,건조,맑음,단일로 - 기타,승용,남,51-60세,상해없음,원동기,남,21-30세,경상
2014122900100512,2014년 12월,월요일,서울특별시 광진구 자양동,부상신고사고,0,0,0,1,차대차 - 기타,중앙선침범,건조,맑음,단일로 - 기타,승용,여,41-50세,상해없음,원동기,남,21-30세,부상신고
2.01412E+15,2014년 12월,화요일,서울특별시 광진구 구의동,경상사고,0,0,1,0,차대사람 - 보도통행중,기타,건조,맑음,단일로 - 기타,자전거,남,20세 이하,상해없음,보행자,남,51-60세,경상
2014123100100325,2014년 12월,수요일,서울특별시 광진구 구의동,경상사고,0,0,1,0,차대차 - 기타,안전거리미확보,건조,맑음,단일로 - 기타,승용,여,51-60세,상해없음,승용,남,31-40세,경상
2014123100100437,2014년 12월,수요일,서울특별시 광진구 자양동,중상사고,0,1,0,0,차대사람 - 보도통행중,보행자보호의무위반,건조,맑음,교차로 - 교차로부근,승용,여,41-50세,상해없음,보행자,여,51-60세,중상
2014123100100623,2014년 12월,수요일,서울특별시 광진구 자양동,경상사고,0,0,2,0,차대차 - 기타,안전거리미확보,건조,흐림,미분류 - 미분류,승용,남,31-40세,상해없음,승용,남,31-40세,경상
2015010100100141,2015년 1월,목요일,서울특별시 광진구 화양동,경상사고,0,0,2,0,차대차 - 기타,안전거리미확보,건조,맑음,단일로 - 기타,승용,남,65세 이상,상해없음,승용,남,41-50세,상해없음
2015010200100171,2015년 1월,금요일,서울특별시 광진구 자양동,경상사고,0,0,2,0,차대차 - 기타,안전운전불이행,건조,맑음,단일로 - 기타,승용,남,31-40세,상해없음,승용,남,51-60세,경상
2015010200100218,2015년 1월,금요일,서울특별시 광진구 자양동,중상사고,0,1,0,0,차대사람 - 기타,안전운전불이행,건조,맑음,단일로 - 기타,승용,남,65세 이상,상해없음,보행자,남,21-30세,중상
2015010200100242,2015년 1월,금요일,서울특별시 광진구 자양동,경상사고,0,0,1,0,차대차 - 충돌,안전운전불이행,건조,맑음,교차로 - 교차로안,화물,남,41-50세,상해없음,자전거,여,41-50세,경상
2015010200100462,2015년 1월,금요일,서울특별시 광진구 화양동,중상사고,0,1,0,0,차대사람 - 기타,안전운전불이행,건조,맑음,기타 - 기타,승용,남,21-30세,상해없음,보행자,여,41-50세,중상
2015010300100168,2015년 1월,토요일,서울특별시 광진구 광장동,중상사고,0,1,0,0,차대차 - 충돌,안전운전불이행,건조,맑음,교차로 - 교차로부근,자전거,남,65세 이상,중상,승용,여,41-50세,상해없음
2015010300100203,2015년 1월,토요일,서울특별시 광진구 중곡동,중상사고,0,1,0,0,차대사람 - 기타,안전운전불이행,건조,맑음,단일로 - 기타,화물,남,51-60세,상해없음,보행자,남,65세 이상,중상
2015010300100334,2015년 1월,토요일,서울특별시 광진구 구의동,경상사고,0,0,1,0,차대사람 - 기타,안전운전불이행,건조,맑음,단일로 - 기타,승용,남,41-50세,기타불명,보행자,여,65세 이상,경상
2015010300100422,2015년 1월,토요일,서울특별시 광진구 중곡동,경상사고,0,0,1,0,차대사람 - 차도통행중,신호위반,건조,맑음,단일로 - 기타,원동기,남,20세 이하,상해없음,보행자,남,51-60세,경상
2015010300100445,2015년 1월,토요일,서울특별시 광진구 중곡동,경상사고,0,0,2,0,차대차 - 추돌,안전거리미확보,습기,맑음,단일로 - 기타,승용,남,51-60세,상해없음,승용,남,31-40세,경상
2015010300100492,2015년 1월,토요일,서울특별시 광진구 중곡동,경상사고,0,0,1,0,차대차 - 기타,안전운전불이행,건조,맑음,단일로 - 기타,승용,여,51-60세,상해없음,승용,남,41-50세,상해없음
2015010300100493,2015년 1월,토요일,서울특별시 광진구 자양동,중상사고,0,1,2,1,차대차 - 충돌,안전운전불이행,건조,맑음,교차로 - 교차로안,승용,남,51-60세,부상신고,원동기,남,21-30세,중상
2015010400100364,2015년 1월,일요일,서울특별시 광진구 구의동,경상사고,0,0,1,0,차대차 - 추돌,안전거리미확보,건조,맑음,단일로 - 기타,승용,남,41-50세,상해없음,이륜,남,13-20세,경상
2015010500100092,2015년 1월,월요일,서울특별시 광진구 중곡동,경상사고,0,0,3,2,차대차 - 추돌,안전거리미확보,건조,맑음,교차로 - 교차로부근,승용,남,51-60세,상해없음,화물,남,65세 이상,경상
2015010500100165,2015년 1월,월요일,서울특별시 광진구 자양동,부상신고사고,0,0,0,1,차대차 - 기타,안전거리미확보,건조,맑음,단일로 - 기타,승용,남,51-60세,상해없음,승용,여,51-60세,부상신고
2015010500100203,2015년 1월,월요일,서울특별시 광진구 중곡동,중상사고,0,1,0,0,차대사람 - 횡단중,안전운전불이행,건조,맑음,교차로 - 교차로안,화물,기타불명,기타불명,기타불명,보행자,여,65세 이상,중상
2015010600100141,2015년 1월,화요일,서울특별시 광진구 구의동,부상신고사고,0,0,0,1,차대차 - 기타,안전거리미확보,건조,맑음,교차로 - 교차로안,승용,남,51-60세,상해없음,승용,여,31-40세,부상신고
2015010700100002,2015년 1월,수요일,서울특별시 광진구 중곡동,경상사고,0,0,1,0,차대차 - 추돌,안전운전불이행,건조,맑음,단일로 - 기타,승용,남,41-50세,상해없음,승용,남,51-60세,경상
2015010700100054,2015년 1월,수요일,서울특별시 광진구 자양동,경상사고,0,0,1,0,차대차 - 기타,안전운전불이행,건조,맑음,단일로 - 기타,승용,남,41-50세,상해없음,승용,남,21-30세,경상
2015010800100101,2015년 1월,목요일,서울특별시 광진구 광장동,경상사고,0,0,1,0,차대차 - 충돌,안전운전불이행,건조,맑음,단일로 - 기타,승용,남,21-30세,상해없음,승용,여,41-50세,경상
2015010900100381,2015년 1월,금요일,서울특별시 광진구 광장동,중상사고,0,2,2,0,차대차 - 추돌,안전운전불이행,건조,맑음,단일로 - 기타,승용,남,51-60세,상해없음,승용,남,41-50세,중상
2015010900100385,2015년 1월,금요일,서울특별시 광진구 화양동,중상사고,0,1,0,0,차대사람 - 횡단중,보행자보호의무위반,건조,맑음,교차로 - 교차로부근,승용,남,41-50세,상해없음,보행자,남,61-64세,중상
2015011000100028,2015년 1월,토요일,서울특별시 광진구 중곡동,경상사고,0,0,1,0,차대차 - 기타,안전거리미확보,건조,맑음,단일로 - 기타,승용,남,31-40세,상해없음,승용,남,51-60세,경상
2.01501E+15,2015년 1월,토요일,서울특별시 광진구 자양동,경상사고,0,0,2,0,차대차 - 기타,안전거리미확보,건조,맑음,단일로 - 교량,승용,남,51-60세,상해없음,원동기,남,21-30세,경상
2015011000100081,2015년 1월,토요일,서울특별시 광진구 화양동,경상사고,0,0,1,0,차대차 - 충돌,안전거리미확보,건조,맑음,단일로 - 기타,승용,남,51-60세,상해없음,승용,남,41-50세,경상
2.01501E+15,2015년 1월,토요일,서울특별시 광진구 중곡동,경상사고,0,0,4,0,차대차 - 추돌,안전운전불이행,건조,맑음,교차로 - 교차로부근,승용,여,65세 이상,상해없음,승용,남,51-60세,경상
2015011000100195,2015년 1월,토요일,서울특별시 광진구 구의동,경상사고,0,0,1,0,차대차 - 기타,안전거리미확보,건조,맑음,단일로 - 기타,승용,남,31-40세,상해없음,승합,남,51-60세,경상
2015011000100349,2015년 1월,토요일,서울특별시 광진구 자양동,중상사고,0,1,0,0,차대사람 - 보도통행중,안전운전불이행,건조,맑음,교차로 - 교차로부근,건설기계,남,51-60세,상해없음,보행자,여,51-60세,중상
2.01501E+15,2015년 1월,일요일,서울특별시 광진구 자양동,중상사고,0,1,4,1,차대차 - 추돌,안전운전불이행,건조,맑음,단일로 - 기타,승용,남,31-40세,부상신고,승용,남,41-50세,경상
2015011100100438,2015년 1월,일요일,서울특별시 광진구 자양동,경상사고,0,0,1,0,차대차 - 충돌,안전운전불이행,건조,맑음,단일로 - 기타,원동기,남,20세 이하,경상,승용,남,41-50세,상해없음
2015011200100074,2015년 1월,월요일,서울특별시 광진구 화양동,중상사고,0,1,0,0,차대차 - 충돌,신호위반,건조,맑음,교차로 - 교차로부근,승용,남,31-40세,상해없음,자전거,여,41-50세,중상
2015011200100216,2015년 1월,월요일,서울특별시 광진구 화양동,경상사고,0,0,1,0,차대차 - 충돌,교차로운행방법위반,건조,맑음,교차로 - 교차로안,승용,남,41-50세,상해없음,승용,남,65세 이상,경상
2015011300100002,2015년 1월,화요일,서울특별시 광진구 자양동,경상사고,0,0,2,0,차대차 - 기타,교차로운행방법위반,건조,맑음,교차로 - 교차로안,승용,남,65세 이상,상해없음,승용,남,41-50세,경상
2015011300100172,2015년 1월,화요일,서울특별시 광진구 자양동,경상사고,0,0,2,0,차대차 - 추돌,차로위반,건조,맑음,단일로 - 교량,승용,여,51-60세,경상,승용,여,51-60세,경상
2015011400100476,2015년 1월,수요일,서울특별시 광진구 광장동,중상사고,0,1,0,0,차대차 - 추돌,안전운전불이행,건조,맑음,단일로 - 기타,승용,남,41-50세,상해없음,승용,남,21-30세,중상
2015011600100104,2015년 1월,금요일,서울특별시 광진구 중곡동,경상사고,0,0,1,0,차대사람 - 기타,안전운전불이행,건조,흐림,단일로 - 기타,원동기,남,21-30세,상해없음,보행자,남,61-64세,경상
2015011600100105,2015년 1월,금요일,서울특별시 광진구 자양동,경상사고,0,0,1,0,차대차 - 추돌,안전거리미확보,건조,맑음,단일로 - 기타,승용,남,51-60세,상해없음,승용,남,41-50세,경상
2015011700100073,2015년 1월,토요일,서울특별시 광진구 중곡동,경상사고,0,0,4,0,차대차 - 추돌,안전운전불이행,건조,맑음,교차로 - 교차로부근,승용,남,21-30세,상해없음,승용,남,31-40세,경상
2015011700100074,2015년 1월,토요일,서울특별시 광진구 자양동,경상사고,0,0,1,0,차대사람 - 횡단중,안전운전불이행,건조,맑음,단일로 - 기타,승용,남,41-50세,상해없음,보행자,남,51-60세,경상
2.01501E+15,2015년 1월,토요일,서울특별시 광진구 화양동,경상사고,0,0,1,0,차대차 - 충돌,교차로운행방법위반,건조,맑음,교차로 - 교차로안,화물,남,41-50세,상해없음,승용,남,51-60세,상해없음
2015011700100239,2015년 1월,토요일,서울특별시 광진구 자양동,경상사고,0,0,1,0,차대차 - 기타,안전거리미확보,건조,맑음,단일로 - 기타,화물,남,51-60세,상해없음,승용,남,31-40세,경상