사고번호,발생년월,요일,시군구,사고내용,사망자수,중상자수,경상자수,부상신고자수,사고유형,법규위반,노면상태,기상상태,도로형태,가해운전자 차종,가해운전자 성별,가해운전자 연령대,가해운전자 상해정도,피해운전자 차종,피해운전자 성별,피해운전자 연령대,피해운전자 상해정도
2015041800100443,2015년 4월,토요일,서울특별시 광진구 화양동,중상사고,0,1,0,1,차대사람 - 기타,안전운전불이행,건조,맑음,단일로 - 기타,자전거,남,20세 이하,부상신고,보행자,여,31-40세,중상
2015041800100484,2015년 4월,토요일,서울특별시 광진구 군자동,부상신고사고,0,0,0,1,차대차 - 충돌,신호위반,건조,맑음,교차로 - 교차로안,승용,남,21-30세,상해없음,이륜,남,13-20세,부상신고
2015041800100563,2015년 4월,토요일,서울특별시 광진구 구의동,경상사고,0,0,1,0,차대사람 - 차도통행중,안전운전불이행,건조,흐림,단일로 - 기타,승용,남,51-60세,상해없음,보행자,남,21-30세,경상
2015041800100626,2015년 4월,토요일,서울특별시 광진구 광장동,중상사고,0,1,0,0,차대차 - 충돌,안전운전불이행,건조,맑음,교차로 - 교차로부근,이륜,남,41-50세,중상,승합,남,41-50세,상해없음
2015041900100068,2015년 4월,일요일,서울특별시 광진구 중곡동,중상사고,0,1,0,0,차대사람 - 기타,안전운전불이행,건조,맑음,단일로 - 기타,승용,남,51-60세,상해없음,보행자,남,13-20세,중상
2015041900100104,2015년 4월,일요일,서울특별시 광진구 중곡동,경상사고,0,0,1,0,차대차 - 충돌,중앙선침범,건조,맑음,교차로 - 교차로부근,승용,여,21-30세,상해없음,승용,남,51-60세,경상
2015041900100121,2015년 4월,일요일,서울특별시 광진구 자양동,경상사고,0,0,1,0,차량단독 - 충돌,안전운전불이행,건조,맑음,단일로 - 교량,승용,남,31-40세,경상,,,,
2015041900100151,2015년 4월,일요일,서울특별시 광진구 중곡동,부상신고사고,0,0,0,1,차대차 - 추돌,안전운전불이행,건조,맑음,단일로 - 기타,승용,여,31-40세,상해없음,화물,남,51-60세,부상신고
2015041900100602,2015년 4월,일요일,서울특별시 광진구 구의동,중상사고,0,1,0,0,차대차 - 추돌,안전운전불이행,습기,비,단일로 - 기타,승용,여,31-40세,상해없음,승용,남,31-40세,중상
2015042000100307,2015년 4월,월요일,서울특별시 광진구 중곡동,사망사고,1,0,0,0,차대차 - 충돌,안전거리미확보,건조,맑음,단일로 - 기타,승합,여,41-50세,상해없음,원동기,남,51-60세,사망
2015042100100047,2015년 4월,화요일,서울특별시 광진구 군자동,경상사고,0,0,2,0,차대차 - 추돌,안전운전불이행,건조,맑음,단일로 - 기타,승용,남,21-30세,상해없음,화물,남,31-40세,경상
2015042100100159,2015년 4월,화요일,서울특별시 광진구 중곡동,경상사고,0,0,1,0,차대차 - 충돌,안전운전불이행,건조,맑음,교차로 - 교차로부근,승용,남,51-60세,상해없음,원동기,남,21-30세,경상
2015042100100345,2015년 4월,화요일,서울특별시 광진구 구의동,경상사고,0,0,1,0,차대사람 - 보도통행중,안전운전불이행,건조,맑음,기타 - 기타,자전거,남,51-60세,상해없음,보행자,여,41-50세,경상
2015042100100509,2015년 4월,화요일,서울특별시 광진구 구의동,경상사고,0,0,2,0,차대차 - 추돌,안전거리미확보,건조,맑음,단일로 - 기타,화물,남,41-50세,상해없음,승합,남,51-60세,상해없음
2015042100100615,2015년 4월,화요일,서울특별시 광진구 자양동,중상사고,0,1,0,0,차대차 - 충돌,기타,건조,맑음,교차로 - 교차로부근,승용,남,51-60세,상해없음,이륜,남,13-20세,중상
2015042200100406,2015년 4월,수요일,서울특별시 광진구 군자동,중상사고,0,1,0,0,차대사람 - 횡단중,신호위반,건조,맑음,단일로 - 기타,자전거,남,20세 이하,상해없음,보행자,여,41-50세,중상
2015042200100518,2015년 4월,수요일,서울특별시 광진구 구의동,경상사고,0,0,2,0,차대차 - 충돌,안전운전불이행,건조,맑음,단일로 - 기타,승용,여,61-64세,경상,승용,남,61-64세,기타불명
2015042300100114,2015년 4월,목요일,서울특별시 광진구 중곡동,중상사고,0,1,0,0,차대차 - 추돌,안전거리미확보,건조,맑음,단일로 - 기타,원동기,남,61-64세,중상,승용,남,21-30세,상해없음
2015042300100115,2015년 4월,목요일,서울특별시 광진구 구의동,중상사고,0,1,0,0,차대차 - 충돌,교차로운행방법위반,건조,맑음,교차로 - 교차로안,승용,남,51-60세,상해없음,승용,여,31-40세,중상
2015042300100422,2015년 4월,목요일,서울특별시 광진구 자양동,경상사고,0,0,1,0,차대차 - 기타,안전운전불이행,건조,맑음,단일로 - 기타,승용,남,51-60세,상해없음,승용,여,41-50세,경상
2015042300100587,2015년 4월,목요일,서울특별시 광진구 자양동,경상사고,0,0,1,0,차대차 - 충돌,안전운전불이행,건조,맑음,단일로 - 기타,승용,기타불명,기타불명,기타불명,승합,남,41-50세,상해없음
2.01504E+15,2015년 4월,목요일,서울특별시 광진구 군자동,경상사고,0,0,4,0,차대차 - 추돌,안전운전불이행,건조,맑음,단일로 - 기타,승용,남,31-40세,상해없음,승용,여,51-60세,경상
2015042400100107,2015년 4월,금요일,서울특별시 광진구 화양동,경상사고,0,0,1,0,차대차 - 기타,안전운전불이행,건조,맑음,단일로 - 기타,승용,남,65세 이상,상해없음,이륜,남,65세 이상,경상
2015042400100139,2015년 4월,금요일,서울특별시 광진구 구의동,부상신고사고,0,0,0,1,차대차 - 기타,교차로운행방법위반,건조,맑음,교차로 - 교차로안,승용,남,31-40세,상해없음,원동기,남,13-20세,부상신고
2015042400100175,2015년 4월,금요일,서울특별시 광진구 구의동,중상사고,0,1,0,0,차대사람 - 횡단중,안전운전불이행,건조,맑음,교차로 - 교차로부근,승합,남,41-50세,상해없음,보행자,남,51-60세,중상
2015042400100478,2015년 4월,금요일,서울특별시 광진구 화양동,중상사고,0,1,0,0,차대차 - 추돌,안전거리미확보,건조,맑음,단일로 - 기타,화물,남,51-60세,상해없음,승용,여,31-40세,중상
2015042400100479,2015년 4월,금요일,서울특별시 광진구 자양동,중상사고,0,1,11,1,차대차 - 추돌,안전거리미확보,건조,맑음,단일로 - 기타,화물,남,41-50세,중상,승합,남,41-50세,상해없음
2.01504E+15,2015년 4월,금요일,서울특별시 광진구 구의동,경상사고,0,0,1,0,차대사람 - 차도통행중,안전운전불이행,건조,맑음,미분류 - 미분류,승용,여,51-60세,상해없음,보행자,여,21-30세,경상
2.01504E+15,2015년 4월,토요일,서울특별시 광진구 광장동,중상사고,0,1,1,0,차대사람 - 기타,안전운전불이행,건조,맑음,단일로 - 교량,이륜,남,20세 이하,상해없음,보행자,여,41-50세,중상
2015042500100031,2015년 4월,토요일,서울특별시 광진구 중곡동,경상사고,0,0,1,0,차량단독 - 기타,교차로운행방법위반,건조,흐림,교차로 - 교차로안,승용,남,51-60세,상해없음,,,,
2015042500100161,2015년 4월,토요일,서울특별시 광진구 중곡동,중상사고,0,1,0,0,차대사람 - 보도통행중,안전운전불이행,건조,맑음,단일로 - 횡단보도부근,승용,여,51-60세,상해없음,보행자,여,31-40세,중상
2015042500100205,2015년 4월,토요일,서울특별시 광진구 자양동,중상사고,0,1,1,0,차대차 - 추돌,안전운전불이행,건조,맑음,단일로 - 기타,화물,남,41-50세,경상,승합,남,51-60세,상해없음
2015042500100289,2015년 4월,토요일,서울특별시 광진구 자양동,중상사고,0,1,1,0,차대사람 - 보도통행중,기타,건조,맑음,단일로 - 교량,자전거,남,21-30세,경상,보행자,남,21-30세,중상
2015042500100644,2015년 4월,토요일,서울특별시 광진구 광장동,중상사고,0,1,0,0,차대차 - 충돌,안전운전불이행,건조,맑음,단일로 - 기타,승용,남,41-50세,상해없음,원동기,남,65세 이상,중상
2015042600100283,2015년 4월,일요일,서울특별시 광진구 중곡동,경상사고,0,0,1,0,차대차 - 기타,안전거리미확보,건조,맑음,단일로 - 기타,원동기,남,41-50세,경상,승용,남,31-40세,상해없음
2015042600100446,2015년 4월,일요일,서울특별시 광진구 구의동,중상사고,0,1,2,0,차대차 - 추돌,신호위반,건조,맑음,단일로 - 기타,원동기,남,20세 이하,경상,원동기,남,31-40세,중상
2015042600100447,2015년 4월,일요일,서울특별시 광진구 자양동,경상사고,0,0,2,0,차대차 - 충돌,교차로운행방법위반,건조,맑음,교차로 - 교차로안,승용,남,51-60세,상해없음,승용,남,31-40세,경상
2015042700100021,2015년 4월,월요일,서울특별시 광진구 구의동,중상사고,0,1,0,0,차량단독 - 충돌,안전운전불이행,건조,맑음,단일로 - 기타,원동기,남,31-40세,중상,,,,
2015042700100166,2015년 4월,월요일,서울특별시 광진구 군자동,중상사고,0,1,0,0,차대차 - 충돌,중앙선침범,건조,맑음,교차로 - 교차로안,승합,남,61-64세,상해없음,이륜,남,21-30세,중상
2015042700100429,2015년 4월,월요일,서울특별시 광진구 군자동,부상신고사고,0,0,0,1,차대차 - 기타,안전운전불이행,건조,맑음,단일로 - 기타,자전거,남,41-50세,부상신고,승용,남,31-40세,상해없음
2015042900100036,2015년 4월,수요일,서울특별시 광진구 자양동,경상사고,0,0,1,0,차대사람 - 보도통행중,안전운전불이행,건조,맑음,단일로 - 기타,이륜,남,31-40세,상해없음,보행자,남,51-60세,경상
2015042900100114,2015년 4월,수요일,서울특별시 광진구 군자동,중상사고,0,1,1,0,차대차 - 충돌,신호위반,건조,흐림,교차로 - 교차로안,승용,남,61-64세,상해없음,승용,남,65세 이상,경상
2015043000100077,2015년 4월,목요일,서울특별시 광진구 구의동,중상사고,0,1,0,0,차대사람 - 횡단중,신호위반,건조,맑음,교차로 - 교차로안,원동기,남,41-50세,상해없음,보행자,여,65세 이상,중상
2015043000100278,2015년 4월,목요일,서울특별시 광진구 자양동,경상사고,0,0,1,0,차대차 - 기타,안전운전불이행,건조,맑음,단일로 - 기타,자전거,여,51-60세,경상,승용,남,31-40세,상해없음
2.01504E+15,2015년 4월,목요일,서울특별시 광진구 자양동,경상사고,0,0,1,0,차대사람 - 기타,안전운전불이행,건조,맑음,단일로 - 기타,승용,여,51-60세,상해없음,보행자,여,41-50세,경상
2015050100100445,2015년 5월,금요일,서울특별시 광진구 중곡동,중상사고,0,1,0,0,차대사람 - 길가장자리구역통행중,안전운전불이행,건조,맑음,단일로 - 기타,승용,남,21-30세,상해없음,보행자,여,51-60세,중상
2015050100100625,2015년 5월,금요일,서울특별시 광진구 중곡동,경상사고,0,0,1,0,차대차 - 충돌,안전운전불이행,건조,맑음,단일로 - 기타,승용,남,65세 이상,상해없음,원동기,남,21-30세,경상
2015050200100002,2015년 5월,토요일,서울특별시 광진구 구의동,중상사고,0,1,0,0,차대차 - 기타,중앙선침범,건조,맑음,단일로 - 기타,이륜,남,21-30세,중상,승용,남,31-40세,상해없음
2015050200100513,2015년 5월,토요일,서울특별시 광진구 화양동,경상사고,0,0,1,0,차대사람 - 보도통행중,보행자보호의무위반,건조,맑음,단일로 - 기타,승용,남,65세 이상,상해없음,보행자,남,21-30세,경상
2015050300100025,2015년 5월,일요일,서울특별시 광진구 구의동,경상사고,0,0,1,0,차대사람 - 보도통행중,보행자보호의무위반,건조,맑음,단일로 - 기타,승용,남,51-60세,상해없음,보행자,여,65세 이상,경상
2015050300100056,2015년 5월,일요일,서울특별시 광진구 광장동,경상사고,0,0,1,0,차대차 - 추돌,과속,건조,흐림,교차로 - 교차로부근,승용,남,51-60세,상해없음,승용,남,41-50세,경상
2015050300100483,2015년 5월,일요일,서울특별시 광진구 구의동,중상사고,0,1,0,0,차대차 - 기타,안전운전불이행,건조,맑음,단일로 - 기타,승용,남,41-50세,상해없음,승용,남,21-30세,중상
2015050300100513,2015년 5월,일요일,서울특별시 광진구 화양동,중상사고,0,1,0,0,차대차 - 충돌,신호위반,건조,맑음,단일로 - 기타,승용,남,51-60세,상해없음,원동기,남,41-50세,중상
2015050400100115,2015년 5월,월요일,서울특별시 광진구 중곡동,부상신고사고,0,0,0,1,차대차 - 충돌,안전거리미확보,건조,맑음,단일로 - 기타,원동기,남,51-60세,부상신고,화물,남,61-64세,상해없음
2015050400100279,2015년 5월,월요일,서울특별시 광진구 능동,중상사고,0,1,0,0,차대차 - 충돌,안전운전불이행,건조,맑음,단일로 - 기타,승용,남,51-60세,상해없음,자전거,남,21-30세,중상
2.01505E+15,2015년 5월,월요일,서울특별시 광진구 자양동,경상사고,0,0,1,0,차대차 - 추돌,안전운전불이행,건조,맑음,교차로 - 교차로부근,화물,남,51-60세,상해없음,원동기,남,51-60세,경상
2.01505E+15,2015년 5월,월요일,서울특별시 광진구 구의동,중상사고,0,1,0,0,차대차 - 충돌,중앙선침범,건조,맑음,교차로 - 교차로부근,자전거,남,65세 이상,중상,승합,남,41-50세,상해없음
2015050400100371,2015년 5월,월요일,서울특별시 광진구 구의동,경상사고,0,0,3,0,차대차 - 기타,안전거리미확보,건조,맑음,단일로 - 기타,승용,남,51-60세,상해없음,승용,남,41-50세,상해없음
2015050400100647,2015년 5월,월요일,서울특별시 광진구 화양동,부상신고사고,0,0,0,1,차대차 - 충돌,중앙선침범,건조,맑음,교차로 - 교차로부근,원동기,남,21-30세,부상신고,승용,남,41-50세,상해없음
2015050500100001,2015년 5월,화요일,서울특별시 광진구 광장동,사망사고,1,0,0,0,차대차 - 추돌,안전운전불이행,건조,맑음,단일로 - 기타,이륜,남,21-30세,사망,승합,남,51-60세,상해없음
2015050500100002,2015년 5월,화요일,서울특별시 광진구 화양동,중상사고,0,1,0,0,차대사람 - 기타,안전운전불이행,건조,맑음,단일로 - 기타,승합,남,41-50세,상해없음,보행자,남,13-20세,중상
2015050500100058,2015년 5월,화요일,서울특별시 광진구 중곡동,중상사고,0,1,0,0,차대사람 - 차도통행중,안전운전불이행,건조,맑음,단일로 - 기타,승용,남,41-50세,상해없음,보행자,남,31-40세,중상
2015050500100145,2015년 5월,화요일,서울특별시 광진구 자양동,경상사고,0,0,4,0,차대차 - 추돌,안전운전불이행,건조,맑음,교차로 - 교차로부근,승용,남,65세 이상,상해없음,승용,남,31-40세,경상
2015050500100351,2015년 5월,화요일,서울특별시 광진구 군자동,부상신고사고,0,0,0,2,차대차 - 충돌,교차로운행방법위반,건조,맑음,교차로 - 교차로안,승용,여,21-30세,상해없음,승용,남,51-60세,부상신고
2015050600100435,2015년 5월,수요일,서울특별시 광진구 자양동,경상사고,0,0,1,0,차대차 - 기타,안전운전불이행,건조,맑음,단일로 - 기타,원동기,남,41-50세,경상,화물,남,21-30세,상해없음
2015050600100549,2015년 5월,수요일,서울특별시 광진구 자양동,경상사고,0,0,2,0,차대차 - 추돌,안전운전불이행,건조,맑음,단일로 - 기타,승용,남,41-50세,상해없음,승용,남,51-60세,경상
2015050700100418,2015년 5월,목요일,서울특별시 광진구 중곡동,사망사고,1,0,0,0,차대사람 - 기타,신호위반,건조,맑음,단일로 - 횡단보도부근,승용,남,65세 이상,상해없음,보행자,남,41-50세,사망
2015050800100041,2015년 5월,금요일,서울특별시 광진구 화양동,중상사고,0,1,0,0,차대차 - 기타,안전거리미확보,건조,맑음,단일로 - 기타,화물,남,21-30세,상해없음,원동기,남,13-20세,중상
2015050800100337,2015년 5월,금요일,서울특별시 광진구 광장동,중상사고,0,1,0,0,차대차 - 추돌,중앙선침범,건조,맑음,교차로 - 교차로부근,자전거,남,65세 이상,중상,승용,남,51-60세,상해없음
2015050800100509,2015년 5월,금요일,서울특별시 광진구 구의동,경상사고,0,0,1,0,차대사람 - 횡단중,안전운전불이행,건조,맑음,단일로 - 기타,승용,남,21-30세,상해없음,보행자,여,12세 이하,경상
2015050900100002,2015년 5월,토요일,서울특별시 광진구 군자동,중상사고,0,1,0,0,차대사람 - 차도통행중,안전운전불이행,건조,맑음,단일로 - 기타,승용,남,31-40세,상해없음,보행자,남,31-40세,중상
2015050900100247,2015년 5월,토요일,서울특별시 광진구 자양동,중상사고,0,1,0,0,차대사람 - 기타,안전운전불이행,건조,맑음,단일로 - 기타,자전거,남,20세 이하,상해없음,보행자,여,51-60세,중상
2015050900100553,2015년 5월,토요일,서울특별시 광진구 자양동,경상사고,0,0,2,0,차대차 - 충돌,안전거리미확보,건조,맑음,단일로 - 기타,승용,남,31-40세,경상,승용,여,21-30세,경상
2015051000100113,2015년 5월,일요일,서울특별시 광진구 광장동,경상사고,0,0,1,0,차대차 - 충돌,신호위반,건조,맑음,단일로 - 기타,승용,남,31-40세,상해없음,원동기,남,51-60세,경상
2015051000100135,2015년 5월,일요일,서울특별시 광진구 자양동,부상신고사고,0,0,0,1,차대차 - 추돌,안전운전불이행,건조,맑음,단일로 - 기타,승용,남,61-64세,상해없음,승용,남,65세 이상,부상신고
2015051000100183,2015년 5월,일요일,서울특별시 광진구 자양동,경상사고,0,0,1,0,차대사람 - 횡단중,안전운전불이행,건조,맑음,단일로 - 기타,승용,남,65세 이상,상해없음,보행자,남,12세 이하,경상
2015051000100319,2015년 5월,일요일,서울특별시 광진구 자양동,경상사고,0,0,1,0,차대사람 - 기타,안전운전불이행,건조,맑음,단일로 - 기타,승합,남,41-50세,상해없음,보행자,여,21-30세,경상
2015051000100467,2015년 5월,일요일,서울특별시 광진구 자양동,중상사고,0,1,0,0,차대차 - 충돌,안전운전불이행,건조,맑음,단일로 - 기타,자전거,기타불명,기타불명,기타불명,자전거,남,21-30세,중상
2015051100100042,2015년 5월,월요일,서울특별시 광진구 구의동,경상사고,0,0,1,0,차대차 - 추돌,안전운전불이행,건조,맑음,단일로 - 기타,승용,남,65세 이상,상해없음,승용,남,41-50세,경상
2015051100100658,2015년 5월,월요일,서울특별시 광진구 자양동,경상사고,0,0,1,0,차대차 - 추돌,안전운전불이행,습기,비,단일로 - 기타,승용,남,20세 이하,상해없음,승용,여,31-40세,경상
2015051200100058,2015년 5월,화요일,서울특별시 광진구 중곡동,중상사고,0,1,1,0,차대차 - 추돌,안전운전불이행,습기,비,단일로 - 기타,승용,남,21-30세,상해없음,승용,남,13-20세,중상
2015051200100088,2015년 5월,화요일,서울특별시 광진구 광장동,중상사고,0,2,0,0,차대차 - 충돌,신호위반,습기,비,교차로 - 교차로안,승용,남,31-40세,상해없음,원동기,남,51-60세,중상
2015051200100195,2015년 5월,화요일,서울특별시 광진구 자양동,경상사고,0,0,1,0,차대사람 - 기타,안전운전불이행,건조,맑음,단일로 - 기타,승용,남,31-40세,상해없음,보행자,남,21-30세,경상
2015051200100411,2015년 5월,화요일,서울특별시 광진구 화양동,중상사고,0,1,0,0,차대차 - 기타,안전거리미확보,건조,맑음,교차로 - 교차로안,승용,남,21-30세,상해없음,승용,남,65세 이상,중상
2015051300100003,2015년 5월,수요일,서울특별시 광진구 자양동,중상사고,0,1,1,0,차대차 - 충돌,안전운전불이행,건조,맑음,교차로 - 교차로부근,승용,남,21-30세,상해없음,승용,여,51-60세,중상
2015051300100518,2015년 5월,수요일,서울특별시 광진구 군자동,중상사고,0,1,0,0,차대사람 - 횡단중,신호위반,건조,맑음,단일로 - 횡단보도상,이륜,남,20세 이하,상해없음,보행자,여,41-50세,중상
2015051300100519,2015년 5월,수요일,서울특별시 광진구 화양동,경상사고,0,0,1,0,차대사람 - 기타,안전운전불이행,건조,맑음,단일로 - 기타,승용,여,31-40세,상해없음,보행자,여,31-40세,경상
2015051300100569,2015년 5월,수요일,서울특별시 광진구 화양동,중상사고,0,1,0,0,차대차 - 기타,기타,건조,맑음,단일로 - 기타,승용,남,65세 이상,상해없음,원동기,남,21-30세,중상
2015051300100641,2015년 5월,수요일,서울특별시 광진구 화양동,중상사고,0,1,0,0,차대차 - 기타,기타,건조,맑음,단일로 - 기타,승용,남,41-50세,상해없음,원동기,남,21-30세,중상
2015051400100003,2015년 5월,목요일,서울특별시 광진구 자양동,경상사고,0,0,3,0,차대차 - 추돌,안전운전불이행,건조,맑음,단일로 - 횡단보도상,이륜,남,20세 이하,상해없음,승용,남,21-30세,경상
2015051400100149,2015년 5월,목요일,서울특별시 광진구 중곡동,중상사고,0,1,0,0,차대차 - 기타,중앙선침범,건조,맑음,단일로 - 기타,승용,기타불명,기타불명,기타불명,자전거,여,31-40세,중상
2015051500100002,2015년 5월,금요일,서울특별시 광진구 자양동,경상사고,0,0,1,1,차량단독 - 충돌,안전운전불이행,건조,맑음,단일로 - 기타,승용,남,51-60세,상해없음,,,,
2015051500100132,2015년 5월,금요일,서울특별시 광진구 자양동,중상사고,0,1,0,0,차대차 - 충돌,안전운전불이행,건조,맑음,교차로 - 교차로안,승용,여,31-40세,상해없음,자전거,여,65세 이상,중상
2015051500100133,2015년 5월,금요일,서울특별시 광진구 자양동,부상신고사고,0,0,0,1,차대차 - 충돌,교차로운행방법위반,건조,맑음,교차로 - 교차로안,이륜,남,41-50세,부상신고,승합,남,31-40세,상해없음
2015051500100372,2015년 5월,금요일,서울특별시 광진구 자양동,경상사고,0,0,2,0,차대차 - 추돌,안전운전불이행,건조,맑음,교차로 - 교차로안,승용,남,41-50세,경상,승용,여,41-50세,경상
2015051500100449,2015년 5월,금요일,서울특별시 광진구 화양동,부상신고사고,0,0,0,1,차대차 - 충돌,중앙선침범,건조,맑음,단일로 - 기타,승용,남,65세 이상,상해없음,원동기,남,41-50세,부상신고
2015051500100493,2015년 5월,금요일,서울특별시 광진구 군자동,경상사고,0,0,3,0,차대차 - 충돌,기타,건조,맑음,단일로 - 기타,승용,여,31-40세,경상,승용,여,51-60세,경상
2015051500100589,2015년 5월,금요일,서울특별시 광진구 군자동,경상사고,0,0,1,0,차대사람 - 기타,안전운전불이행,건조,맑음,단일로 - 기타,승용,여,51-60세,상해없음,보행자,여,13-20세,경상
2015051600100057,2015년 5월,토요일,서울특별시 광진구 중곡동,사망사고,1,0,0,0,차대사람 - 횡단중,보행자보호의무위반,건조,맑음,교차로 - 교차로부근,승용,남,51-60세,상해없음,보행자,남,41-50세,사망
2015051600100058,2015년 5월,토요일,서울특별시 광진구 자양동,중상사고,0,1,0,0,차대차 - 기타,안전운전불이행,건조,맑음,단일로 - 기타,승용,남,41-50세,상해없음,승용,남,41-50세,중상
2015051600100164,2015년 5월,토요일,서울특별시 광진구 광장동,중상사고,0,1,0,0,차대사람 - 횡단중,보행자보호의무위반,건조,맑음,단일로 - 기타,승용,남,41-50세,상해없음,보행자,여,13-20세,중상
2015051600100581,2015년 5월,토요일,서울특별시 광진구 자양동,중상사고,0,1,0,0,차대차 - 추돌,안전운전불이행,건조,맑음,단일로 - 기타,자전거,여,31-40세,중상,자전거,남,41-50세,상해없음
2015051700100001,2015년 5월,일요일,서울특별시 광진구 구의동,부상신고사고,0,0,0,1,차대차 - 기타,안전거리미확보,건조,맑음,단일로 - 기타,승용,남,31-40세,상해없음,승용,남,21-30세,부상신고
2015051700100086,2015년 5월,일요일,서울특별시 광진구 화양동,중상사고,0,1,0,0,차대차 - 충돌,안전거리미확보,건조,맑음,단일로 - 기타,승용,남,21-30세,상해없음,원동기,남,21-30세,중상
2015051700100137,2015년 5월,일요일,서울특별시 광진구 자양동,경상사고,0,0,1,0,차대차 - 추돌,안전운전불이행,건조,맑음,교차로 - 교차로부근,승용,남,61-64세,상해없음,승용,남,51-60세,상해없음
2015051700100573,2015년 5월,일요일,서울특별시 광진구 화양동,경상사고,0,0,2,0,차대차 - 충돌,안전운전불이행,건조,맑음,단일로 - 기타,원동기,남,31-40세,경상,승용,여,31-40세,경상
2015051800100026,2015년 5월,월요일,서울특별시 광진구 화양동,중상사고,0,2,6,0,차대차 - 충돌,신호위반,건조,맑음,교차로 - 교차로안,승용,남,21-30세,상해없음,승용,남,51-60세,중상
2015051800100209,2015년 5월,월요일,서울특별시 광진구 중곡동,부상신고사고,0,0,0,1,차대차 - 충돌,안전거리미확보,건조,맑음,단일로 - 기타,화물,남,51-60세,상해없음,이륜,남,31-40세,부상신고
2015051800100388,2015년 5월,월요일,서울특별시 광진구 자양동,중상사고,0,1,1,1,차대차 - 기타,안전운전불이행,건조,맑음,단일로 - 기타,원동기,남,20세 이하,중상,승합,남,65세 이상,경상
2015051800100435,2015년 5월,월요일,서울특별시 광진구 중곡동,경상사고,0,0,1,0,차대사람 - 기타,기타,건조,맑음,단일로 - 기타,승합,남,41-50세,상해없음,보행자,여,13-20세,경상
2.01505E+15,2015년 5월,화요일,서울특별시 광진구 군자동,중상사고,0,1,0,0,차대차 - 충돌,신호위반,건조,맑음,단일로 - 횡단보도부근,원동기,남,61-64세,중상,승용,남,51-60세,상해없음
2015051900100234,2015년 5월,화요일,서울특별시 광진구 자양동,중상사고,0,1,0,0,차대차 - 충돌,안전운전불이행,건조,맑음,교차로 - 교차로안,승용,남,51-60세,상해없음,자전거,여,51-60세,중상
2015051900100324,2015년 5월,화요일,서울특별시 광진구 구의동,중상사고,0,1,0,0,차대사람 - 기타,안전운전불이행,건조,맑음,단일로 - 기타,승용,남,61-64세,상해없음,보행자,여,31-40세,중상
2.01505E+15,2015년 5월,화요일,서울특별시 광진구 광장동,중상사고,0,1,0,0,차량단독 - 충돌,기타,건조,맑음,단일로 - 기타,승합,남,51-60세,상해없음,,,,
2015052000100018,2015년 5월,수요일,서울특별시 광진구 자양동,경상사고,0,0,2,0,차대차 - 추돌,안전운전불이행,건조,맑음,단일로 - 횡단보도부근,승용,남,31-40세,상해없음,승용,남,21-30세,경상
2015052000100043,2015년 5월,수요일,서울특별시 광진구 중곡동,부상신고사고,0,0,0,1,차대차 - 추돌,안전운전불이행,건조,맑음,교차로 - 교차로부근,승용,남,41-50세,상해없음,승용,남,51-60세,부상신고
2015052000100282,2015년 5월,수요일,서울특별시 광진구 중곡동,경상사고,0,0,1,0,차대차 - 기타,안전운전불이행,건조,맑음,단일로 - 기타,자전거,남,51-60세,상해없음,자전거,남,65세 이상,경상
2015052000100435,2015년 5월,수요일,서울특별시 광진구 능동,중상사고,0,1,0,1,차대차 - 기타,신호위반,건조,맑음,단일로 - 기타,자전거,남,20세 이하,부상신고,승용,여,31-40세,중상
2015052100100239,2015년 5월,목요일,서울특별시 광진구 군자동,경상사고,0,0,1,0,차대차 - 추돌,안전운전불이행,건조,맑음,단일로 - 기타,승용,남,51-60세,상해없음,승용,남,31-40세,경상
2015052200100055,2015년 5월,금요일,서울특별시 광진구 자양동,경상사고,0,0,2,0,차대차 - 충돌,신호위반,건조,맑음,교차로 - 교차로안,승용,남,51-60세,상해없음,승용,남,65세 이상,경상
2015052200100094,2015년 5월,금요일,서울특별시 광진구 자양동,중상사고,0,1,0,0,차대차 - 충돌,안전거리미확보,건조,맑음,단일로 - 기타,승용,여,51-60세,상해없음,이륜,남,31-40세,중상
2.01505E+15,2015년 5월,금요일,서울특별시 광진구 구의동,중상사고,0,1,0,0,차대사람 - 횡단중,신호위반,건조,맑음,단일로 - 횡단보도상,화물,남,31-40세,상해없음,보행자,여,65세 이상,중상
2015052200100525,2015년 5월,금요일,서울특별시 광진구 군자동,경상사고,0,0,1,0,차대차 - 충돌,안전운전불이행,건조,맑음,교차로 - 교차로안,화물,남,65세 이상,상해없음,원동기,남,65세 이상,경상
2015052300100076,2015년 5월,토요일,서울특별시 광진구 자양동,경상사고,0,0,2,0,차대차 - 충돌,차로위반,건조,맑음,단일로 - 기타,자전거,남,65세 이상,상해없음,자전거,여,41-50세,경상
2015052300100201,2015년 5월,토요일,서울특별시 광진구 화양동,경상사고,0,0,1,0,차량단독 - 충돌,안전운전불이행,건조,맑음,단일로 - 기타,건설기계,남,65세 이상,상해없음,,,,
2015052400100014,2015년 5월,일요일,서울특별시 광진구 구의동,경상사고,0,0,1,0,차대차 - 충돌,기타,건조,맑음,단일로 - 기타,승용,남,41-50세,상해없음,자전거,남,21-30세,경상
2015052400100015,2015년 5월,일요일,서울특별시 광진구 광장동,경상사고,0,0,1,0,차대차 - 기타,교차로운행방법위반,건조,맑음,교차로 - 교차로안,승용,남,51-60세,상해없음,자전거,여,51-60세,경상