사고번호,발생년월,요일,시군구,사고내용,사망자수,중상자수,경상자수,부상신고자수,사고유형,법규위반,노면상태,기상상태,도로형태,가해운전자 차종,가해운전자 성별,가해운전자 연령대,가해운전자 상해정도,피해운전자 차종,피해운전자 성별,피해운전자 연령대,피해운전자 상해정도
2.01505E+15,2015년 5월,일요일,서울특별시 광진구 자양동,경상사고,0,0,1,0,차대차 - 추돌,안전운전불이행,건조,맑음,단일로 - 교량,승용,남,51-60세,상해없음,승용,남,61-64세,상해없음
2015052400100386,2015년 5월,일요일,서울특별시 광진구 중곡동,경상사고,0,0,1,0,차량단독 - 기타,안전거리미확보,건조,맑음,단일로 - 기타,승용,남,51-60세,상해없음,,,,
2015052500100164,2015년 5월,월요일,서울특별시 광진구 구의동,경상사고,0,0,1,0,차대사람 - 횡단중,신호위반,건조,맑음,단일로 - 횡단보도상,승용,남,65세 이상,상해없음,보행자,여,65세 이상,경상
2015052500100395,2015년 5월,월요일,서울특별시 광진구 능동,부상신고사고,0,0,0,1,차대차 - 기타,중앙선침범,건조,맑음,단일로 - 기타,원동기,남,20세 이하,부상신고,승용,남,31-40세,상해없음
2015052500100525,2015년 5월,월요일,서울특별시 광진구 군자동,중상사고,0,1,1,0,차대사람 - 횡단중,신호위반,건조,맑음,단일로 - 횡단보도상,원동기,남,21-30세,상해없음,보행자,여,65세 이상,중상
2015052600100023,2015년 5월,화요일,서울특별시 광진구 중곡동,경상사고,0,0,1,0,차대사람 - 기타,안전운전불이행,건조,맑음,단일로 - 기타,승용,남,20세 이하,상해없음,보행자,남,31-40세,경상
2015052600100107,2015년 5월,화요일,서울특별시 광진구 군자동,경상사고,0,0,1,0,차대차 - 추돌,안전거리미확보,건조,맑음,교차로 - 교차로부근,승용,여,41-50세,상해없음,승용,남,31-40세,경상
2015052800100001,2015년 5월,목요일,서울특별시 광진구 중곡동,중상사고,0,1,0,0,차대차 - 추돌,안전운전불이행,건조,맑음,교차로 - 교차로부근,승용,남,41-50세,상해없음,승용,남,51-60세,중상
2015052800100046,2015년 5월,목요일,서울특별시 광진구 중곡동,중상사고,0,1,1,0,차대차 - 기타,안전운전불이행,건조,맑음,교차로 - 교차로안,승용,남,41-50세,상해없음,승용,남,51-60세,중상
2015052800100147,2015년 5월,목요일,서울특별시 광진구 구의동,부상신고사고,0,0,0,1,차대차 - 기타,직진우회전진행방해,건조,맑음,교차로 - 교차로부근,승용,남,41-50세,상해없음,승용,남,51-60세,부상신고
2015052800100343,2015년 5월,목요일,서울특별시 광진구 구의동,경상사고,0,0,1,0,차대차 - 충돌,신호위반,건조,맑음,단일로 - 기타,승용,남,65세 이상,상해없음,원동기,남,21-30세,경상
2.01505E+15,2015년 5월,목요일,서울특별시 광진구 자양동,중상사고,0,1,0,0,차대사람 - 기타,안전운전불이행,건조,맑음,기타 - 기타,자전거,남,41-50세,중상,보행자,남,21-30세,상해없음
2015052800100461,2015년 5월,목요일,서울특별시 광진구 자양동,중상사고,0,1,1,0,차대사람 - 횡단중,신호위반,건조,맑음,단일로 - 기타,원동기,남,21-30세,경상,보행자,남,51-60세,중상
2015052800100629,2015년 5월,목요일,서울특별시 광진구 구의동,경상사고,0,0,3,0,차대차 - 추돌,안전운전불이행,건조,맑음,교차로 - 교차로부근,승용,남,31-40세,상해없음,승용,남,61-64세,경상
2015052900100032,2015년 5월,금요일,서울특별시 광진구 화양동,경상사고,0,0,1,0,차대사람 - 길가장자리구역통행중,안전운전불이행,건조,맑음,단일로 - 기타,승용,남,51-60세,상해없음,보행자,남,21-30세,경상
2015052900100121,2015년 5월,금요일,서울특별시 광진구 구의동,경상사고,0,0,1,0,차대차 - 기타,기타,건조,맑음,단일로 - 기타,승용,남,51-60세,상해없음,자전거,여,41-50세,경상
2.01505E+15,2015년 5월,토요일,서울특별시 광진구 구의동,경상사고,0,0,1,0,차대차 - 충돌,안전운전불이행,건조,맑음,단일로 - 기타,승용,남,31-40세,상해없음,승용,남,61-64세,경상
2015053000100057,2015년 5월,토요일,서울특별시 광진구 광장동,경상사고,0,0,2,0,차대차 - 추돌,안전운전불이행,건조,맑음,단일로 - 기타,승용,남,41-50세,상해없음,승용,남,65세 이상,경상
2015053000100115,2015년 5월,토요일,서울특별시 광진구 화양동,경상사고,0,0,2,0,차대차 - 추돌,안전운전불이행,건조,맑음,교차로 - 교차로안,승용,남,31-40세,상해없음,승용,남,31-40세,상해없음
2015053000100501,2015년 5월,토요일,서울특별시 광진구 구의동,중상사고,0,3,1,0,차대차 - 추돌,안전운전불이행,건조,맑음,단일로 - 기타,승용,남,51-60세,상해없음,승용,남,41-50세,중상
2015053000100502,2015년 5월,토요일,서울특별시 광진구 자양동,경상사고,0,0,1,0,차대차 - 기타,안전운전불이행,건조,맑음,단일로 - 기타,자전거,남,21-30세,경상,자전거,남,31-40세,상해없음
2015053000100679,2015년 5월,토요일,서울특별시 광진구 화양동,중상사고,0,1,2,1,차대차 - 추돌,안전거리미확보,건조,맑음,단일로 - 기타,승용,남,41-50세,부상신고,승합,남,31-40세,상해없음
2.01505E+15,2015년 5월,토요일,서울특별시 광진구 중곡동,중상사고,0,1,0,0,차대사람 - 횡단중,안전운전불이행,건조,맑음,교차로 - 교차로안,승용,남,21-30세,상해없음,보행자,여,21-30세,중상
2015053100100031,2015년 5월,일요일,서울특별시 광진구 자양동,중상사고,0,1,0,0,차대사람 - 기타,안전운전불이행,건조,맑음,단일로 - 기타,승용,남,51-60세,상해없음,보행자,여,21-30세,중상
2015053100100146,2015년 5월,일요일,서울특별시 광진구 구의동,중상사고,0,1,0,0,차대사람 - 횡단중,신호위반,건조,맑음,단일로 - 횡단보도상,승용,남,21-30세,상해없음,보행자,여,21-30세,중상
2015053100100296,2015년 5월,일요일,서울특별시 광진구 자양동,경상사고,0,0,1,0,차대사람 - 횡단중,신호위반,건조,맑음,단일로 - 횡단보도상,화물,남,41-50세,상해없음,보행자,남,13-20세,경상
2015053100100407,2015년 5월,일요일,서울특별시 광진구 군자동,중상사고,0,2,0,0,차대사람 - 횡단중,안전운전불이행,건조,맑음,단일로 - 기타,승용,남,31-40세,상해없음,보행자,여,21-30세,중상
2015053100100435,2015년 5월,일요일,서울특별시 광진구 자양동,중상사고,0,1,2,0,차대차 - 기타,안전거리미확보,건조,맑음,단일로 - 기타,화물,남,61-64세,상해없음,승용,남,61-64세,경상
2015053100100488,2015년 5월,일요일,서울특별시 광진구 중곡동,경상사고,0,0,1,0,차대차 - 기타,안전운전불이행,건조,맑음,단일로 - 기타,승용,남,31-40세,경상,승용,남,65세 이상,상해없음
2015060100100512,2015년 6월,월요일,서울특별시 광진구 중곡동,경상사고,0,0,1,0,차대차 - 기타,교차로운행방법위반,건조,맑음,교차로 - 교차로안,화물,남,51-60세,상해없음,승용,남,51-60세,경상
2.01506E+15,2015년 6월,화요일,서울특별시 광진구 화양동,중상사고,0,1,0,0,차대차 - 충돌,중앙선침범,건조,맑음,단일로 - 기타,자전거,남,51-60세,중상,승용,남,65세 이상,상해없음
2015060200100557,2015년 6월,화요일,서울특별시 광진구 자양동,경상사고,0,0,3,0,차대차 - 추돌,차로위반,건조,맑음,단일로 - 기타,승용,남,31-40세,상해없음,승용,남,51-60세,경상
2015060300100232,2015년 6월,수요일,서울특별시 광진구 구의동,중상사고,0,1,0,0,차대사람 - 횡단중,안전운전불이행,건조,맑음,단일로 - 기타,승용,남,61-64세,상해없음,보행자,남,51-60세,중상
2015060300100263,2015년 6월,수요일,서울특별시 광진구 자양동,경상사고,0,0,1,0,차대차 - 추돌,차로위반,건조,맑음,단일로 - 기타,승용,여,51-60세,상해없음,이륜,남,21-30세,경상
2015060300100264,2015년 6월,수요일,서울특별시 광진구 군자동,경상사고,0,0,3,0,차대차 - 충돌,직진우회전진행방해,건조,맑음,교차로 - 교차로안,승용,여,41-50세,경상,화물,남,31-40세,경상
2.01506E+15,2015년 6월,수요일,서울특별시 광진구 구의동,경상사고,0,0,1,0,차대사람 - 횡단중,안전운전불이행,건조,맑음,단일로 - 횡단보도상,화물,남,51-60세,상해없음,보행자,여,31-40세,경상
2015060300100291,2015년 6월,수요일,서울특별시 광진구 화양동,경상사고,0,0,1,0,차대차 - 추돌,안전운전불이행,건조,맑음,단일로 - 기타,승용,남,51-60세,상해없음,승용,남,41-50세,경상
2015060300100354,2015년 6월,수요일,서울특별시 광진구 자양동,중상사고,0,1,0,0,차대사람 - 횡단중,안전운전불이행,건조,맑음,단일로 - 기타,승용,여,65세 이상,상해없음,보행자,여,65세 이상,중상
2015060300100642,2015년 6월,수요일,서울특별시 광진구 중곡동,경상사고,0,0,1,1,차대차 - 기타,안전운전불이행,건조,맑음,단일로 - 기타,원동기,남,41-50세,부상신고,승용,여,21-30세,상해없음
2015060400100254,2015년 6월,목요일,서울특별시 광진구 자양동,경상사고,0,0,1,0,차대차 - 기타,안전운전불이행,건조,맑음,교차로 - 교차로부근,화물,남,41-50세,상해없음,원동기,남,21-30세,경상
2015060400100551,2015년 6월,목요일,서울특별시 광진구 광장동,경상사고,0,0,2,0,차대사람 - 횡단중,보행자보호의무위반,건조,맑음,교차로 - 교차로안,승용,남,65세 이상,상해없음,보행자,여,31-40세,경상
2.01506E+15,2015년 6월,금요일,서울특별시 광진구 중곡동,중상사고,0,1,0,0,차대사람 - 기타,안전운전불이행,건조,맑음,단일로 - 기타,화물,남,31-40세,상해없음,보행자,남,51-60세,중상
2.01506E+15,2015년 6월,금요일,서울특별시 광진구 자양동,경상사고,0,0,2,0,차대차 - 기타,안전운전불이행,습기,비,단일로 - 교량,승용,남,51-60세,상해없음,승합,남,21-30세,경상
2015060500100141,2015년 6월,금요일,서울특별시 광진구 구의동,경상사고,0,0,1,0,차대차 - 충돌,안전운전불이행,건조,맑음,교차로 - 교차로안,승용,기타불명,기타불명,기타불명,자전거,남,13-20세,경상
2015060500100353,2015년 6월,금요일,서울특별시 광진구 군자동,중상사고,0,1,0,0,차대차 - 기타,안전거리미확보,건조,맑음,단일로 - 기타,승용,남,51-60세,상해없음,승용,여,41-50세,중상
2015060500100404,2015년 6월,금요일,서울특별시 광진구 광장동,경상사고,0,0,1,0,차대차 - 기타,안전운전불이행,건조,맑음,단일로 - 기타,승합,남,41-50세,상해없음,승합,남,51-60세,경상
2015060500100441,2015년 6월,금요일,서울특별시 광진구 구의동,경상사고,0,0,1,1,차대차 - 충돌,교차로운행방법위반,건조,맑음,교차로 - 교차로안,승용,남,51-60세,부상신고,승용,여,21-30세,경상
2015060500100484,2015년 6월,금요일,서울특별시 광진구 광장동,경상사고,0,0,1,0,차대사람 - 횡단중,보행자보호의무위반,건조,맑음,교차로 - 교차로부근,승용,남,51-60세,상해없음,보행자,남,12세 이하,경상
2015060600100081,2015년 6월,토요일,서울특별시 광진구 자양동,사망사고,1,0,0,0,차대사람 - 횡단중,안전운전불이행,건조,맑음,단일로 - 기타,승용,남,21-30세,상해없음,보행자,여,51-60세,사망
2015060600100082,2015년 6월,토요일,서울특별시 광진구 자양동,부상신고사고,0,0,0,1,차량단독 - 충돌,안전운전불이행,건조,맑음,단일로 - 기타,승용,남,41-50세,부상신고,,,,
2015060600100141,2015년 6월,토요일,서울특별시 광진구 자양동,경상사고,0,0,1,0,차대차 - 추돌,안전거리미확보,건조,맑음,교차로 - 교차로부근,승용,남,41-50세,상해없음,승용,남,51-60세,경상
2015060600100164,2015년 6월,토요일,서울특별시 광진구 광장동,경상사고,0,0,1,0,차대차 - 기타,안전거리미확보,건조,맑음,단일로 - 기타,건설기계,남,41-50세,상해없음,승용,여,31-40세,경상
2015060600100355,2015년 6월,토요일,서울특별시 광진구 구의동,중상사고,0,1,0,0,차대차 - 충돌,안전운전불이행,건조,맑음,교차로 - 교차로부근,원동기,남,21-30세,중상,승용,남,31-40세,상해없음
2015060600100542,2015년 6월,토요일,서울특별시 광진구 광장동,부상신고사고,0,0,0,1,차대차 - 충돌,안전거리미확보,건조,맑음,교차로 - 교차로안,승용,남,51-60세,상해없음,원동기,남,21-30세,부상신고
2015060700100035,2015년 6월,일요일,서울특별시 광진구 화양동,경상사고,0,0,1,0,차대사람 - 차도통행중,안전운전불이행,건조,맑음,단일로 - 기타,승용,남,21-30세,상해없음,보행자,남,31-40세,경상
2015060700100052,2015년 6월,일요일,서울특별시 광진구 화양동,경상사고,0,0,1,0,차대사람 - 기타,안전운전불이행,건조,맑음,단일로 - 기타,이륜,남,21-30세,상해없음,보행자,남,21-30세,경상
2015060700100109,2015년 6월,일요일,서울특별시 광진구 광장동,중상사고,0,1,0,0,차대차 - 충돌,안전거리미확보,건조,맑음,단일로 - 기타,이륜,남,41-50세,중상,승용,남,41-50세,상해없음
2015060800100083,2015년 6월,월요일,서울특별시 광진구 군자동,경상사고,0,0,1,0,차대차 - 충돌,안전운전불이행,건조,맑음,교차로 - 교차로부근,승용,여,41-50세,상해없음,승용,남,31-40세,경상
2015060800100163,2015년 6월,월요일,서울특별시 광진구 중곡동,경상사고,0,0,3,3,차대차 - 충돌,안전운전불이행,건조,맑음,교차로 - 교차로안,승용,남,65세 이상,부상신고,승합,남,41-50세,부상신고
2015060900100273,2015년 6월,화요일,서울특별시 광진구 광장동,중상사고,0,1,0,0,차대사람 - 횡단중,보행자보호의무위반,건조,맑음,교차로 - 교차로부근,승용,남,31-40세,기타불명,보행자,여,65세 이상,중상
2015060900100543,2015년 6월,화요일,서울특별시 광진구 자양동,중상사고,0,1,0,0,차대차 - 기타,기타,건조,맑음,단일로 - 기타,승용,기타불명,기타불명,기타불명,자전거,여,51-60세,중상
2015061000100001,2015년 6월,수요일,서울특별시 광진구 구의동,중상사고,0,2,0,0,차대차 - 추돌,안전거리미확보,건조,맑음,단일로 - 기타,승용,남,51-60세,상해없음,승용,남,51-60세,중상
2015061000100104,2015년 6월,수요일,서울특별시 광진구 화양동,경상사고,0,0,1,0,차대차 - 충돌,중앙선침범,건조,맑음,단일로 - 기타,승용,남,31-40세,상해없음,화물,남,31-40세,경상
2015061000100146,2015년 6월,수요일,서울특별시 광진구 군자동,중상사고,0,1,0,0,차대차 - 기타,신호위반,건조,맑음,단일로 - 횡단보도상,승용,여,31-40세,상해없음,자전거,여,41-50세,중상
2015061000100147,2015년 6월,수요일,서울특별시 광진구 자양동,경상사고,0,0,2,0,차대차 - 추돌,안전운전불이행,건조,맑음,미분류 - 미분류,승용,남,31-40세,상해없음,화물,남,31-40세,경상
2015061100100021,2015년 6월,목요일,서울특별시 광진구 자양동,경상사고,0,0,2,0,차대차 - 추돌,안전운전불이행,건조,맑음,단일로 - 기타,승용,남,51-60세,상해없음,승합,남,41-50세,경상
2015061100100151,2015년 6월,목요일,서울특별시 광진구 군자동,중상사고,0,1,0,0,차대차 - 추돌,안전거리미확보,건조,맑음,단일로 - 기타,승용,남,65세 이상,상해없음,승용,남,41-50세,중상
2015061100100211,2015년 6월,목요일,서울특별시 광진구 자양동,중상사고,0,1,0,0,차대사람 - 차도통행중,안전운전불이행,건조,맑음,교차로 - 교차로안,자전거,남,65세 이상,중상,보행자,남,65세 이상,상해없음
2015061100100212,2015년 6월,목요일,서울특별시 광진구 자양동,경상사고,0,0,3,0,차대차 - 충돌,차로위반,건조,맑음,단일로 - 교량,승용,남,20세 이하,경상,승용,여,31-40세,상해없음
2015061100100293,2015년 6월,목요일,서울특별시 광진구 중곡동,경상사고,0,0,1,0,차대사람 - 보도통행중,안전운전불이행,건조,맑음,단일로 - 기타,승용,남,51-60세,상해없음,보행자,여,21-30세,경상
2015061100100294,2015년 6월,목요일,서울특별시 광진구 화양동,경상사고,0,0,2,0,차대차 - 기타,안전운전불이행,건조,맑음,단일로 - 기타,화물,남,21-30세,상해없음,승합,남,31-40세,경상
2015061100100521,2015년 6월,목요일,서울특별시 광진구 화양동,중상사고,0,1,0,0,차대차 - 추돌,안전거리미확보,건조,맑음,교차로 - 교차로부근,승용,남,61-64세,상해없음,승용,남,21-30세,중상
2015061200100156,2015년 6월,금요일,서울특별시 광진구 자양동,중상사고,0,1,0,0,차대차 - 충돌,기타,건조,맑음,단일로 - 기타,승용,남,65세 이상,상해없음,원동기,남,51-60세,중상
2015061200100176,2015년 6월,금요일,서울특별시 광진구 구의동,부상신고사고,0,0,0,1,차대차 - 기타,중앙선침범,건조,맑음,단일로 - 기타,자전거,남,41-50세,부상신고,승용,여,41-50세,상해없음
2015061200100244,2015년 6월,금요일,서울특별시 광진구 자양동,경상사고,0,0,1,0,차대차 - 충돌,안전거리미확보,건조,맑음,교차로 - 교차로부근,원동기,남,41-50세,상해없음,승용,남,21-30세,경상
2015061200100419,2015년 6월,금요일,서울특별시 광진구 자양동,경상사고,0,0,1,0,차량단독 - 충돌,안전운전불이행,건조,맑음,단일로 - 기타,승용,남,61-64세,경상,,,,
2015061300100085,2015년 6월,토요일,서울특별시 광진구 화양동,경상사고,0,0,1,0,차대사람 - 기타,안전운전불이행,건조,맑음,단일로 - 기타,승용,남,51-60세,상해없음,보행자,남,13-20세,경상
2015061300100311,2015년 6월,토요일,서울특별시 광진구 구의동,경상사고,0,0,1,0,차대사람 - 차도통행중,안전운전불이행,건조,맑음,단일로 - 기타,승용,여,61-64세,상해없음,보행자,여,51-60세,경상
2015061300100416,2015년 6월,토요일,서울특별시 광진구 자양동,경상사고,0,0,1,0,차대사람 - 차도통행중,안전운전불이행,건조,맑음,교차로 - 교차로부근,승용,남,21-30세,상해없음,보행자,남,21-30세,경상
2015061300100598,2015년 6월,토요일,서울특별시 광진구 자양동,경상사고,0,0,1,0,차대차 - 기타,중앙선침범,건조,맑음,교차로 - 교차로안,자전거,남,51-60세,경상,승용,여,51-60세,상해없음
2015061400100121,2015년 6월,일요일,서울특별시 광진구 구의동,경상사고,0,0,2,0,차대차 - 기타,불법유턴,습기,맑음,교차로 - 교차로안,승용,남,51-60세,상해없음,승용,남,31-40세,경상
2015061400100503,2015년 6월,일요일,서울특별시 광진구 자양동,경상사고,0,0,2,0,차대차 - 기타,안전거리미확보,건조,맑음,단일로 - 기타,승용,여,21-30세,경상,승용,남,41-50세,경상
2.01506E+15,2015년 6월,일요일,서울특별시 광진구 자양동,경상사고,0,0,4,0,차대차 - 기타,안전운전불이행,건조,흐림,단일로 - 교량,승용,남,61-64세,상해없음,승용,남,31-40세,경상
2015061500100144,2015년 6월,월요일,서울특별시 광진구 중곡동,경상사고,0,0,1,0,차대사람 - 횡단중,신호위반,건조,맑음,단일로 - 횡단보도상,승용,여,41-50세,상해없음,보행자,여,61-64세,경상
2015061500100145,2015년 6월,월요일,서울특별시 광진구 자양동,경상사고,0,0,1,0,차대차 - 기타,교차로운행방법위반,건조,맑음,교차로 - 교차로부근,화물,남,51-60세,상해없음,원동기,남,65세 이상,경상
2015061500100186,2015년 6월,월요일,서울특별시 광진구 구의동,경상사고,0,0,1,0,차대차 - 추돌,신호위반,건조,맑음,교차로 - 교차로안,이륜,남,20세 이하,경상,승용,남,41-50세,상해없음
2015061600100528,2015년 6월,화요일,서울특별시 광진구 능동,경상사고,0,0,1,0,차대사람 - 차도통행중,안전운전불이행,건조,흐림,교차로 - 교차로안,승용,기타불명,기타불명,기타불명,보행자,여,21-30세,경상
2015061700100018,2015년 6월,수요일,서울특별시 광진구 중곡동,경상사고,0,0,1,0,차대차 - 추돌,안전운전불이행,건조,맑음,단일로 - 기타,승용,남,51-60세,상해없음,승용,남,41-50세,경상
2015061700100047,2015년 6월,수요일,서울특별시 광진구 자양동,중상사고,0,1,0,0,차량단독 - 기타,안전운전불이행,기타,맑음,단일로 - 기타,승용,여,21-30세,중상,,,,
2015061700100139,2015년 6월,수요일,서울특별시 광진구 중곡동,중상사고,0,1,0,0,차대차 - 추돌,안전운전불이행,건조,맑음,단일로 - 기타,자전거,남,51-60세,중상,이륜,남,65세 이상,기타불명
2015061800100004,2015년 6월,목요일,서울특별시 광진구 자양동,경상사고,0,0,2,0,차대차 - 추돌,안전운전불이행,습기,비,교차로 - 교차로안,승용,남,41-50세,상해없음,화물,남,61-64세,경상
2015061800100126,2015년 6월,목요일,서울특별시 광진구 광장동,부상신고사고,0,0,0,1,차대차 - 기타,안전운전불이행,건조,맑음,단일로 - 기타,자전거,남,20세 이하,부상신고,승용,남,61-64세,상해없음
2015061800100262,2015년 6월,목요일,서울특별시 광진구 군자동,중상사고,0,1,0,0,차대차 - 기타,안전운전불이행,건조,맑음,단일로 - 기타,원동기,남,65세 이상,중상,승용,남,21-30세,상해없음
2015061800100315,2015년 6월,목요일,서울특별시 광진구 구의동,중상사고,0,1,0,0,차대차 - 충돌,신호위반,건조,맑음,단일로 - 횡단보도상,승용,남,51-60세,상해없음,자전거,남,12세 이하,중상
2015061800100535,2015년 6월,목요일,서울특별시 광진구 구의동,경상사고,0,0,1,0,차대사람 - 보도통행중,보행자보호의무위반,건조,맑음,단일로 - 기타,승용,남,41-50세,상해없음,보행자,여,65세 이상,경상
2015061900100069,2015년 6월,금요일,서울특별시 광진구 자양동,중상사고,0,1,0,0,차대차 - 충돌,교차로운행방법위반,건조,맑음,교차로 - 교차로부근,승용,남,31-40세,상해없음,자전거,남,65세 이상,중상
2015061900100089,2015년 6월,금요일,서울특별시 광진구 구의동,경상사고,0,0,3,0,차대차 - 추돌,안전운전불이행,건조,맑음,교차로 - 교차로부근,승용,남,21-30세,상해없음,승용,남,31-40세,경상
2015061900100252,2015년 6월,금요일,서울특별시 광진구 구의동,경상사고,0,0,1,0,차대차 - 충돌,안전운전불이행,건조,맑음,미분류 - 미분류,승용,여,51-60세,상해없음,승용,남,41-50세,경상
2015061900100336,2015년 6월,금요일,서울특별시 광진구 구의동,경상사고,0,0,2,0,차대차 - 기타,안전운전불이행,건조,맑음,단일로 - 기타,자전거,남,41-50세,경상,자전거,여,21-30세,경상
2015061900100453,2015년 6월,금요일,서울특별시 광진구 자양동,부상신고사고,0,0,0,1,차대사람 - 기타,안전운전불이행,건조,맑음,교차로 - 교차로안,화물,남,41-50세,상해없음,보행자,남,12세 이하,부상신고
2015061900100454,2015년 6월,금요일,서울특별시 광진구 군자동,경상사고,0,0,1,0,차대차 - 기타,신호위반,건조,맑음,단일로 - 기타,승용,남,51-60세,상해없음,원동기,남,21-30세,경상
2015061900100584,2015년 6월,금요일,서울특별시 광진구 중곡동,중상사고,0,1,0,0,차대사람 - 횡단중,안전운전불이행,건조,맑음,단일로 - 기타,승용,남,51-60세,상해없음,보행자,남,51-60세,중상
2015062000100238,2015년 6월,토요일,서울특별시 광진구 자양동,경상사고,0,0,1,0,차대차 - 기타,안전운전불이행,습기,비,단일로 - 기타,승용,여,51-60세,상해없음,승용,남,51-60세,경상
2015062000100474,2015년 6월,토요일,서울특별시 광진구 중곡동,중상사고,0,1,0,0,차대차 - 충돌,안전운전불이행,건조,맑음,교차로 - 교차로안,화물,남,31-40세,상해없음,원동기,남,31-40세,중상
2.01506E+15,2015년 6월,일요일,서울특별시 광진구 광장동,중상사고,0,1,5,0,차대차 - 추돌,안전운전불이행,건조,맑음,교차로 - 교차로부근,승용,남,21-30세,상해없음,승용,남,51-60세,경상
2015062100100188,2015년 6월,일요일,서울특별시 광진구 자양동,부상신고사고,0,0,0,1,차대차 - 기타,안전운전불이행,건조,맑음,단일로 - 기타,자전거,여,31-40세,부상신고,자전거,남,13-20세,상해없음
2.01506E+15,2015년 6월,일요일,서울특별시 광진구 자양동,중상사고,0,1,0,0,차대차 - 충돌,중앙선침범,건조,맑음,단일로 - 기타,승용,남,41-50세,상해없음,이륜,남,13-20세,중상
2015062100100347,2015년 6월,일요일,서울특별시 광진구 구의동,중상사고,0,1,0,0,차대사람 - 횡단중,안전운전불이행,건조,맑음,단일로 - 기타,자전거,남,21-30세,상해없음,보행자,여,65세 이상,중상
2015062100100488,2015년 6월,일요일,서울특별시 광진구 구의동,중상사고,0,1,0,0,차대차 - 충돌,안전운전불이행,건조,맑음,단일로 - 기타,자전거,남,21-30세,상해없음,자전거,남,31-40세,중상
2015062200100566,2015년 6월,월요일,서울특별시 광진구 중곡동,중상사고,0,1,0,0,차대차 - 충돌,안전운전불이행,건조,맑음,단일로 - 기타,자전거,남,51-60세,상해없음,자전거,남,51-60세,중상
2015062300100415,2015년 6월,화요일,서울특별시 광진구 자양동,중상사고,0,1,3,0,차대차 - 충돌,교차로운행방법위반,건조,맑음,교차로 - 교차로부근,승용,여,65세 이상,경상,승용,남,21-30세,경상
2015062300100538,2015년 6월,화요일,서울특별시 광진구 중곡동,부상신고사고,0,0,0,1,차대사람 - 횡단중,안전운전불이행,건조,맑음,단일로 - 기타,승용,여,31-40세,상해없음,보행자,남,51-60세,부상신고
2015062400100605,2015년 6월,수요일,서울특별시 광진구 광장동,중상사고,0,2,0,0,차대사람 - 횡단중,안전운전불이행,건조,맑음,단일로 - 기타,승용,남,65세 이상,상해없음,보행자,남,41-50세,중상
2015062500100507,2015년 6월,목요일,서울특별시 광진구 구의동,경상사고,0,0,1,0,차대차 - 추돌,중앙선침범,습기,맑음,단일로 - 기타,승용,여,21-30세,상해없음,이륜,남,31-40세,경상
2015062600100171,2015년 6월,금요일,서울특별시 광진구 중곡동,경상사고,0,0,1,0,차대사람 - 차도통행중,안전운전불이행,습기,비,교차로 - 교차로부근,승용,남,31-40세,상해없음,보행자,여,31-40세,경상
2015062600100325,2015년 6월,금요일,서울특별시 광진구 중곡동,경상사고,0,0,2,0,차대차 - 추돌,안전거리미확보,건조,맑음,단일로 - 기타,이륜,남,31-40세,상해없음,승용,남,61-64세,경상
2.01506E+15,2015년 6월,금요일,서울특별시 광진구 자양동,경상사고,0,0,2,0,차대차 - 추돌,안전거리미확보,건조,맑음,단일로 - 기타,승용,남,31-40세,상해없음,승용,여,65세 이상,경상
2015062600100582,2015년 6월,금요일,서울특별시 광진구 구의동,경상사고,0,0,1,0,차대차 - 기타,안전거리미확보,건조,맑음,단일로 - 기타,승합,남,51-60세,상해없음,승용,남,31-40세,경상
2.01506E+15,2015년 6월,금요일,서울특별시 광진구 구의동,부상신고사고,0,0,0,1,차대차 - 충돌,신호위반,건조,맑음,교차로 - 교차로안,이륜,남,20세 이하,상해없음,자전거,남,12세 이하,부상신고
2015062700100098,2015년 6월,토요일,서울특별시 광진구 광장동,경상사고,0,0,2,0,차대차 - 기타,안전거리미확보,건조,맑음,단일로 - 교량,승용,남,51-60세,상해없음,승용,남,51-60세,경상
2015062700100556,2015년 6월,토요일,서울특별시 광진구 자양동,중상사고,0,1,0,1,차대차 - 충돌,안전운전불이행,건조,맑음,단일로 - 기타,자전거,여,41-50세,부상신고,자전거,남,31-40세,중상
2015062700100661,2015년 6월,토요일,서울특별시 광진구 자양동,경상사고,0,0,1,0,차대차 - 추돌,안전운전불이행,건조,맑음,단일로 - 기타,승용,남,51-60세,상해없음,원동기,남,21-30세,경상
2015062700100695,2015년 6월,토요일,서울특별시 광진구 구의동,중상사고,0,1,0,0,차대사람 - 횡단중,안전운전불이행,건조,맑음,단일로 - 횡단보도상,승용,여,21-30세,상해없음,보행자,남,51-60세,중상
2015062800100216,2015년 6월,일요일,서울특별시 광진구 중곡동,경상사고,0,0,1,0,차대차 - 추돌,안전운전불이행,건조,맑음,단일로 - 기타,승용,여,21-30세,상해없음,승용,남,51-60세,경상
2015062800100317,2015년 6월,일요일,서울특별시 광진구 자양동,부상신고사고,0,0,0,1,차대차 - 기타,안전운전불이행,건조,맑음,단일로 - 기타,자전거,여,21-30세,부상신고,자전거,남,41-50세,상해없음
2015062900100469,2015년 6월,월요일,서울특별시 광진구 자양동,경상사고,0,0,1,0,차대사람 - 기타,안전운전불이행,건조,맑음,교차로 - 교차로부근,자전거,여,31-40세,상해없음,보행자,여,61-64세,경상
2015063000100003,2015년 6월,화요일,서울특별시 광진구 중곡동,경상사고,0,0,1,0,차대차 - 기타,기타,건조,맑음,단일로 - 기타,승용,남,61-64세,상해없음,자전거,남,31-40세,경상