사고번호,발생년월,요일,시군구,사고내용,사망자수,중상자수,경상자수,부상신고자수,사고유형,법규위반,노면상태,기상상태,도로형태,가해운전자 차종,가해운전자 성별,가해운전자 연령대,가해운전자 상해정도,피해운전자 차종,피해운전자 성별,피해운전자 연령대,피해운전자 상해정도
2015100500100058,2015년 10월,월요일,서울특별시 광진구 구의동,경상사고,0,0,1,0,차대차 - 기타,교차로운행방법위반,건조,맑음,교차로 - 교차로안,승용,남,65세 이상,상해없음,승용,남,51-60세,상해없음
2015100500100059,2015년 10월,월요일,서울특별시 광진구 자양동,경상사고,0,0,1,0,차대사람 - 기타,안전운전불이행,건조,맑음,단일로 - 기타,승용,남,51-60세,상해없음,보행자,여,21-30세,경상
2.0151E+15,2015년 10월,월요일,서울특별시 광진구 자양동,중상사고,0,2,0,0,차대차 - 충돌,안전운전불이행,건조,맑음,단일로 - 교량,승용,남,65세 이상,중상,자전거,여,31-40세,중상
2015100500100291,2015년 10월,월요일,서울특별시 광진구 능동,경상사고,0,0,1,0,차대차 - 추돌,안전운전불이행,건조,맑음,단일로 - 기타,승합,남,41-50세,상해없음,승용,남,51-60세,상해없음
2015100500100636,2015년 10월,월요일,서울특별시 광진구 군자동,중상사고,0,1,0,0,차대차 - 추돌,교차로운행방법위반,건조,맑음,교차로 - 교차로부근,승용,남,65세 이상,상해없음,승용,여,31-40세,중상
2015100500100675,2015년 10월,월요일,서울특별시 광진구 화양동,중상사고,0,1,1,0,차대차 - 기타,안전운전불이행,건조,맑음,교차로 - 교차로부근,승용,남,41-50세,경상,승용,여,51-60세,중상
2015100600100231,2015년 10월,화요일,서울특별시 광진구 자양동,경상사고,0,0,1,0,차량단독 - 전도전복,안전운전불이행,건조,맑음,교차로 - 교차로부근,자전거,남,41-50세,경상,,,,
2.0151E+15,2015년 10월,수요일,서울특별시 광진구 군자동,경상사고,0,0,4,0,차대차 - 추돌,중앙선침범,건조,맑음,단일로 - 교량,승용,남,41-50세,상해없음,승합,남,65세 이상,상해없음
2015100700100359,2015년 10월,수요일,서울특별시 광진구 자양동,중상사고,0,1,0,0,차대차 - 충돌,안전운전불이행,건조,맑음,교차로 - 교차로안,자전거,남,20세 이하,중상,승합,남,31-40세,상해없음
2015100700100516,2015년 10월,수요일,서울특별시 광진구 구의동,경상사고,0,0,1,0,차대사람 - 횡단중,안전운전불이행,건조,맑음,단일로 - 기타,승용,남,51-60세,상해없음,보행자,남,65세 이상,경상
2015100700100608,2015년 10월,수요일,서울특별시 광진구 구의동,경상사고,0,0,1,0,차대사람 - 횡단중,안전운전불이행,건조,맑음,단일로 - 기타,승용,남,51-60세,상해없음,보행자,여,41-50세,경상
2015100800100029,2015년 10월,목요일,서울특별시 광진구 구의동,경상사고,0,0,1,0,차대사람 - 차도통행중,신호위반,건조,맑음,교차로 - 교차로안,승용,남,41-50세,상해없음,보행자,남,13-20세,경상
2.0151E+15,2015년 10월,목요일,서울특별시 광진구 자양동,부상신고사고,0,0,0,1,차대차 - 추돌,안전운전불이행,건조,맑음,단일로 - 기타,승용,남,31-40세,부상신고,건설기계,남,31-40세,상해없음
2015100800100293,2015년 10월,목요일,서울특별시 광진구 광장동,경상사고,0,0,2,0,차대차 - 기타,안전운전불이행,건조,맑음,단일로 - 기타,승용,남,51-60세,상해없음,승합,남,41-50세,상해없음
2015100800100363,2015년 10월,목요일,서울특별시 광진구 중곡동,중상사고,0,1,0,0,차대사람 - 기타,안전운전불이행,건조,맑음,단일로 - 기타,승용,남,51-60세,상해없음,보행자,남,12세 이하,중상
2015100900100034,2015년 10월,금요일,서울특별시 광진구 광장동,중상사고,0,1,0,0,차량단독 - 기타,안전운전불이행,건조,맑음,단일로 - 기타,승용,남,51-60세,상해없음,,,,
2015100900100058,2015년 10월,금요일,서울특별시 광진구 광장동,경상사고,0,0,1,0,차대차 - 추돌,안전운전불이행,건조,맑음,단일로 - 기타,승용,남,51-60세,경상,건설기계,남,61-64세,기타불명
2015100900100123,2015년 10월,금요일,서울특별시 광진구 구의동,중상사고,0,1,0,0,차대사람 - 보도통행중,기타,건조,맑음,단일로 - 기타,특수,남,31-40세,상해없음,보행자,남,65세 이상,중상
2015100900100607,2015년 10월,금요일,서울특별시 광진구 자양동,부상신고사고,0,0,0,1,차대사람 - 횡단중,신호위반,건조,맑음,교차로 - 교차로부근,원동기,남,20세 이하,상해없음,보행자,여,51-60세,부상신고
2015100900100703,2015년 10월,금요일,서울특별시 광진구 자양동,경상사고,0,0,3,0,차대차 - 기타,안전운전불이행,건조,맑음,교차로 - 교차로안,승용,남,51-60세,상해없음,승용,남,31-40세,경상
2015101000100407,2015년 10월,토요일,서울특별시 광진구 구의동,중상사고,0,1,0,0,차대사람 - 횡단중,안전운전불이행,건조,맑음,단일로 - 횡단보도상,승용,남,65세 이상,상해없음,보행자,여,65세 이상,중상
2.0151E+15,2015년 10월,토요일,서울특별시 광진구 군자동,경상사고,0,0,1,0,차대차 - 추돌,안전거리미확보,건조,맑음,단일로 - 기타,승용,남,61-64세,상해없음,승용,남,21-30세,경상
2015101100100028,2015년 10월,일요일,서울특별시 광진구 구의동,경상사고,0,0,2,0,차대차 - 추돌,안전거리미확보,건조,맑음,단일로 - 기타,승용,남,65세 이상,상해없음,승용,남,51-60세,경상
2015101100100073,2015년 10월,일요일,서울특별시 광진구 광장동,중상사고,0,2,0,0,차대차 - 충돌,신호위반,건조,맑음,교차로 - 교차로안,승용,남,31-40세,상해없음,승용,여,31-40세,중상
2015101100100449,2015년 10월,일요일,서울특별시 광진구 중곡동,경상사고,0,0,1,0,차대차 - 기타,안전운전불이행,건조,맑음,단일로 - 기타,원동기,남,21-30세,상해없음,승용,남,31-40세,경상
2015101100100503,2015년 10월,일요일,서울특별시 광진구 자양동,중상사고,0,1,1,0,차대차 - 기타,안전거리미확보,습기,비,교차로 - 교차로안,승용,남,51-60세,상해없음,승용,기타불명,기타불명,기타불명
2015101200100016,2015년 10월,월요일,서울특별시 광진구 구의동,경상사고,0,0,2,0,차대차 - 기타,안전운전불이행,건조,맑음,단일로 - 기타,승용,여,21-30세,상해없음,승용,남,51-60세,경상
2015101200100118,2015년 10월,월요일,서울특별시 광진구 능동,경상사고,0,0,1,0,차대차 - 추돌,안전운전불이행,건조,맑음,단일로 - 기타,승용,남,21-30세,상해없음,승용,남,41-50세,경상
2015101200100248,2015년 10월,월요일,서울특별시 광진구 중곡동,경상사고,0,0,1,0,차대차 - 충돌,교차로운행방법위반,건조,맑음,교차로 - 교차로안,승용,남,41-50세,상해없음,이륜,남,51-60세,경상
2015101200100425,2015년 10월,월요일,서울특별시 광진구 구의동,중상사고,0,1,0,0,차대사람 - 기타,안전운전불이행,건조,맑음,단일로 - 기타,승용,여,41-50세,상해없음,보행자,여,51-60세,중상
2015101200100426,2015년 10월,월요일,서울특별시 광진구 구의동,중상사고,0,1,0,0,차대차 - 충돌,안전운전불이행,건조,맑음,교차로 - 교차로안,자전거,남,65세 이상,중상,승합,남,41-50세,상해없음
2015101200100525,2015년 10월,월요일,서울특별시 광진구 구의동,경상사고,0,0,1,0,차대차 - 기타,안전운전불이행,건조,맑음,교차로 - 교차로안,승용,남,21-30세,상해없음,승용,남,41-50세,경상
2015101300100241,2015년 10월,화요일,서울특별시 광진구 군자동,부상신고사고,0,0,0,1,차대차 - 충돌,신호위반,건조,맑음,교차로 - 교차로안,승용,남,51-60세,상해없음,이륜,남,51-60세,부상신고
2015101300100406,2015년 10월,화요일,서울특별시 광진구 중곡동,중상사고,0,1,0,0,차대차 - 추돌,안전운전불이행,건조,맑음,교차로 - 교차로부근,기타불명,기타불명,기타불명,기타불명,자전거,남,13-20세,중상
2015101300100594,2015년 10월,화요일,서울특별시 광진구 자양동,중상사고,0,2,0,0,차대차 - 충돌,신호위반,건조,맑음,교차로 - 교차로안,승용,남,61-64세,상해없음,승용,남,21-30세,중상
2015101400100124,2015년 10월,수요일,서울특별시 광진구 자양동,중상사고,0,1,2,0,차대차 - 기타,안전운전불이행,건조,맑음,단일로 - 기타,승용,남,61-64세,상해없음,승용,남,51-60세,경상
2015101400100361,2015년 10월,수요일,서울특별시 광진구 구의동,경상사고,0,0,2,0,차대차 - 기타,안전거리미확보,건조,맑음,단일로 - 기타,승용,남,51-60세,상해없음,승합,남,65세 이상,상해없음
2015101400100402,2015년 10월,수요일,서울특별시 광진구 중곡동,경상사고,0,0,1,0,차대차 - 충돌,안전운전불이행,건조,맑음,단일로 - 기타,승용,남,65세 이상,상해없음,화물,남,31-40세,경상
2015101500100014,2015년 10월,목요일,서울특별시 광진구 자양동,경상사고,0,0,3,0,차대차 - 추돌,안전거리미확보,건조,맑음,단일로 - 기타,승용,남,41-50세,상해없음,승용,남,41-50세,상해없음
2015101500100408,2015년 10월,목요일,서울특별시 광진구 군자동,중상사고,0,1,0,0,차대차 - 기타,신호위반,건조,맑음,교차로 - 교차로안,원동기,남,51-60세,상해없음,원동기,남,51-60세,중상
2015101500100555,2015년 10월,목요일,서울특별시 광진구 구의동,경상사고,0,0,1,0,차대사람 - 차도통행중,안전운전불이행,건조,맑음,단일로 - 기타,승용,남,51-60세,상해없음,보행자,남,65세 이상,경상
2015101600100239,2015년 10월,금요일,서울특별시 광진구 화양동,중상사고,0,1,1,0,차대차 - 충돌,신호위반,건조,맑음,교차로 - 교차로안,이륜,남,61-64세,중상,승용,남,61-64세,경상
2015101600100292,2015년 10월,금요일,서울특별시 광진구 구의동,경상사고,0,0,1,0,차대차 - 추돌,안전운전불이행,건조,맑음,교차로 - 교차로안,승용,남,51-60세,상해없음,승용,남,31-40세,경상
2015101600100327,2015년 10월,금요일,서울특별시 광진구 자양동,중상사고,0,2,0,0,차대사람 - 기타,안전운전불이행,건조,맑음,단일로 - 기타,자전거,남,20세 이하,중상,보행자,여,51-60세,중상
2015101600100446,2015년 10월,금요일,서울특별시 광진구 구의동,중상사고,0,1,0,0,차대사람 - 차도통행중,안전운전불이행,건조,맑음,단일로 - 기타,승용,남,21-30세,상해없음,보행자,여,31-40세,중상
2015101600100716,2015년 10월,금요일,서울특별시 광진구 화양동,경상사고,0,0,1,0,차대사람 - 길가장자리구역통행중,안전운전불이행,건조,맑음,단일로 - 기타,승용,여,51-60세,상해없음,보행자,남,21-30세,경상
2015101700100048,2015년 10월,토요일,서울특별시 광진구 화양동,경상사고,0,0,1,0,차대사람 - 기타,신호위반,건조,맑음,교차로 - 교차로부근,승용,남,41-50세,상해없음,보행자,남,13-20세,경상
2015101700100667,2015년 10월,토요일,서울특별시 광진구 광장동,경상사고,0,0,3,0,차대차 - 기타,안전운전불이행,건조,맑음,단일로 - 기타,승용,남,41-50세,상해없음,승용,남,31-40세,경상
2015101700100705,2015년 10월,토요일,서울특별시 광진구 광장동,경상사고,0,0,1,0,차대차 - 기타,안전운전불이행,건조,맑음,단일로 - 기타,승용,남,31-40세,상해없음,승용,남,21-30세,경상
2015101800100134,2015년 10월,일요일,서울특별시 광진구 자양동,중상사고,0,1,0,0,차대사람 - 기타,신호위반,건조,맑음,단일로 - 기타,화물,남,51-60세,상해없음,보행자,여,61-64세,중상
2015101800100135,2015년 10월,일요일,서울특별시 광진구 구의동,경상사고,0,0,4,0,차대차 - 충돌,신호위반,건조,맑음,교차로 - 교차로안,승용,남,65세 이상,경상,승용,여,51-60세,경상
2015101800100379,2015년 10월,일요일,서울특별시 광진구 중곡동,경상사고,0,0,1,1,차대차 - 충돌,안전운전불이행,건조,맑음,기타 - 기타,승용,남,65세 이상,경상,승용,여,31-40세,부상신고
2015101900100028,2015년 10월,월요일,서울특별시 광진구 광장동,중상사고,0,2,1,0,차대차 - 추돌,안전운전불이행,기타,맑음,단일로 - 기타,승용,남,21-30세,상해없음,원동기,남,21-30세,중상
2015101900100038,2015년 10월,월요일,서울특별시 광진구 화양동,경상사고,0,0,1,0,차대차 - 추돌,안전운전불이행,건조,맑음,교차로 - 교차로안,승용,남,51-60세,상해없음,승용,여,51-60세,경상
2015101900100117,2015년 10월,월요일,서울특별시 광진구 자양동,경상사고,0,0,1,0,차대차 - 충돌,안전운전불이행,건조,맑음,교차로 - 교차로부근,승용,남,61-64세,상해없음,승용,여,31-40세,경상
2015101900100231,2015년 10월,월요일,서울특별시 광진구 군자동,경상사고,0,0,1,0,차대차 - 추돌,안전운전불이행,건조,맑음,교차로 - 교차로부근,승합,남,21-30세,상해없음,승용,남,51-60세,경상
2015101900100354,2015년 10월,월요일,서울특별시 광진구 구의동,중상사고,0,1,0,0,차대차 - 추돌,기타,건조,맑음,단일로 - 기타,승용,남,51-60세,상해없음,자전거,남,65세 이상,중상
2015101900100445,2015년 10월,월요일,서울특별시 광진구 능동,경상사고,0,0,1,0,차대차 - 충돌,신호위반,건조,맑음,교차로 - 교차로안,화물,남,41-50세,상해없음,승용,남,31-40세,경상
2015102000100642,2015년 10월,화요일,서울특별시 광진구 중곡동,부상신고사고,0,0,0,1,차대사람 - 기타,안전운전불이행,건조,맑음,단일로 - 기타,승용,남,65세 이상,상해없음,보행자,여,65세 이상,부상신고
2015102100100088,2015년 10월,수요일,서울특별시 광진구 자양동,중상사고,0,1,0,0,차대차 - 기타,신호위반,건조,맑음,교차로 - 교차로안,건설기계,남,31-40세,상해없음,원동기,여,21-30세,중상
2015102100100119,2015년 10월,수요일,서울특별시 광진구 구의동,부상신고사고,0,0,0,1,차대사람 - 기타,안전운전불이행,건조,맑음,단일로 - 기타,자전거,남,20세 이하,상해없음,보행자,남,12세 이하,부상신고
2.0151E+15,2015년 10월,수요일,서울특별시 광진구 자양동,부상신고사고,0,0,0,1,차대사람 - 기타,안전운전불이행,건조,맑음,기타 - 기타,자전거,여,20세 이하,상해없음,보행자,여,65세 이상,부상신고
2015102100100465,2015년 10월,수요일,서울특별시 광진구 자양동,경상사고,0,0,1,1,차대차 - 충돌,안전거리미확보,건조,맑음,교차로 - 교차로부근,이륜,남,65세 이상,부상신고,승용,남,61-64세,경상
2015102200100003,2015년 10월,목요일,서울특별시 광진구 자양동,중상사고,0,4,1,0,차대차 - 추돌,안전운전불이행,건조,맑음,단일로 - 기타,승용,남,31-40세,기타불명,화물,남,61-64세,중상
2015102200100025,2015년 10월,목요일,서울특별시 광진구 중곡동,경상사고,0,0,1,0,차대차 - 추돌,안전운전불이행,건조,맑음,단일로 - 기타,승용,남,21-30세,상해없음,승용,남,51-60세,경상
2015102200100026,2015년 10월,목요일,서울특별시 광진구 중곡동,경상사고,0,0,1,0,차대차 - 추돌,안전운전불이행,건조,맑음,교차로 - 교차로안,원동기,남,41-50세,경상,건설기계,남,51-60세,기타불명
2015102200100205,2015년 10월,목요일,서울특별시 광진구 중곡동,경상사고,0,0,1,0,차대차 - 충돌,중앙선침범,건조,맑음,교차로 - 교차로부근,승용,여,31-40세,상해없음,승용,남,31-40세,경상
2015102200100331,2015년 10월,목요일,서울특별시 광진구 능동,중상사고,0,1,0,0,차대사람 - 횡단중,안전운전불이행,건조,맑음,단일로 - 기타,승용,여,41-50세,상해없음,보행자,남,51-60세,중상
2015102200100332,2015년 10월,목요일,서울특별시 광진구 중곡동,부상신고사고,0,0,0,1,차대사람 - 보도통행중,안전운전불이행,건조,맑음,단일로 - 기타,승용,여,41-50세,상해없음,보행자,남,41-50세,부상신고
2015102200100361,2015년 10월,목요일,서울특별시 광진구 자양동,중상사고,0,1,0,0,차대차 - 충돌,안전운전불이행,건조,맑음,교차로 - 교차로부근,화물,남,41-50세,상해없음,자전거,여,51-60세,중상
2015102200100634,2015년 10월,목요일,서울특별시 광진구 중곡동,경상사고,0,0,1,0,차대사람 - 횡단중,안전운전불이행,건조,맑음,교차로 - 교차로안,이륜,남,21-30세,상해없음,보행자,남,51-60세,경상
2015102200100635,2015년 10월,목요일,서울특별시 광진구 화양동,경상사고,0,0,1,0,차대차 - 기타,교차로운행방법위반,건조,맑음,교차로 - 교차로안,기타불명,기타불명,기타불명,기타불명,이륜,남,21-30세,경상
2015102300100045,2015년 10월,금요일,서울특별시 광진구 구의동,경상사고,0,0,1,0,차량단독 - 기타,안전운전불이행,건조,맑음,교차로 - 교차로안,승용,남,51-60세,상해없음,,,,
2015102300100292,2015년 10월,금요일,서울특별시 광진구 자양동,중상사고,0,1,0,0,차대차 - 기타,안전운전불이행,건조,맑음,단일로 - 기타,승용,남,65세 이상,상해없음,자전거,여,51-60세,중상
2015102300100326,2015년 10월,금요일,서울특별시 광진구 중곡동,중상사고,0,1,0,0,차대사람 - 횡단중,보행자보호의무위반,건조,맑음,단일로 - 횡단보도상,승용,남,21-30세,상해없음,보행자,여,65세 이상,중상
2015102300100503,2015년 10월,금요일,서울특별시 광진구 구의동,경상사고,0,0,1,0,차대사람 - 기타,안전운전불이행,건조,맑음,단일로 - 기타,원동기,기타불명,기타불명,기타불명,보행자,여,51-60세,경상
2015102300100753,2015년 10월,금요일,서울특별시 광진구 중곡동,경상사고,0,0,1,0,차대사람 - 기타,보행자보호의무위반,건조,맑음,단일로 - 기타,승용,기타불명,기타불명,기타불명,보행자,남,41-50세,경상
2015102400100107,2015년 10월,토요일,서울특별시 광진구 군자동,중상사고,0,1,0,0,차대사람 - 기타,보행자보호의무위반,습기,비,교차로 - 교차로안,화물,남,51-60세,상해없음,보행자,남,65세 이상,중상
2015102400100211,2015년 10월,토요일,서울특별시 광진구 광장동,중상사고,0,1,0,0,차대사람 - 기타,기타,건조,맑음,단일로 - 기타,승합,남,51-60세,상해없음,보행자,여,51-60세,중상
2015102400100442,2015년 10월,토요일,서울특별시 광진구 자양동,중상사고,0,1,0,0,차대사람 - 횡단중,보행자보호의무위반,건조,맑음,교차로 - 교차로안,승용,남,65세 이상,상해없음,보행자,여,61-64세,중상
2015102400100556,2015년 10월,토요일,서울특별시 광진구 화양동,중상사고,0,1,0,0,차대차 - 기타,안전운전불이행,건조,맑음,미분류 - 미분류,승용,여,31-40세,기타불명,승용,여,21-30세,중상
2015102500100001,2015년 10월,일요일,서울특별시 광진구 자양동,경상사고,0,0,1,0,차대차 - 충돌,안전거리미확보,건조,맑음,단일로 - 기타,승용,남,51-60세,상해없음,원동기,남,21-30세,경상
2015102500100129,2015년 10월,일요일,서울특별시 광진구 광장동,경상사고,0,0,1,0,차대차 - 추돌,안전운전불이행,건조,맑음,단일로 - 기타,승용,남,31-40세,상해없음,승용,남,31-40세,경상
2015102500100201,2015년 10월,일요일,서울특별시 광진구 자양동,경상사고,0,0,1,0,차대차 - 충돌,안전운전불이행,건조,맑음,단일로 - 기타,자전거,남,51-60세,상해없음,자전거,남,61-64세,경상
2015102600100065,2015년 10월,월요일,서울특별시 광진구 구의동,경상사고,0,0,1,0,차대차 - 충돌,신호위반,건조,맑음,교차로 - 교차로안,기타불명,기타불명,기타불명,기타불명,자전거,여,13-20세,경상
2015102600100157,2015년 10월,월요일,서울특별시 광진구 군자동,중상사고,0,1,0,0,차대사람 - 기타,안전운전불이행,건조,맑음,단일로 - 기타,원동기,남,41-50세,상해없음,보행자,여,41-50세,중상
2015102700100003,2015년 10월,화요일,서울특별시 광진구 군자동,중상사고,0,1,0,0,차대사람 - 기타,신호위반,습기,비,교차로 - 교차로안,승용,여,31-40세,상해없음,보행자,남,31-40세,중상
2015102700100055,2015년 10월,화요일,서울특별시 광진구 광장동,경상사고,0,0,2,0,차대차 - 기타,안전운전불이행,습기,비,단일로 - 기타,승용,남,31-40세,상해없음,승용,남,21-30세,경상
2015102700100242,2015년 10월,화요일,서울특별시 광진구 광장동,경상사고,0,0,1,1,차대차 - 기타,안전운전불이행,건조,맑음,교차로 - 교차로안,승용,여,21-30세,경상,승용,남,21-30세,상해없음
2015102700100668,2015년 10월,화요일,서울특별시 광진구 자양동,중상사고,0,1,0,0,차대차 - 충돌,안전운전불이행,건조,맑음,단일로 - 기타,원동기,남,20세 이하,중상,승용,남,31-40세,상해없음
2015102800100119,2015년 10월,수요일,서울특별시 광진구 능동,중상사고,0,1,0,0,차대차 - 충돌,안전거리미확보,건조,맑음,단일로 - 기타,승용,남,65세 이상,상해없음,이륜,여,21-30세,중상
2.0151E+15,2015년 10월,수요일,서울특별시 광진구 자양동,부상신고사고,0,0,0,1,차대사람 - 기타,안전운전불이행,건조,맑음,교차로 - 교차로안,승용,남,41-50세,상해없음,보행자,남,65세 이상,부상신고
2015102800100294,2015년 10월,수요일,서울특별시 광진구 구의동,경상사고,0,0,1,0,차대차 - 기타,안전거리미확보,건조,맑음,단일로 - 기타,승용,남,21-30세,상해없음,승용,남,41-50세,경상
2015102800100422,2015년 10월,수요일,서울특별시 광진구 구의동,중상사고,0,1,0,0,차대차 - 충돌,안전운전불이행,건조,맑음,교차로 - 교차로부근,승용,남,20세 이하,상해없음,자전거,남,21-30세,중상
2015102800100501,2015년 10월,수요일,서울특별시 광진구 구의동,중상사고,0,1,0,0,차대차 - 충돌,안전운전불이행,건조,맑음,단일로 - 기타,승합,남,51-60세,상해없음,자전거,남,21-30세,중상
2.0151E+15,2015년 10월,목요일,서울특별시 광진구 자양동,경상사고,0,0,1,0,차대차 - 추돌,안전운전불이행,건조,맑음,교차로 - 교차로안,승용,남,31-40세,상해없음,승용,남,51-60세,경상
2015102900100047,2015년 10월,목요일,서울특별시 광진구 자양동,중상사고,0,1,2,0,차대차 - 충돌,신호위반,건조,맑음,교차로 - 교차로안,승용,남,31-40세,상해없음,승용,남,21-30세,중상
2015102900100048,2015년 10월,목요일,서울특별시 광진구 중곡동,중상사고,0,1,0,0,차대차 - 충돌,신호위반,건조,맑음,교차로 - 교차로안,승용,남,61-64세,상해없음,원동기,남,21-30세,중상
2015102900100059,2015년 10월,목요일,서울특별시 광진구 구의동,경상사고,0,0,1,0,차대차 - 추돌,안전운전불이행,건조,맑음,단일로 - 기타,화물,남,51-60세,상해없음,승용,여,31-40세,경상
2015102900100234,2015년 10월,목요일,서울특별시 광진구 중곡동,중상사고,0,1,0,0,차대차 - 기타,안전운전불이행,건조,맑음,단일로 - 기타,승합,남,65세 이상,상해없음,원동기,남,41-50세,중상
2015103000100104,2015년 10월,금요일,서울특별시 광진구 자양동,중상사고,0,1,4,0,차대차 - 충돌,안전운전불이행,건조,맑음,단일로 - 기타,승용,여,21-30세,중상,승용,남,41-50세,상해없음
2015103000100105,2015년 10월,금요일,서울특별시 광진구 화양동,경상사고,0,0,1,0,차대차 - 충돌,안전운전불이행,건조,맑음,단일로 - 기타,화물,남,51-60세,상해없음,원동기,남,21-30세,경상
2015103000100106,2015년 10월,금요일,서울특별시 광진구 군자동,경상사고,0,0,1,1,차대차 - 기타,차로위반,건조,맑음,단일로 - 기타,승용,남,61-64세,상해없음,승용,남,21-30세,경상
2015103000100221,2015년 10월,금요일,서울특별시 광진구 자양동,중상사고,0,1,0,0,차대차 - 기타,직진우회전진행방해,건조,맑음,교차로 - 교차로안,자전거,여,51-60세,중상,승용,남,41-50세,상해없음
2015103000100222,2015년 10월,금요일,서울특별시 광진구 군자동,중상사고,0,1,0,0,차대사람 - 기타,안전운전불이행,건조,맑음,단일로 - 기타,자전거,남,21-30세,상해없음,보행자,여,65세 이상,중상
2015103000100339,2015년 10월,금요일,서울특별시 광진구 군자동,경상사고,0,0,1,0,차대차 - 기타,직진우회전진행방해,건조,맑음,교차로 - 교차로안,원동기,남,65세 이상,경상,승용,여,61-64세,상해없음
2015103000100386,2015년 10월,금요일,서울특별시 광진구 중곡동,경상사고,0,0,1,0,차대사람 - 횡단중,안전운전불이행,건조,맑음,교차로 - 교차로부근,승용,기타불명,기타불명,기타불명,보행자,여,41-50세,경상
2015103000100648,2015년 10월,금요일,서울특별시 광진구 자양동,중상사고,0,1,0,0,차대차 - 기타,안전운전불이행,건조,맑음,교차로 - 교차로안,자전거,여,41-50세,중상,승합,남,41-50세,상해없음
2015103000100775,2015년 10월,금요일,서울특별시 광진구 중곡동,부상신고사고,0,0,0,1,차대차 - 충돌,안전운전불이행,건조,맑음,단일로 - 기타,승용,남,41-50세,상해없음,이륜,남,51-60세,부상신고
2015103000100806,2015년 10월,금요일,서울특별시 광진구 중곡동,중상사고,0,1,0,0,차대차 - 기타,안전운전불이행,건조,맑음,단일로 - 기타,승용,남,51-60세,상해없음,화물,남,51-60세,상해없음
2015103100100003,2015년 10월,토요일,서울특별시 광진구 구의동,중상사고,0,1,0,0,차대차 - 충돌,안전운전불이행,건조,맑음,단일로 - 기타,승용,여,31-40세,상해없음,화물,남,31-40세,중상
2015103100100296,2015년 10월,토요일,서울특별시 광진구 구의동,경상사고,0,0,3,0,차대차 - 충돌,안전거리미확보,건조,맑음,교차로 - 교차로부근,승용,남,65세 이상,경상,승용,남,51-60세,경상
2.0151E+15,2015년 10월,토요일,서울특별시 광진구 화양동,경상사고,0,0,2,0,차대차 - 추돌,안전운전불이행,건조,맑음,단일로 - 기타,승용,여,41-50세,상해없음,화물,남,31-40세,경상
2015103100100629,2015년 10월,토요일,서울특별시 광진구 중곡동,부상신고사고,0,0,0,1,차대차 - 충돌,안전거리미확보,건조,맑음,단일로 - 기타,화물,남,31-40세,상해없음,원동기,남,13-20세,부상신고
2.0151E+15,2015년 10월,토요일,서울특별시 광진구 구의동,경상사고,0,0,1,0,차량단독 - 기타,안전운전불이행,건조,맑음,단일로 - 기타,승합,남,51-60세,기타불명,,,,
2.0151E+15,2015년 10월,토요일,서울특별시 광진구 자양동,중상사고,0,1,0,0,차대차 - 충돌,안전운전불이행,건조,맑음,단일로 - 기타,승용,남,31-40세,상해없음,원동기,남,21-30세,중상
2015110100100003,2015년 11월,일요일,서울특별시 광진구 구의동,경상사고,0,0,2,0,차대차 - 기타,차로위반,건조,맑음,단일로 - 기타,승용,남,51-60세,상해없음,승용,남,41-50세,경상
2015110100100158,2015년 11월,일요일,서울특별시 광진구 중곡동,경상사고,0,0,2,0,차대차 - 충돌,차로위반,건조,맑음,단일로 - 기타,승용,남,21-30세,경상,승용,남,65세 이상,경상
2.01511E+15,2015년 11월,일요일,서울특별시 광진구 구의동,부상신고사고,0,0,0,1,차대사람 - 기타,안전운전불이행,건조,맑음,단일로 - 기타,승합,남,41-50세,상해없음,보행자,남,51-60세,부상신고
2015110200100022,2015년 11월,월요일,서울특별시 광진구 자양동,경상사고,0,0,1,0,차대차 - 기타,안전운전불이행,건조,맑음,단일로 - 기타,승용,남,21-30세,상해없음,화물,남,41-50세,경상
2015110200100057,2015년 11월,월요일,서울특별시 광진구 구의동,경상사고,0,0,1,0,차대차 - 기타,중앙선침범,건조,맑음,단일로 - 기타,승용,남,41-50세,상해없음,자전거,남,51-60세,경상
2015110300100049,2015년 11월,화요일,서울특별시 광진구 구의동,경상사고,0,0,1,0,차대차 - 추돌,안전운전불이행,건조,맑음,단일로 - 기타,승용,남,61-64세,상해없음,승용,남,31-40세,상해없음
2.01511E+15,2015년 11월,화요일,서울특별시 광진구 중곡동,부상신고사고,0,0,0,1,차량단독 - 기타,안전운전불이행,건조,맑음,교차로 - 교차로부근,승용,남,61-64세,상해없음,,,,
2015110300100064,2015년 11월,화요일,서울특별시 광진구 군자동,경상사고,0,0,1,0,차대차 - 추돌,안전운전불이행,건조,맑음,교차로 - 교차로부근,승용,여,51-60세,상해없음,승용,남,31-40세,경상
2015110300100203,2015년 11월,화요일,서울특별시 광진구 구의동,경상사고,0,0,1,0,차대사람 - 횡단중,보행자보호의무위반,건조,맑음,교차로 - 교차로안,승용,남,51-60세,상해없음,보행자,여,31-40세,경상
2015110300100675,2015년 11월,화요일,서울특별시 광진구 광장동,경상사고,0,0,1,0,차대차 - 충돌,신호위반,건조,맑음,단일로 - 기타,승용,남,31-40세,상해없음,원동기,남,31-40세,경상