사고번호,발생년월,요일,시군구,사고내용,사망자수,중상자수,경상자수,부상신고자수,사고유형,법규위반,노면상태,기상상태,도로형태,가해운전자 차종,가해운전자 성별,가해운전자 연령대,가해운전자 상해정도,피해운전자 차종,피해운전자 성별,피해운전자 연령대,피해운전자 상해정도
2015120900100378,2015년 12월,수요일,서울특별시 광진구 중곡동,경상사고,0,0,1,0,차대차 - 기타,차로위반,건조,맑음,교차로 - 교차로부근,승용,여,41-50세,상해없음,화물,남,41-50세,경상
2015121000100345,2015년 12월,목요일,서울특별시 광진구 중곡동,중상사고,0,1,0,0,차량단독 - 기타,기타,건조,맑음,단일로 - 기타,승합,남,51-60세,상해없음,,,,
2015121100100124,2015년 12월,금요일,서울특별시 광진구 중곡동,경상사고,0,0,1,0,차량단독 - 기타,안전운전불이행,건조,맑음,단일로 - 기타,승용,남,65세 이상,상해없음,,,,
2015121100100255,2015년 12월,금요일,서울특별시 광진구 군자동,경상사고,0,0,1,0,차대차 - 추돌,신호위반,건조,맑음,교차로 - 교차로안,승합,남,31-40세,상해없음,승용,여,65세 이상,상해없음
2015121100100429,2015년 12월,금요일,서울특별시 광진구 자양동,경상사고,0,0,1,0,차대차 - 기타,안전운전불이행,건조,맑음,단일로 - 기타,자전거,남,61-64세,경상,승용,남,65세 이상,상해없음
2.01512E+15,2015년 12월,금요일,서울특별시 광진구 자양동,경상사고,0,0,1,0,차대차 - 충돌,안전운전불이행,건조,맑음,교차로 - 교차로안,승용,기타불명,기타불명,기타불명,자전거,남,13-20세,경상
2015121100100485,2015년 12월,금요일,서울특별시 광진구 중곡동,중상사고,0,1,0,0,차량단독 - 기타,안전운전불이행,건조,맑음,단일로 - 기타,승합,남,61-64세,상해없음,,,,
2015121200100304,2015년 12월,토요일,서울특별시 광진구 광장동,경상사고,0,0,1,0,차대사람 - 보도통행중,기타,건조,맑음,단일로 - 기타,원동기,남,21-30세,상해없음,보행자,여,12세 이하,경상
2015121200100305,2015년 12월,토요일,서울특별시 광진구 자양동,부상신고사고,0,0,0,1,차대차 - 기타,안전운전불이행,건조,맑음,교차로 - 교차로부근,원동기,남,31-40세,부상신고,승합,남,51-60세,상해없음
2015121400100547,2015년 12월,월요일,서울특별시 광진구 중곡동,중상사고,0,1,0,0,차대차 - 충돌,교차로운행방법위반,건조,맑음,교차로 - 교차로안,승용,남,65세 이상,상해없음,이륜,남,65세 이상,중상
2015121600100133,2015년 12월,수요일,서울특별시 광진구 중곡동,중상사고,0,1,0,0,차대차 - 기타,기타,건조,맑음,단일로 - 기타,승용,남,51-60세,상해없음,원동기,여,31-40세,중상
2015121700100004,2015년 12월,목요일,서울특별시 광진구 중곡동,경상사고,0,0,2,0,차대차 - 추돌,안전운전불이행,건조,맑음,단일로 - 기타,승용,남,51-60세,상해없음,승합,남,21-30세,경상
2015121700100466,2015년 12월,목요일,서울특별시 광진구 자양동,경상사고,0,0,1,0,차대차 - 충돌,안전거리미확보,건조,맑음,단일로 - 기타,화물,기타불명,기타불명,기타불명,승용,남,31-40세,경상
2015121700100628,2015년 12월,목요일,서울특별시 광진구 구의동,중상사고,0,1,0,0,차대차 - 추돌,안전운전불이행,건조,맑음,교차로 - 교차로안,승용,남,21-30세,상해없음,승용,여,31-40세,중상
2.01512E+15,2015년 12월,금요일,서울특별시 광진구 화양동,경상사고,0,0,1,0,차대사람 - 기타,안전운전불이행,건조,맑음,단일로 - 기타,원동기,남,51-60세,상해없음,보행자,여,21-30세,경상
2015121800100695,2015년 12월,금요일,서울특별시 광진구 구의동,경상사고,0,0,1,0,차대차 - 추돌,안전운전불이행,건조,맑음,단일로 - 기타,승용,기타불명,기타불명,기타불명,원동기,남,31-40세,경상
2015121900100004,2015년 12월,토요일,서울특별시 광진구 능동,중상사고,0,1,1,0,차대차 - 충돌,신호위반,건조,맑음,교차로 - 교차로안,승용,남,41-50세,상해없음,원동기,남,65세 이상,중상
2015121900100005,2015년 12월,토요일,서울특별시 광진구 자양동,중상사고,0,1,0,0,차대차 - 충돌,신호위반,건조,맑음,교차로 - 교차로안,승용,남,31-40세,상해없음,원동기,남,51-60세,중상
2015121900100092,2015년 12월,토요일,서울특별시 광진구 화양동,경상사고,0,0,1,0,차대차 - 추돌,안전운전불이행,건조,맑음,단일로 - 기타,승용,남,61-64세,상해없음,승용,남,51-60세,경상
2015121900100107,2015년 12월,토요일,서울특별시 광진구 자양동,경상사고,0,0,2,0,차량단독 - 기타,안전운전불이행,건조,맑음,단일로 - 기타,승용,여,51-60세,상해없음,,,,
2.01512E+15,2015년 12월,토요일,서울특별시 광진구 자양동,중상사고,0,1,0,2,차대차 - 추돌,안전운전불이행,건조,맑음,단일로 - 기타,승용,남,31-40세,부상신고,승합,남,41-50세,상해없음
2015121900100282,2015년 12월,토요일,서울특별시 광진구 군자동,경상사고,0,0,1,0,차대차 - 기타,안전거리미확보,건조,맑음,단일로 - 기타,승용,남,65세 이상,상해없음,원동기,남,21-30세,경상
2015122000100324,2015년 12월,일요일,서울특별시 광진구 자양동,중상사고,0,1,0,0,차대사람 - 기타,안전운전불이행,건조,맑음,단일로 - 기타,승용,여,31-40세,상해없음,보행자,남,41-50세,중상
2015122000100395,2015년 12월,일요일,서울특별시 광진구 광장동,중상사고,0,1,0,1,차대차 - 기타,중앙선침범,건조,맑음,단일로 - 기타,승용,남,61-64세,상해없음,승용,남,41-50세,중상
2015122100100114,2015년 12월,월요일,서울특별시 광진구 구의동,경상사고,0,0,1,0,차대차 - 충돌,안전거리미확보,건조,맑음,단일로 - 기타,승용,남,61-64세,상해없음,승용,남,31-40세,경상
2015122100100115,2015년 12월,월요일,서울특별시 광진구 구의동,중상사고,0,1,0,0,차대사람 - 횡단중,안전운전불이행,습기,비,교차로 - 교차로부근,승용,남,41-50세,상해없음,보행자,남,13-20세,중상
2015122100100171,2015년 12월,월요일,서울특별시 광진구 구의동,경상사고,0,0,2,0,차대차 - 추돌,안전운전불이행,습기,비,단일로 - 기타,승용,남,21-30세,상해없음,승용,남,41-50세,경상
2015122100100172,2015년 12월,월요일,서울특별시 광진구 자양동,경상사고,0,0,2,0,차대차 - 충돌,안전거리미확보,건조,맑음,단일로 - 기타,승용,남,51-60세,경상,승용,여,41-50세,경상
2015122100100201,2015년 12월,월요일,서울특별시 광진구 구의동,경상사고,0,0,1,0,차대차 - 충돌,안전운전불이행,건조,맑음,교차로 - 교차로안,승용,여,51-60세,상해없음,승용,남,65세 이상,경상
2.01512E+15,2015년 12월,월요일,서울특별시 광진구 중곡동,중상사고,0,1,0,0,차대사람 - 보도통행중,기타,건조,맑음,단일로 - 기타,승용,남,61-64세,상해없음,보행자,여,41-50세,중상
2015122200100002,2015년 12월,화요일,서울특별시 광진구 구의동,중상사고,0,1,1,0,차대차 - 충돌,안전운전불이행,건조,맑음,교차로 - 교차로안,원동기,남,41-50세,중상,승용,남,61-64세,경상
2015122200100448,2015년 12월,화요일,서울특별시 광진구 자양동,경상사고,0,0,1,0,차대차 - 추돌,안전운전불이행,건조,맑음,단일로 - 교량,화물,여,31-40세,기타불명,승용,남,65세 이상,경상
2015122300100545,2015년 12월,수요일,서울특별시 광진구 구의동,경상사고,0,0,1,0,차대사람 - 기타,안전운전불이행,건조,맑음,단일로 - 기타,승용,여,21-30세,상해없음,보행자,남,21-30세,경상
2015122300100631,2015년 12월,수요일,서울특별시 광진구 화양동,중상사고,0,1,0,0,차대차 - 기타,차로위반,건조,맑음,단일로 - 기타,승용,남,31-40세,상해없음,승용,남,21-30세,중상
2015122400100478,2015년 12월,목요일,서울특별시 광진구 중곡동,경상사고,0,0,1,0,차대차 - 충돌,차로위반,기타,맑음,단일로 - 기타,승용,남,51-60세,경상,승용,여,51-60세,상해없음
2015122400100647,2015년 12월,목요일,서울특별시 광진구 군자동,중상사고,0,1,0,1,차대사람 - 횡단중,신호위반,건조,맑음,단일로 - 횡단보도상,승용,남,61-64세,상해없음,보행자,여,31-40세,중상
2015122500100049,2015년 12월,금요일,서울특별시 광진구 중곡동,경상사고,0,0,1,0,차대차 - 충돌,신호위반,건조,맑음,교차로 - 교차로안,승용,여,41-50세,상해없음,원동기,남,41-50세,경상
2015122500100469,2015년 12월,금요일,서울특별시 광진구 자양동,경상사고,0,0,1,0,차대차 - 기타,교차로운행방법위반,건조,맑음,교차로 - 교차로안,승용,남,41-50세,상해없음,승용,남,51-60세,상해없음
2015122600100063,2015년 12월,토요일,서울특별시 광진구 군자동,경상사고,0,0,1,0,차대차 - 추돌,안전거리미확보,건조,맑음,단일로 - 기타,승용,남,51-60세,상해없음,승용,남,41-50세,경상
2015122700100045,2015년 12월,일요일,서울특별시 광진구 화양동,경상사고,0,0,1,0,차대사람 - 기타,안전운전불이행,건조,맑음,기타 - 기타,승용,남,51-60세,상해없음,보행자,남,21-30세,경상
2015122700100046,2015년 12월,일요일,서울특별시 광진구 군자동,중상사고,0,2,0,0,차대사람 - 기타,안전운전불이행,건조,맑음,단일로 - 기타,원동기,남,41-50세,중상,보행자,남,31-40세,중상
2015122700100167,2015년 12월,일요일,서울특별시 광진구 구의동,경상사고,0,0,1,0,차대사람 - 기타,안전운전불이행,건조,맑음,단일로 - 기타,승합,남,51-60세,상해없음,보행자,남,41-50세,경상
2015122700100217,2015년 12월,일요일,서울특별시 광진구 자양동,중상사고,0,1,0,0,차대사람 - 횡단중,안전운전불이행,건조,맑음,단일로 - 기타,승용,여,51-60세,상해없음,보행자,남,41-50세,중상
2015122700100218,2015년 12월,일요일,서울특별시 광진구 화양동,경상사고,0,0,1,0,차대차 - 충돌,안전거리미확보,건조,맑음,단일로 - 기타,승용,여,31-40세,상해없음,승용,남,21-30세,경상
2015122700100268,2015년 12월,일요일,서울특별시 광진구 화양동,경상사고,0,0,1,0,차대차 - 충돌,신호위반,건조,맑음,단일로 - 횡단보도상,승용,남,21-30세,상해없음,자전거,남,13-20세,경상
2015122800100272,2015년 12월,월요일,서울특별시 광진구 구의동,경상사고,0,0,1,0,차대차 - 추돌,안전거리미확보,건조,맑음,단일로 - 교량,승용,남,61-64세,상해없음,승용,남,21-30세,경상
2.01512E+15,2015년 12월,월요일,서울특별시 광진구 화양동,경상사고,0,0,1,0,차대사람 - 기타,안전운전불이행,건조,맑음,단일로 - 기타,승용,여,31-40세,상해없음,보행자,여,21-30세,경상
2015122900100362,2015년 12월,화요일,서울특별시 광진구 자양동,경상사고,0,0,2,0,차대차 - 기타,안전운전불이행,건조,맑음,단일로 - 기타,승용,남,41-50세,상해없음,승용,남,31-40세,경상
2015123000100122,2015년 12월,수요일,서울특별시 광진구 구의동,경상사고,0,0,1,0,차대사람 - 기타,안전운전불이행,건조,맑음,단일로 - 기타,자전거,남,65세 이상,상해없음,보행자,여,21-30세,경상
2015123000100605,2015년 12월,수요일,서울특별시 광진구 화양동,경상사고,0,0,1,0,차대차 - 충돌,안전운전불이행,기타,맑음,기타 - 기타,승용,남,41-50세,기타불명,승합,남,41-50세,경상
2015123100100529,2015년 12월,목요일,서울특별시 광진구 중곡동,중상사고,0,1,3,0,차대차 - 기타,불법유턴,건조,맑음,단일로 - 교량,승용,남,31-40세,상해없음,승합,남,51-60세,경상
2.01512E+15,2015년 12월,목요일,서울특별시 광진구 중곡동,경상사고,0,0,1,0,차대차 - 기타,안전운전불이행,건조,맑음,단일로 - 기타,승용,남,31-40세,상해없음,화물,남,51-60세,경상
2015123100100652,2015년 12월,목요일,서울특별시 광진구 광장동,중상사고,0,1,4,0,차대차 - 기타,안전운전불이행,건조,맑음,단일로 - 기타,승용,남,65세 이상,상해없음,승용,남,31-40세,경상
2015123100100688,2015년 12월,목요일,서울특별시 광진구 중곡동,부상신고사고,0,0,0,1,차량단독 - 기타,안전운전불이행,건조,맑음,단일로 - 기타,승용,남,61-64세,상해없음,,,,
2.01601E+15,2016년 1월,금요일,서울특별시 광진구 화양동,중상사고,0,1,1,0,차대차 - 추돌,안전운전불이행,건조,맑음,교차로 - 교차로안,승용,남,41-50세,상해없음,승용,남,51-60세,중상
2016010100100093,2016년 1월,금요일,서울특별시 광진구 자양동,중상사고,0,1,1,0,차대차 - 기타,안전운전불이행,건조,흐림,단일로 - 기타,승용,남,51-60세,중상,승용,남,51-60세,경상
2016010100100117,2016년 1월,금요일,서울특별시 광진구 자양동,중상사고,0,2,3,0,차대차 - 기타,신호위반,건조,맑음,교차로 - 교차로안,승용,남,20세 이하,상해없음,승용,남,61-64세,중상
2016010100100235,2016년 1월,금요일,서울특별시 광진구 자양동,중상사고,0,1,0,0,차량단독 - 기타,안전운전불이행,건조,맑음,단일로 - 기타,승합,남,51-60세,상해없음,,,,
2016010200100087,2016년 1월,토요일,서울특별시 광진구 자양동,중상사고,0,1,0,0,차대차 - 충돌,차로위반,건조,맑음,교차로 - 교차로안,승용,기타불명,기타불명,기타불명,승용,남,31-40세,상해없음
2016010200100172,2016년 1월,토요일,서울특별시 광진구 중곡동,경상사고,0,0,1,0,차대사람 - 차도통행중,안전운전불이행,건조,맑음,단일로 - 기타,승용,남,41-50세,상해없음,보행자,남,65세 이상,경상
2016010200100458,2016년 1월,토요일,서울특별시 광진구 자양동,경상사고,0,0,1,0,차대차 - 추돌,안전운전불이행,건조,맑음,교차로 - 교차로부근,승용,남,21-30세,상해없음,승합,남,41-50세,상해없음
2.01601E+15,2016년 1월,일요일,서울특별시 광진구 군자동,중상사고,0,1,0,0,차대사람 - 기타,신호위반,건조,맑음,교차로 - 교차로부근,승용,남,65세 이상,상해없음,보행자,여,65세 이상,중상
2016010300100256,2016년 1월,일요일,서울특별시 광진구 군자동,경상사고,0,0,1,0,차대차 - 기타,차로위반,기타,맑음,기타 - 기타,승합,남,41-50세,상해없음,승용,남,51-60세,경상
2016010300100295,2016년 1월,일요일,서울특별시 광진구 화양동,경상사고,0,0,2,0,차대차 - 충돌,안전거리미확보,건조,맑음,교차로 - 교차로안,승용,남,31-40세,상해없음,승용,여,61-64세,경상
2016010400100079,2016년 1월,월요일,서울특별시 광진구 구의동,중상사고,0,3,2,0,차대차 - 추돌,안전운전불이행,건조,맑음,단일로 - 기타,승용,남,51-60세,상해없음,승용,남,51-60세,중상
2.01601E+15,2016년 1월,월요일,서울특별시 광진구 자양동,경상사고,0,0,1,0,차대사람 - 차도통행중,안전운전불이행,건조,맑음,단일로 - 기타,승용,남,51-60세,상해없음,보행자,남,31-40세,경상
2016010400100267,2016년 1월,월요일,서울특별시 광진구 군자동,중상사고,0,1,0,0,차대차 - 충돌,안전거리미확보,건조,맑음,단일로 - 횡단보도부근,화물,남,65세 이상,상해없음,승용,남,31-40세,중상
2016010400100354,2016년 1월,월요일,서울특별시 광진구 광장동,중상사고,0,1,0,0,차대사람 - 기타,안전운전불이행,건조,맑음,교차로 - 교차로부근,화물,남,31-40세,상해없음,보행자,여,41-50세,중상
2016010500100002,2016년 1월,화요일,서울특별시 광진구 자양동,중상사고,0,1,0,0,차대차 - 기타,신호위반,건조,맑음,교차로 - 교차로안,승용,남,41-50세,상해없음,승용,여,65세 이상,상해없음
2016010600100002,2016년 1월,수요일,서울특별시 광진구 자양동,중상사고,0,1,2,0,차대차 - 추돌,안전운전불이행,건조,맑음,단일로 - 기타,승용,남,51-60세,상해없음,승용,남,21-30세,경상
2016010600100024,2016년 1월,수요일,서울특별시 광진구 군자동,중상사고,0,1,2,0,차대차 - 추돌,안전운전불이행,건조,맑음,단일로 - 횡단보도부근,원동기,남,20세 이하,중상,승용,남,51-60세,경상
2016010600100025,2016년 1월,수요일,서울특별시 광진구 자양동,경상사고,0,0,1,1,차대차 - 충돌,신호위반,건조,맑음,교차로 - 교차로안,승용,남,41-50세,상해없음,승용,남,41-50세,경상
2016010600100163,2016년 1월,수요일,서울특별시 광진구 중곡동,중상사고,0,1,0,0,차대사람 - 기타,안전운전불이행,건조,맑음,단일로 - 기타,승용,남,31-40세,상해없음,보행자,여,65세 이상,중상
2016010700100034,2016년 1월,목요일,서울특별시 광진구 군자동,중상사고,0,1,1,0,차대차 - 기타,안전운전불이행,건조,맑음,단일로 - 기타,화물,남,41-50세,상해없음,승용,남,41-50세,중상
2016010700100372,2016년 1월,목요일,서울특별시 광진구 광장동,경상사고,0,0,1,0,차대차 - 기타,안전거리미확보,건조,맑음,단일로 - 기타,원동기,남,21-30세,경상,승용,남,41-50세,상해없음
2016010800100189,2016년 1월,금요일,서울특별시 광진구 중곡동,경상사고,0,0,2,0,차대차 - 기타,안전운전불이행,건조,맑음,단일로 - 기타,승용,남,61-64세,상해없음,승용,남,31-40세,경상
2016010800100337,2016년 1월,금요일,서울특별시 광진구 화양동,중상사고,0,2,1,0,차대차 - 충돌,교차로운행방법위반,건조,맑음,교차로 - 교차로안,승용,여,51-60세,중상,승용,남,61-64세,경상
2016010800100484,2016년 1월,금요일,서울특별시 광진구 자양동,부상신고사고,0,0,0,1,차대사람 - 차도통행중,안전운전불이행,기타,맑음,기타 - 기타,승용,남,21-30세,기타불명,보행자,남,41-50세,부상신고
2016010900100023,2016년 1월,토요일,서울특별시 광진구 중곡동,경상사고,0,0,1,0,차대차 - 충돌,신호위반,건조,흐림,단일로 - 횡단보도상,승용,남,51-60세,상해없음,자전거,남,31-40세,경상
2016010900100113,2016년 1월,토요일,서울특별시 광진구 자양동,경상사고,0,0,1,0,차대차 - 충돌,신호위반,건조,맑음,교차로 - 교차로안,화물,남,41-50세,상해없음,원동기,남,41-50세,경상
2016010900100466,2016년 1월,토요일,서울특별시 광진구 구의동,중상사고,0,1,0,0,차대차 - 기타,신호위반,건조,맑음,교차로 - 교차로안,원동기,남,41-50세,중상,승용,남,41-50세,상해없음
2.01601E+15,2016년 1월,일요일,서울특별시 광진구 중곡동,경상사고,0,0,1,0,차대사람 - 횡단중,안전운전불이행,건조,맑음,단일로 - 기타,원동기,남,21-30세,상해없음,보행자,여,51-60세,경상
2016011100100217,2016년 1월,월요일,서울특별시 광진구 능동,경상사고,0,0,1,0,차대차 - 추돌,안전거리미확보,건조,맑음,교차로 - 교차로부근,승용,남,61-64세,상해없음,승용,여,41-50세,경상
2016011200100014,2016년 1월,화요일,서울특별시 광진구 중곡동,경상사고,0,0,1,0,차량단독 - 전도전복,안전운전불이행,건조,맑음,교차로 - 교차로부근,원동기,남,21-30세,상해없음,,,,
2016011200100525,2016년 1월,화요일,서울특별시 광진구 광장동,중상사고,0,1,0,0,차대차 - 기타,기타,건조,맑음,단일로 - 기타,승용,남,61-64세,상해없음,승용,남,21-30세,중상
2016011300100409,2016년 1월,수요일,서울특별시 광진구 구의동,경상사고,0,0,1,0,차대사람 - 횡단중,신호위반,건조,맑음,교차로 - 교차로부근,승용,남,51-60세,상해없음,보행자,여,21-30세,경상
2016011300100501,2016년 1월,수요일,서울특별시 광진구 군자동,경상사고,0,0,1,0,차대차 - 충돌,안전거리미확보,건조,맑음,단일로 - 기타,승용,남,51-60세,상해없음,승용,남,51-60세,경상
2016011400100121,2016년 1월,목요일,서울특별시 광진구 광장동,부상신고사고,0,0,0,1,차대사람 - 횡단중,보행자보호의무위반,건조,맑음,단일로 - 횡단보도상,화물,남,21-30세,상해없음,보행자,남,12세 이하,부상신고
2016011400100191,2016년 1월,목요일,서울특별시 광진구 자양동,중상사고,0,1,1,0,차대사람 - 기타,안전운전불이행,건조,맑음,단일로 - 기타,승용,남,21-30세,상해없음,보행자,남,61-64세,중상
2016011400100302,2016년 1월,목요일,서울특별시 광진구 광장동,경상사고,0,0,1,0,차량단독 - 기타,안전운전불이행,건조,맑음,단일로 - 기타,승합,남,51-60세,상해없음,,,,
2016011400100328,2016년 1월,목요일,서울특별시 광진구 화양동,경상사고,0,0,1,0,차대차 - 충돌,안전운전불이행,건조,맑음,단일로 - 기타,자전거,남,20세 이하,경상,화물,남,41-50세,기타불명
2016011400100412,2016년 1월,목요일,서울특별시 광진구 자양동,경상사고,0,0,1,0,차대사람 - 횡단중,신호위반,건조,맑음,단일로 - 횡단보도상,원동기,남,21-30세,상해없음,보행자,남,31-40세,경상
2016011400100413,2016년 1월,목요일,서울특별시 광진구 구의동,경상사고,0,0,1,0,차대사람 - 차도통행중,안전운전불이행,건조,맑음,교차로 - 교차로안,승용,여,41-50세,상해없음,보행자,남,21-30세,경상
2016011400100414,2016년 1월,목요일,서울특별시 광진구 중곡동,중상사고,0,1,0,0,차대사람 - 횡단중,안전운전불이행,건조,맑음,단일로 - 기타,승용,여,65세 이상,상해없음,보행자,여,65세 이상,중상
2016011400100452,2016년 1월,목요일,서울특별시 광진구 중곡동,중상사고,0,2,0,0,차대차 - 충돌,신호위반,습기,눈,교차로 - 교차로부근,원동기,남,41-50세,중상,승용,남,65세 이상,중상
2016011400100549,2016년 1월,목요일,서울특별시 광진구 구의동,경상사고,0,0,2,0,차대차 - 추돌,안전운전불이행,건조,맑음,단일로 - 기타,승용,남,31-40세,상해없음,승용,남,21-30세,경상
2016011500100001,2016년 1월,금요일,서울특별시 광진구 자양동,경상사고,0,0,1,1,차대차 - 충돌,안전운전불이행,건조,맑음,기타 - 기타,승용,남,51-60세,상해없음,승용,남,51-60세,경상
2016011500100067,2016년 1월,금요일,서울특별시 광진구 자양동,중상사고,0,1,0,0,차대차 - 충돌,신호위반,건조,맑음,교차로 - 교차로안,원동기,여,51-60세,중상,승용,남,51-60세,상해없음
2016011500100581,2016년 1월,금요일,서울특별시 광진구 구의동,경상사고,0,0,1,0,차대사람 - 기타,안전운전불이행,건조,흐림,단일로 - 기타,승용,남,41-50세,상해없음,보행자,남,13-20세,경상
2016011600100031,2016년 1월,토요일,서울특별시 광진구 중곡동,경상사고,0,0,2,1,차대차 - 충돌,신호위반,건조,맑음,교차로 - 교차로안,승용,남,51-60세,상해없음,승용,남,51-60세,부상신고
2.01601E+15,2016년 1월,토요일,서울특별시 광진구 광장동,경상사고,0,0,1,0,차대차 - 기타,안전거리미확보,건조,맑음,교차로 - 교차로안,승용,남,51-60세,상해없음,승용,남,51-60세,경상
2016011600100115,2016년 1월,토요일,서울특별시 광진구 자양동,경상사고,0,0,2,0,차대차 - 기타,차로위반,건조,맑음,단일로 - 기타,승용,남,31-40세,상해없음,승용,남,51-60세,경상
2016011600100595,2016년 1월,토요일,서울특별시 광진구 자양동,중상사고,0,1,0,0,차대사람 - 횡단중,신호위반,건조,맑음,단일로 - 횡단보도상,승용,남,65세 이상,상해없음,보행자,남,21-30세,중상
2016011700100063,2016년 1월,일요일,서울특별시 광진구 구의동,중상사고,0,1,0,0,차대사람 - 기타,신호위반,건조,맑음,단일로 - 기타,승용,남,65세 이상,상해없음,보행자,남,51-60세,중상
2016011700100064,2016년 1월,일요일,서울특별시 광진구 군자동,경상사고,0,0,1,0,차대차 - 추돌,안전운전불이행,건조,맑음,교차로 - 교차로부근,승용,남,41-50세,상해없음,승용,남,41-50세,경상
2016011700100107,2016년 1월,일요일,서울특별시 광진구 중곡동,중상사고,0,1,0,0,차대사람 - 기타,보행자보호의무위반,건조,맑음,교차로 - 교차로안,승용,남,21-30세,상해없음,보행자,여,61-64세,중상
2.01601E+15,2016년 1월,일요일,서울특별시 광진구 구의동,경상사고,0,0,1,0,차대사람 - 차도통행중,안전운전불이행,건조,맑음,교차로 - 교차로안,승용,여,51-60세,상해없음,보행자,남,12세 이하,경상
2016011700100369,2016년 1월,일요일,서울특별시 광진구 구의동,경상사고,0,0,1,0,차대차 - 충돌,신호위반,건조,맑음,단일로 - 기타,원동기,남,21-30세,상해없음,원동기,남,13-20세,경상
2016011800100041,2016년 1월,월요일,서울특별시 광진구 구의동,경상사고,0,0,1,0,차대차 - 충돌,안전운전불이행,건조,맑음,단일로 - 기타,승용,남,51-60세,상해없음,화물,남,21-30세,경상
2016011900100127,2016년 1월,화요일,서울특별시 광진구 구의동,경상사고,0,0,2,0,차대차 - 기타,신호위반,건조,맑음,단일로 - 기타,원동기,남,21-30세,상해없음,자전거,여,31-40세,경상
2016011900100159,2016년 1월,화요일,서울특별시 광진구 광장동,경상사고,0,0,1,0,차대차 - 추돌,차로위반,건조,맑음,교차로 - 교차로안,승용,남,21-30세,상해없음,승합,남,61-64세,상해없음
2016011900100484,2016년 1월,화요일,서울특별시 광진구 자양동,중상사고,0,1,0,0,차대사람 - 횡단중,신호위반,건조,맑음,단일로 - 횡단보도상,승용,남,31-40세,상해없음,보행자,남,31-40세,중상
2016011900100528,2016년 1월,화요일,서울특별시 광진구 구의동,경상사고,0,0,1,0,차대차 - 기타,안전운전불이행,건조,맑음,단일로 - 기타,승용,남,51-60세,경상,원동기,남,21-30세,상해없음
2016012000100035,2016년 1월,수요일,서울특별시 광진구 자양동,경상사고,0,0,1,0,차대차 - 충돌,안전운전불이행,건조,맑음,교차로 - 교차로부근,화물,남,31-40세,상해없음,원동기,남,51-60세,경상
2.01601E+15,2016년 1월,수요일,서울특별시 광진구 자양동,중상사고,0,1,1,0,차대차 - 충돌,신호위반,건조,맑음,교차로 - 교차로부근,승용,남,65세 이상,중상,승용,남,21-30세,경상
2016012000100081,2016년 1월,수요일,서울특별시 광진구 구의동,경상사고,0,0,1,0,차대차 - 추돌,안전운전불이행,건조,맑음,단일로 - 기타,승용,남,41-50세,상해없음,승용,남,31-40세,경상
2016012000100364,2016년 1월,수요일,서울특별시 광진구 구의동,경상사고,0,0,2,0,차대차 - 충돌,안전거리미확보,건조,맑음,단일로 - 교량,승용,여,41-50세,상해없음,승용,여,51-60세,경상
2016012100100035,2016년 1월,목요일,서울특별시 광진구 자양동,경상사고,0,0,1,0,차대사람 - 횡단중,안전운전불이행,건조,맑음,단일로 - 기타,승용,남,51-60세,상해없음,보행자,남,61-64세,경상
2016012200100178,2016년 1월,금요일,서울특별시 광진구 구의동,중상사고,0,1,0,0,차대사람 - 기타,안전운전불이행,건조,맑음,단일로 - 기타,화물,남,31-40세,상해없음,보행자,여,65세 이상,중상
2016012200100466,2016년 1월,금요일,서울특별시 광진구 자양동,중상사고,0,1,0,0,차대사람 - 기타,안전운전불이행,건조,맑음,단일로 - 기타,원동기,남,20세 이하,상해없음,보행자,여,65세 이상,중상
2016012200100467,2016년 1월,금요일,서울특별시 광진구 자양동,경상사고,0,0,3,0,차대차 - 추돌,신호위반,건조,맑음,교차로 - 교차로안,승용,남,21-30세,상해없음,승용,남,31-40세,경상
2016012300100036,2016년 1월,토요일,서울특별시 광진구 화양동,중상사고,0,1,0,0,차대차 - 기타,중앙선침범,건조,맑음,단일로 - 기타,승용,남,61-64세,상해없음,원동기,남,21-30세,중상
2016012300100087,2016년 1월,토요일,서울특별시 광진구 자양동,경상사고,0,0,1,0,차대차 - 추돌,안전운전불이행,건조,맑음,교차로 - 교차로부근,승용,남,21-30세,상해없음,화물,남,51-60세,경상
2016012400100038,2016년 1월,일요일,서울특별시 광진구 자양동,경상사고,0,0,1,0,차대차 - 추돌,안전운전불이행,건조,맑음,단일로 - 기타,승용,남,31-40세,상해없음,승용,남,41-50세,경상
2016012400100285,2016년 1월,일요일,서울특별시 광진구 자양동,경상사고,0,0,1,0,차대차 - 기타,직진우회전진행방해,건조,맑음,교차로 - 교차로부근,원동기,남,21-30세,경상,승용,남,65세 이상,상해없음
2016012400100409,2016년 1월,일요일,서울특별시 광진구 구의동,경상사고,0,0,1,0,차대차 - 충돌,신호위반,건조,맑음,교차로 - 교차로안,승합,남,65세 이상,상해없음,승용,남,21-30세,경상
2016012500100255,2016년 1월,월요일,서울특별시 광진구 자양동,경상사고,0,0,1,0,차대차 - 추돌,직진우회전진행방해,건조,맑음,교차로 - 교차로안,원동기,남,51-60세,상해없음,원동기,남,41-50세,경상