사고번호,발생년월,요일,시군구,사고내용,사망자수,중상자수,경상자수,부상신고자수,사고유형,법규위반,노면상태,기상상태,도로형태,가해운전자 차종,가해운전자 성별,가해운전자 연령대,가해운전자 상해정도,피해운전자 차종,피해운전자 성별,피해운전자 연령대,피해운전자 상해정도
2016012500100323,2016년 1월,월요일,서울특별시 광진구 중곡동,중상사고,0,1,1,0,차대차 - 추돌,안전운전불이행,건조,맑음,단일로 - 기타,자전거,남,51-60세,경상,원동기,남,41-50세,중상
2016012500100324,2016년 1월,월요일,서울특별시 광진구 자양동,경상사고,0,0,1,0,차대차 - 충돌,교차로운행방법위반,건조,맑음,교차로 - 교차로안,승합,남,41-50세,상해없음,승용,여,41-50세,경상
2016012500100379,2016년 1월,월요일,서울특별시 광진구 자양동,중상사고,0,1,16,2,차대차 - 충돌,신호위반,건조,맑음,교차로 - 교차로안,승합,남,41-50세,상해없음,승합,남,51-60세,경상
2016012500100434,2016년 1월,월요일,서울특별시 광진구 구의동,경상사고,0,0,3,0,차대차 - 충돌,안전운전불이행,건조,맑음,단일로 - 기타,화물,여,41-50세,기타불명,승용,남,65세 이상,경상
2016012500100475,2016년 1월,월요일,서울특별시 광진구 화양동,중상사고,0,1,0,0,차대차 - 추돌,직진우회전진행방해,건조,맑음,교차로 - 교차로안,승용,남,21-30세,상해없음,원동기,남,31-40세,중상
2016012600100038,2016년 1월,화요일,서울특별시 광진구 광장동,경상사고,0,0,1,0,차량단독 - 기타,안전운전불이행,결빙,맑음,단일로 - 기타,승용,남,41-50세,상해없음,,,,
2016012600100064,2016년 1월,화요일,서울특별시 광진구 구의동,경상사고,0,0,1,0,차대사람 - 횡단중,보행자보호의무위반,결빙,눈,단일로 - 횡단보도상,화물,남,51-60세,상해없음,보행자,남,31-40세,경상
2016012600100124,2016년 1월,화요일,서울특별시 광진구 구의동,경상사고,0,0,1,0,차대차 - 충돌,교차로운행방법위반,건조,맑음,교차로 - 교차로부근,승용,남,21-30세,상해없음,승용,여,31-40세,경상
2016012600100289,2016년 1월,화요일,서울특별시 광진구 자양동,경상사고,0,0,1,0,차대차 - 충돌,안전운전불이행,건조,맑음,단일로 - 기타,승용,여,51-60세,상해없음,자전거,여,61-64세,경상
2016012600100327,2016년 1월,화요일,서울특별시 광진구 구의동,경상사고,0,0,1,1,차대사람 - 보도통행중,기타,건조,맑음,단일로 - 기타,승용,남,51-60세,상해없음,보행자,여,31-40세,경상
2016012600100439,2016년 1월,화요일,서울특별시 광진구 광장동,경상사고,0,0,2,0,차대차 - 추돌,안전운전불이행,건조,맑음,교차로 - 교차로부근,화물,남,51-60세,상해없음,승용,남,51-60세,경상
2016012700100036,2016년 1월,수요일,서울특별시 광진구 중곡동,중상사고,0,1,0,0,차대사람 - 차도통행중,중앙선침범,건조,맑음,단일로 - 기타,승용,남,51-60세,상해없음,보행자,남,51-60세,중상
2016012700100049,2016년 1월,수요일,서울특별시 광진구 군자동,중상사고,0,1,0,0,차대사람 - 차도통행중,안전거리미확보,습기,맑음,단일로 - 기타,승용,남,51-60세,상해없음,보행자,남,65세 이상,중상
2016012700100571,2016년 1월,수요일,서울특별시 광진구 군자동,부상신고사고,0,0,0,1,차대차 - 기타,안전거리미확보,건조,맑음,단일로 - 기타,승용,남,51-60세,상해없음,원동기,남,13-20세,부상신고
2016012700100607,2016년 1월,수요일,서울특별시 광진구 능동,중상사고,0,1,0,0,차대차 - 기타,신호위반,건조,맑음,교차로 - 교차로안,자전거,남,21-30세,중상,승용,여,31-40세,상해없음
2016012800100071,2016년 1월,목요일,서울특별시 광진구 자양동,경상사고,0,0,1,0,차대차 - 기타,안전운전불이행,건조,맑음,단일로 - 기타,승용,남,31-40세,상해없음,승용,남,65세 이상,경상
2016012800100523,2016년 1월,목요일,서울특별시 광진구 중곡동,중상사고,0,1,0,0,차대차 - 충돌,신호위반,건조,맑음,교차로 - 교차로안,원동기,남,41-50세,상해없음,원동기,남,21-30세,중상
2016012800100524,2016년 1월,목요일,서울특별시 광진구 자양동,중상사고,0,1,0,0,차대차 - 추돌,안전운전불이행,건조,맑음,교차로 - 교차로안,승용,남,51-60세,상해없음,자전거,남,65세 이상,중상
2016012800100611,2016년 1월,목요일,서울특별시 광진구 군자동,경상사고,0,0,1,0,차대차 - 추돌,안전운전불이행,건조,맑음,단일로 - 기타,승용,남,65세 이상,상해없음,승용,여,41-50세,경상
2.01601E+15,2016년 1월,목요일,서울특별시 광진구 중곡동,중상사고,0,1,0,0,차대차 - 기타,안전운전불이행,건조,맑음,단일로 - 기타,승용,남,41-50세,상해없음,원동기,남,31-40세,중상
2016012900100093,2016년 1월,금요일,서울특별시 광진구 능동,경상사고,0,0,1,0,차대차 - 충돌,안전거리미확보,건조,맑음,교차로 - 교차로부근,승용,남,51-60세,상해없음,승합,남,65세 이상,상해없음
2016012900100284,2016년 1월,금요일,서울특별시 광진구 능동,중상사고,0,1,0,0,차대차 - 충돌,교차로운행방법위반,건조,맑음,교차로 - 교차로안,승용,남,51-60세,상해없음,자전거,여,51-60세,중상
2016012900100426,2016년 1월,금요일,서울특별시 광진구 군자동,경상사고,0,0,1,0,차대차 - 추돌,기타,건조,맑음,단일로 - 기타,승용,남,51-60세,상해없음,원동기,남,21-30세,경상
2016012900100427,2016년 1월,금요일,서울특별시 광진구 광장동,경상사고,0,0,2,1,차대차 - 추돌,안전거리미확보,건조,맑음,단일로 - 기타,승용,남,51-60세,상해없음,승용,남,51-60세,상해없음
2016012900100661,2016년 1월,금요일,서울특별시 광진구 화양동,경상사고,0,0,1,0,차대사람 - 기타,안전운전불이행,건조,맑음,단일로 - 기타,승용,남,21-30세,상해없음,보행자,여,13-20세,경상
2016013000100225,2016년 1월,토요일,서울특별시 광진구 구의동,경상사고,0,0,3,0,차대차 - 추돌,안전운전불이행,건조,맑음,교차로 - 교차로안,승용,남,21-30세,상해없음,승용,여,41-50세,경상
2.01601E+15,2016년 1월,토요일,서울특별시 광진구 자양동,부상신고사고,0,0,0,1,차대사람 - 횡단중,보행자보호의무위반,건조,맑음,교차로 - 교차로부근,승용,기타불명,기타불명,기타불명,보행자,남,41-50세,부상신고
2016013100100464,2016년 1월,일요일,서울특별시 광진구 구의동,경상사고,0,0,5,1,차대차 - 추돌,안전운전불이행,건조,맑음,단일로 - 기타,화물,남,41-50세,상해없음,승용,남,51-60세,부상신고
2.01602E+15,2016년 2월,월요일,서울특별시 광진구 광장동,경상사고,0,0,4,0,차대차 - 추돌,안전운전불이행,건조,맑음,단일로 - 기타,승용,여,21-30세,경상,승합,남,41-50세,상해없음
2016020100100237,2016년 2월,월요일,서울특별시 광진구 군자동,중상사고,0,1,2,0,차대차 - 충돌,안전운전불이행,건조,맑음,교차로 - 교차로부근,건설기계,남,21-30세,상해없음,승합,남,51-60세,경상
2016020100100263,2016년 2월,월요일,서울특별시 광진구 자양동,경상사고,0,0,2,0,차대차 - 충돌,교차로운행방법위반,건조,맑음,교차로 - 교차로안,승용,남,51-60세,기타불명,승용,여,21-30세,경상
2016020100100507,2016년 2월,월요일,서울특별시 광진구 화양동,경상사고,0,0,1,0,차대차 - 충돌,안전거리미확보,건조,맑음,교차로 - 교차로부근,승용,남,65세 이상,상해없음,자전거,남,41-50세,경상
2016020200100056,2016년 2월,화요일,서울특별시 광진구 화양동,경상사고,0,0,1,0,차대차 - 추돌,안전운전불이행,건조,맑음,교차로 - 교차로부근,승용,남,31-40세,상해없음,승용,남,61-64세,경상
2.01602E+15,2016년 2월,화요일,서울특별시 광진구 군자동,경상사고,0,0,1,0,차대차 - 기타,안전운전불이행,건조,맑음,단일로 - 기타,승용,남,51-60세,상해없음,자전거,남,65세 이상,경상
2016020200100518,2016년 2월,화요일,서울특별시 광진구 화양동,경상사고,0,0,1,0,차대사람 - 기타,안전운전불이행,건조,맑음,단일로 - 기타,승용,남,51-60세,상해없음,보행자,남,21-30세,경상
2.01602E+15,2016년 2월,수요일,서울특별시 광진구 구의동,중상사고,0,1,4,0,차대차 - 기타,교차로운행방법위반,건조,맑음,교차로 - 교차로안,승용,남,65세 이상,상해없음,승용,남,21-30세,중상
2016020300100031,2016년 2월,수요일,서울특별시 광진구 군자동,중상사고,0,1,0,0,차대차 - 기타,차로위반,결빙,맑음,단일로 - 기타,승용,남,21-30세,상해없음,원동기,남,21-30세,중상
2016020300100156,2016년 2월,수요일,서울특별시 광진구 군자동,중상사고,0,1,0,0,차대차 - 추돌,신호위반,건조,맑음,단일로 - 횡단보도상,승용,남,31-40세,상해없음,자전거,여,51-60세,중상
2016020300100392,2016년 2월,수요일,서울특별시 광진구 군자동,중상사고,0,1,0,0,차대사람 - 기타,보행자보호의무위반,건조,맑음,단일로 - 횡단보도상,자전거,남,41-50세,상해없음,보행자,여,65세 이상,중상
2016020400100124,2016년 2월,목요일,서울특별시 광진구 화양동,부상신고사고,0,0,0,1,차대사람 - 횡단중,중앙선침범,건조,맑음,단일로 - 횡단보도상,승용,남,61-64세,상해없음,보행자,여,12세 이하,부상신고
2016020400100243,2016년 2월,목요일,서울특별시 광진구 군자동,경상사고,0,0,2,0,차대차 - 추돌,안전운전불이행,건조,맑음,교차로 - 교차로안,승용,여,21-30세,상해없음,승용,남,41-50세,경상
2016020400100659,2016년 2월,목요일,서울특별시 광진구 화양동,경상사고,0,0,1,0,차대사람 - 횡단중,보행자보호의무위반,건조,맑음,교차로 - 교차로부근,기타불명,기타불명,기타불명,기타불명,보행자,여,41-50세,경상
2016020500100218,2016년 2월,금요일,서울특별시 광진구 구의동,경상사고,0,0,1,0,차대차 - 기타,안전운전불이행,건조,맑음,교차로 - 교차로부근,승용,남,61-64세,기타불명,승용,여,21-30세,경상
2016020500100482,2016년 2월,금요일,서울특별시 광진구 자양동,경상사고,0,0,1,0,차대차 - 기타,안전운전불이행,습기,맑음,교차로 - 교차로부근,승용,남,51-60세,상해없음,승용,남,31-40세,경상
2016020500100524,2016년 2월,금요일,서울특별시 광진구 중곡동,경상사고,0,0,1,0,차대사람 - 횡단중,안전운전불이행,건조,맑음,단일로 - 기타,승용,남,51-60세,상해없음,보행자,여,61-64세,경상
2016020600100031,2016년 2월,토요일,서울특별시 광진구 자양동,경상사고,0,0,1,0,차대차 - 기타,안전운전불이행,건조,맑음,단일로 - 기타,원동기,남,41-50세,상해없음,원동기,남,51-60세,경상
2016020600100154,2016년 2월,토요일,서울특별시 광진구 자양동,경상사고,0,0,1,0,차대차 - 추돌,안전운전불이행,건조,맑음,교차로 - 교차로안,화물,남,51-60세,기타불명,승용,남,31-40세,경상
2016020700100166,2016년 2월,일요일,서울특별시 광진구 군자동,중상사고,0,1,0,0,차대사람 - 기타,안전운전불이행,건조,맑음,단일로 - 기타,승용,남,31-40세,상해없음,보행자,여,12세 이하,중상
2016020700100316,2016년 2월,일요일,서울특별시 광진구 중곡동,경상사고,0,0,1,0,차대차 - 충돌,기타,건조,맑음,교차로 - 교차로부근,승용,남,51-60세,상해없음,이륜,남,41-50세,경상
2016020900100078,2016년 2월,화요일,서울특별시 광진구 구의동,경상사고,0,0,1,0,차대차 - 기타,신호위반,건조,맑음,단일로 - 횡단보도상,승용,남,41-50세,상해없음,자전거,여,51-60세,경상
2016021000100027,2016년 2월,수요일,서울특별시 광진구 자양동,사망사고,1,0,0,0,차량단독 - 충돌,안전운전불이행,건조,맑음,단일로 - 기타,원동기,남,21-30세,사망,,,,
2016021000100028,2016년 2월,수요일,서울특별시 광진구 중곡동,경상사고,0,0,1,0,차대차 - 충돌,안전거리미확보,건조,맑음,교차로 - 교차로부근,화물,남,31-40세,상해없음,승용,여,41-50세,경상
2016021000100056,2016년 2월,수요일,서울특별시 광진구 중곡동,사망사고,1,3,0,0,차대차 - 충돌,신호위반,건조,맑음,교차로 - 교차로안,승용,남,21-30세,사망,승용,남,51-60세,중상
2016021100100128,2016년 2월,목요일,서울특별시 광진구 군자동,경상사고,0,0,1,0,차대차 - 기타,안전운전불이행,건조,맑음,단일로 - 기타,승합,남,65세 이상,상해없음,승용,여,21-30세,경상
2016021100100244,2016년 2월,목요일,서울특별시 광진구 구의동,경상사고,0,0,2,0,차대차 - 기타,안전운전불이행,건조,맑음,교차로 - 교차로안,승용,남,51-60세,상해없음,승용,남,21-30세,경상
2016021100100273,2016년 2월,목요일,서울특별시 광진구 화양동,경상사고,0,0,2,0,차대차 - 추돌,안전운전불이행,건조,맑음,단일로 - 기타,승용,남,21-30세,상해없음,승용,남,31-40세,경상
2016021200100024,2016년 2월,금요일,서울특별시 광진구 구의동,경상사고,0,0,2,1,차대차 - 기타,교차로운행방법위반,습기,흐림,교차로 - 교차로안,승용,여,31-40세,상해없음,승용,남,65세 이상,부상신고
2016021200100214,2016년 2월,금요일,서울특별시 광진구 중곡동,경상사고,0,0,2,0,차대차 - 추돌,안전운전불이행,습기,비,단일로 - 교량,화물,남,51-60세,상해없음,원동기,남,31-40세,경상
2016021300100058,2016년 2월,토요일,서울특별시 광진구 중곡동,경상사고,0,0,1,0,차대차 - 충돌,신호위반,습기,흐림,교차로 - 교차로안,승용,남,65세 이상,상해없음,승용,남,61-64세,상해없음
2016021300100173,2016년 2월,토요일,서울특별시 광진구 자양동,중상사고,0,1,0,0,차대차 - 추돌,안전거리미확보,건조,흐림,단일로 - 교량,승용,남,41-50세,상해없음,승용,여,51-60세,중상
2016021300100269,2016년 2월,토요일,서울특별시 광진구 자양동,경상사고,0,0,1,0,차대사람 - 횡단중,안전운전불이행,습기,비,교차로 - 교차로부근,승용,남,51-60세,상해없음,보행자,여,21-30세,경상
2016021400100252,2016년 2월,일요일,서울특별시 광진구 구의동,경상사고,0,0,4,0,차대차 - 기타,안전거리미확보,건조,맑음,미분류 - 미분류,승용,남,65세 이상,기타불명,승용,남,31-40세,경상
2016021500100145,2016년 2월,월요일,서울특별시 광진구 중곡동,경상사고,0,0,1,0,차대차 - 충돌,안전거리미확보,건조,맑음,단일로 - 기타,승용,남,51-60세,상해없음,원동기,남,51-60세,경상
2016021500100146,2016년 2월,월요일,서울특별시 광진구 화양동,경상사고,0,0,1,0,차대차 - 기타,안전운전불이행,건조,맑음,단일로 - 기타,화물,남,61-64세,상해없음,승용,남,41-50세,경상
2016021500100147,2016년 2월,월요일,서울특별시 광진구 중곡동,경상사고,0,0,1,0,차대차 - 충돌,직진우회전진행방해,건조,맑음,교차로 - 교차로안,화물,남,41-50세,상해없음,승용,남,61-64세,경상
2016021500100378,2016년 2월,월요일,서울특별시 광진구 자양동,경상사고,0,0,1,0,차대차 - 충돌,직진우회전진행방해,건조,맑음,교차로 - 교차로안,기타불명,기타불명,기타불명,기타불명,자전거,남,12세 이하,경상
2016021700100001,2016년 2월,수요일,서울특별시 광진구 군자동,경상사고,0,0,2,0,차대차 - 추돌,안전운전불이행,건조,맑음,교차로 - 교차로부근,승용,남,41-50세,상해없음,승용,남,51-60세,경상
2016021700100162,2016년 2월,수요일,서울특별시 광진구 중곡동,부상신고사고,0,0,0,1,차대차 - 기타,안전거리미확보,건조,맑음,단일로 - 기타,원동기,여,41-50세,부상신고,원동기,남,51-60세,상해없음
2016021800100001,2016년 2월,목요일,서울특별시 광진구 구의동,경상사고,0,0,2,1,차대차 - 기타,안전거리미확보,건조,맑음,교차로 - 교차로부근,승용,남,31-40세,상해없음,승용,남,41-50세,경상
2016021800100233,2016년 2월,목요일,서울특별시 광진구 화양동,경상사고,0,0,1,0,차대사람 - 기타,안전운전불이행,건조,맑음,단일로 - 기타,승용,남,21-30세,상해없음,보행자,여,51-60세,경상
2016021800100429,2016년 2월,목요일,서울특별시 광진구 중곡동,경상사고,0,0,1,0,차대차 - 추돌,교차로운행방법위반,건조,맑음,교차로 - 교차로안,승용,여,51-60세,상해없음,원동기,남,51-60세,경상
2016021900100075,2016년 2월,금요일,서울특별시 광진구 능동,경상사고,0,0,1,0,차대차 - 추돌,안전운전불이행,건조,맑음,단일로 - 횡단보도상,자전거,여,51-60세,경상,승용,남,41-50세,상해없음
2016021900100326,2016년 2월,금요일,서울특별시 광진구 구의동,경상사고,0,0,1,0,차대차 - 기타,안전거리미확보,건조,맑음,단일로 - 횡단보도상,원동기,남,41-50세,경상,승용,남,51-60세,상해없음
2016021900100327,2016년 2월,금요일,서울특별시 광진구 자양동,중상사고,0,1,0,0,차대사람 - 기타,안전운전불이행,건조,맑음,기타 - 기타,승용,여,41-50세,상해없음,보행자,남,65세 이상,중상
2016022000100001,2016년 2월,토요일,서울특별시 광진구 화양동,중상사고,0,1,0,0,차대사람 - 횡단중,신호위반,건조,맑음,단일로 - 기타,승용,남,21-30세,상해없음,보행자,여,41-50세,중상
2016022100100036,2016년 2월,일요일,서울특별시 광진구 중곡동,중상사고,0,1,2,0,차대차 - 기타,안전운전불이행,건조,맑음,교차로 - 교차로안,승용,남,61-64세,상해없음,승용,남,51-60세,상해없음
2016022100100405,2016년 2월,일요일,서울특별시 광진구 중곡동,중상사고,0,1,0,0,차대사람 - 횡단중,보행자보호의무위반,건조,맑음,단일로 - 횡단보도상,자전거,남,20세 이하,상해없음,보행자,여,41-50세,중상
2.01602E+15,2016년 2월,월요일,서울특별시 광진구 자양동,경상사고,0,0,1,0,차대사람 - 기타,안전운전불이행,건조,맑음,단일로 - 기타,승용,여,21-30세,상해없음,보행자,여,51-60세,경상
2016022200100127,2016년 2월,월요일,서울특별시 광진구 구의동,중상사고,0,1,0,0,차대차 - 충돌,신호위반,건조,맑음,단일로 - 기타,승용,남,31-40세,상해없음,원동기,남,31-40세,중상
2016022300100279,2016년 2월,화요일,서울특별시 광진구 자양동,경상사고,0,0,1,0,차대차 - 추돌,안전운전불이행,건조,맑음,미분류 - 미분류,승용,남,21-30세,상해없음,승용,남,31-40세,경상
2016022300100506,2016년 2월,화요일,서울특별시 광진구 자양동,경상사고,0,0,1,0,차대사람 - 기타,안전운전불이행,건조,맑음,단일로 - 기타,승용,남,21-30세,기타불명,보행자,여,13-20세,경상
2016022400100018,2016년 2월,수요일,서울특별시 광진구 화양동,중상사고,0,1,0,0,차대차 - 기타,교차로운행방법위반,건조,맑음,교차로 - 교차로부근,승용,남,65세 이상,상해없음,승용,남,65세 이상,중상
2016022400100561,2016년 2월,수요일,서울특별시 광진구 군자동,경상사고,0,0,5,0,차대차 - 충돌,중앙선침범,건조,맑음,단일로 - 기타,승용,남,51-60세,상해없음,승용,남,31-40세,경상
2016022500100039,2016년 2월,목요일,서울특별시 광진구 화양동,경상사고,0,0,1,0,차대차 - 충돌,안전거리미확보,건조,맑음,교차로 - 교차로부근,승용,남,51-60세,상해없음,승용,남,61-64세,상해없음
2016022500100063,2016년 2월,목요일,서울특별시 광진구 구의동,경상사고,0,0,1,0,차대차 - 추돌,안전운전불이행,건조,맑음,단일로 - 기타,승용,남,65세 이상,상해없음,건설기계,남,41-50세,경상
2016022500100292,2016년 2월,목요일,서울특별시 광진구 자양동,중상사고,0,1,0,0,차대차 - 충돌,중앙선침범,건조,흐림,단일로 - 교량,자전거,남,61-64세,중상,승용,남,61-64세,상해없음
2016022500100381,2016년 2월,목요일,서울특별시 광진구 중곡동,중상사고,0,1,0,0,차대차 - 추돌,안전운전불이행,건조,맑음,단일로 - 기타,승용,남,31-40세,상해없음,승용,여,51-60세,중상
2016022500100542,2016년 2월,목요일,서울특별시 광진구 중곡동,경상사고,0,0,1,0,차대차 - 기타,안전운전불이행,건조,흐림,단일로 - 기타,승용,남,41-50세,상해없음,승용,남,31-40세,경상
2016022500100573,2016년 2월,목요일,서울특별시 광진구 광장동,경상사고,0,0,2,0,차대차 - 충돌,중앙선침범,건조,맑음,단일로 - 기타,승용,남,21-30세,경상,승용,남,41-50세,경상
2016022500100574,2016년 2월,목요일,서울특별시 광진구 중곡동,중상사고,0,1,0,0,차대차 - 기타,교차로운행방법위반,건조,맑음,교차로 - 교차로안,승용,남,51-60세,상해없음,원동기,남,13-20세,중상
2016022500100575,2016년 2월,목요일,서울특별시 광진구 중곡동,중상사고,0,1,0,0,차대차 - 기타,안전운전불이행,건조,맑음,단일로 - 기타,화물,남,31-40세,상해없음,승용,남,21-30세,중상
2016022600100019,2016년 2월,금요일,서울특별시 광진구 구의동,중상사고,0,1,0,0,차대사람 - 기타,안전운전불이행,건조,흐림,단일로 - 기타,승용,남,51-60세,상해없음,보행자,여,51-60세,중상
2016022600100259,2016년 2월,금요일,서울특별시 광진구 자양동,중상사고,0,1,0,0,차대사람 - 기타,보행자보호의무위반,건조,맑음,교차로 - 교차로안,화물,남,51-60세,상해없음,보행자,남,65세 이상,중상
2016022600100292,2016년 2월,금요일,서울특별시 광진구 군자동,경상사고,0,0,1,0,차대차 - 기타,안전거리미확보,건조,맑음,기타 - 기타,승용,남,21-30세,상해없음,원동기,남,41-50세,경상
2016022600100351,2016년 2월,금요일,서울특별시 광진구 자양동,경상사고,0,0,1,0,차대차 - 기타,교차로운행방법위반,건조,맑음,교차로 - 교차로안,승용,남,65세 이상,상해없음,자전거,여,41-50세,경상
2016022600100531,2016년 2월,금요일,서울특별시 광진구 구의동,경상사고,0,0,3,0,차대차 - 기타,안전운전불이행,건조,맑음,교차로 - 교차로부근,승용,남,65세 이상,상해없음,승용,남,21-30세,경상
2016022600100532,2016년 2월,금요일,서울특별시 광진구 중곡동,중상사고,0,2,2,0,차대차 - 충돌,안전운전불이행,건조,맑음,교차로 - 교차로안,승용,여,21-30세,경상,승용,남,31-40세,중상
2.01602E+15,2016년 2월,토요일,서울특별시 광진구 중곡동,중상사고,0,1,0,0,차대차 - 추돌,안전운전불이행,건조,맑음,단일로 - 기타,승용,남,31-40세,상해없음,원동기,여,65세 이상,중상
2016022800100186,2016년 2월,일요일,서울특별시 광진구 광장동,중상사고,0,1,0,0,차대차 - 충돌,신호위반,결빙,눈,교차로 - 교차로안,승용,남,21-30세,상해없음,승용,여,41-50세,중상
2016022900100046,2016년 2월,월요일,서울특별시 광진구 구의동,중상사고,0,1,0,0,차대사람 - 횡단중,안전운전불이행,건조,맑음,교차로 - 교차로안,화물,남,31-40세,상해없음,보행자,남,51-60세,중상
2016022900100059,2016년 2월,월요일,서울특별시 광진구 자양동,경상사고,0,0,2,0,차대차 - 추돌,안전운전불이행,건조,맑음,단일로 - 기타,승용,남,21-30세,상해없음,화물,남,41-50세,경상
2016022900100417,2016년 2월,월요일,서울특별시 광진구 군자동,경상사고,0,0,1,0,차대차 - 추돌,안전운전불이행,건조,맑음,단일로 - 교량,승용,남,21-30세,상해없음,승용,남,31-40세,경상
2.01602E+15,2016년 2월,월요일,서울특별시 광진구 화양동,중상사고,0,1,0,0,차대차 - 기타,교차로운행방법위반,건조,맑음,교차로 - 교차로안,승용,남,21-30세,상해없음,원동기,남,13-20세,중상
2.01603E+15,2016년 3월,화요일,서울특별시 광진구 군자동,경상사고,0,0,3,0,차대차 - 기타,안전거리미확보,건조,맑음,기타 - 기타,승용,남,51-60세,상해없음,승용,남,31-40세,경상
2016030100100309,2016년 3월,화요일,서울특별시 광진구 군자동,중상사고,0,1,5,0,차대차 - 추돌,안전운전불이행,건조,맑음,단일로 - 교량,승용,여,65세 이상,경상,승용,남,41-50세,중상
2.01603E+15,2016년 3월,화요일,서울특별시 광진구 구의동,중상사고,0,1,0,0,차대차 - 충돌,안전운전불이행,건조,맑음,단일로 - 기타,승용,남,65세 이상,상해없음,원동기,남,31-40세,중상
2016030400100041,2016년 3월,금요일,서울특별시 광진구 화양동,경상사고,0,0,1,0,차대차 - 추돌,안전운전불이행,건조,맑음,단일로 - 기타,승용,남,41-50세,상해없음,승용,남,51-60세,경상
2016030400100319,2016년 3월,금요일,서울특별시 광진구 자양동,경상사고,0,0,1,0,차대사람 - 보도통행중,기타,건조,맑음,단일로 - 기타,승용,남,41-50세,상해없음,보행자,남,12세 이하,경상
2016030400100484,2016년 3월,금요일,서울특별시 광진구 구의동,경상사고,0,0,1,0,차대사람 - 차도통행중,안전운전불이행,건조,맑음,단일로 - 횡단보도부근,승용,남,65세 이상,상해없음,보행자,여,41-50세,경상
2016030500100006,2016년 3월,토요일,서울특별시 광진구 자양동,경상사고,0,0,1,0,차량단독 - 충돌,안전운전불이행,습기,비,단일로 - 기타,승용,남,51-60세,상해없음,,,,
2016030500100055,2016년 3월,토요일,서울특별시 광진구 군자동,경상사고,0,0,1,0,차대차 - 기타,중앙선침범,습기,비,단일로 - 기타,승용,여,51-60세,상해없음,원동기,남,41-50세,경상
2016030500100133,2016년 3월,토요일,서울특별시 광진구 중곡동,경상사고,0,0,2,0,차대차 - 추돌,안전운전불이행,건조,맑음,단일로 - 기타,승용,남,21-30세,상해없음,승용,남,41-50세,경상
2016030500100188,2016년 3월,토요일,서울특별시 광진구 구의동,중상사고,0,1,0,0,차대사람 - 횡단중,안전운전불이행,건조,맑음,교차로 - 교차로안,승용,여,41-50세,상해없음,보행자,여,21-30세,중상
2016030500100342,2016년 3월,토요일,서울특별시 광진구 군자동,경상사고,0,0,2,0,차대차 - 추돌,안전운전불이행,습기,비,교차로 - 교차로부근,승용,남,51-60세,상해없음,승용,남,41-50세,경상
2016030600100051,2016년 3월,일요일,서울특별시 광진구 화양동,경상사고,0,0,1,0,차대차 - 추돌,불법유턴,건조,맑음,교차로 - 교차로부근,승용,남,21-30세,상해없음,승용,남,51-60세,상해없음
2016030600100064,2016년 3월,일요일,서울특별시 광진구 자양동,경상사고,0,0,1,0,차대차 - 충돌,직진우회전진행방해,건조,맑음,교차로 - 교차로안,승용,남,20세 이하,상해없음,승용,남,21-30세,경상
2016030700100017,2016년 3월,월요일,서울특별시 광진구 화양동,경상사고,0,0,1,0,차대차 - 충돌,교차로운행방법위반,건조,맑음,교차로 - 교차로안,승용,남,51-60세,상해없음,승용,남,41-50세,상해없음
2.01603E+15,2016년 3월,월요일,서울특별시 광진구 화양동,경상사고,0,0,1,0,차대사람 - 기타,안전운전불이행,건조,맑음,단일로 - 기타,승합,남,61-64세,상해없음,보행자,남,21-30세,경상
2016030700100228,2016년 3월,월요일,서울특별시 광진구 화양동,중상사고,0,2,0,0,차대차 - 추돌,안전운전불이행,건조,맑음,교차로 - 교차로안,승용,남,65세 이상,상해없음,승용,남,21-30세,상해없음
2016030800100025,2016년 3월,화요일,서울특별시 광진구 군자동,경상사고,0,0,1,0,차대차 - 기타,안전운전불이행,건조,맑음,단일로 - 기타,원동기,남,41-50세,상해없음,원동기,남,31-40세,경상
2016030800100091,2016년 3월,화요일,서울특별시 광진구 광장동,중상사고,0,1,0,0,차대사람 - 기타,안전운전불이행,건조,맑음,기타 - 기타,승용,남,65세 이상,상해없음,보행자,남,65세 이상,중상
2016030800100264,2016년 3월,화요일,서울특별시 광진구 군자동,부상신고사고,0,0,0,1,차대차 - 충돌,중앙선침범,건조,흐림,단일로 - 기타,이륜,남,41-50세,부상신고,화물,남,31-40세,상해없음
2016031000100318,2016년 3월,목요일,서울특별시 광진구 중곡동,경상사고,0,0,1,0,차대차 - 기타,안전운전불이행,건조,맑음,교차로 - 교차로부근,자전거,남,20세 이하,경상,승합,남,51-60세,상해없음
2016031000100359,2016년 3월,목요일,서울특별시 광진구 군자동,경상사고,0,0,1,0,차대차 - 추돌,안전운전불이행,건조,맑음,교차로 - 교차로부근,승용,여,21-30세,상해없음,원동기,남,31-40세,경상
2016031000100533,2016년 3월,목요일,서울특별시 광진구 화양동,경상사고,0,0,1,0,차대차 - 추돌,안전운전불이행,건조,맑음,교차로 - 교차로안,승용,남,65세 이상,상해없음,승용,남,31-40세,경상
2.01603E+15,2016년 3월,금요일,서울특별시 광진구 구의동,경상사고,0,0,1,0,차대차 - 추돌,안전운전불이행,건조,맑음,단일로 - 기타,승용,남,21-30세,상해없음,승용,남,61-64세,경상
2016031100100637,2016년 3월,금요일,서울특별시 광진구 군자동,경상사고,0,0,2,0,차대차 - 추돌,안전거리미확보,건조,맑음,단일로 - 기타,승용,남,61-64세,상해없음,승용,남,21-30세,경상