사고번호,발생년월,요일,시군구,사고내용,사망자수,중상자수,경상자수,부상신고자수,사고유형,법규위반,노면상태,기상상태,도로형태,가해운전자 차종,가해운전자 성별,가해운전자 연령대,가해운전자 상해정도,피해운전자 차종,피해운전자 성별,피해운전자 연령대,피해운전자 상해정도
2.01608E+15,2016년 8월,토요일,서울특별시 광진구 능동,경상사고,0,0,2,0,차대차 - 추돌,안전운전불이행,건조,맑음,단일로 - 기타,승용,남,51-60세,상해없음,승용,여,31-40세,경상
2016082800100149,2016년 8월,일요일,서울특별시 광진구 광장동,경상사고,0,0,1,0,차량단독 - 전도전복,안전운전불이행,건조,맑음,단일로 - 기타,승합,남,51-60세,상해없음,,,,
2016082800100451,2016년 8월,일요일,서울특별시 광진구 구의동,중상사고,0,1,0,0,차대차 - 기타,안전운전불이행,건조,맑음,단일로 - 기타,승합,남,65세 이상,상해없음,원동기,남,21-30세,중상
2016082900100222,2016년 8월,월요일,서울특별시 광진구 구의동,경상사고,0,0,1,0,차대차 - 기타,안전운전불이행,건조,맑음,단일로 - 기타,승합,여,51-60세,상해없음,승용,남,61-64세,기타불명
2016082900100524,2016년 8월,월요일,서울특별시 광진구 중곡동,경상사고,0,0,1,0,차대사람 - 기타,안전운전불이행,건조,맑음,단일로 - 기타,승용,남,61-64세,상해없음,보행자,남,31-40세,경상
2016083000100003,2016년 8월,화요일,서울특별시 광진구 화양동,경상사고,0,0,1,0,차대사람 - 횡단중,안전운전불이행,건조,맑음,단일로 - 기타,승용,남,51-60세,상해없음,보행자,여,65세 이상,경상
2016083000100043,2016년 8월,화요일,서울특별시 광진구 중곡동,경상사고,0,0,1,0,차대차 - 기타,안전거리미확보,기타,맑음,단일로 - 기타,이륜,남,21-30세,경상,승용,남,21-30세,기타불명
2.01608E+15,2016년 8월,화요일,서울특별시 광진구 구의동,경상사고,0,0,1,0,차대사람 - 횡단중,보행자보호의무위반,건조,맑음,단일로 - 횡단보도상,화물,남,31-40세,상해없음,보행자,남,41-50세,경상
2016083000100578,2016년 8월,화요일,서울특별시 광진구 광장동,중상사고,0,1,1,0,차대차 - 충돌,안전거리미확보,건조,맑음,단일로 - 기타,승용,남,21-30세,상해없음,승용,남,51-60세,중상
2016083100100021,2016년 8월,수요일,서울특별시 광진구 군자동,경상사고,0,0,3,0,차대차 - 추돌,안전운전불이행,습기,흐림,단일로 - 기타,승용,남,31-40세,상해없음,승용,남,51-60세,경상
2016083100100299,2016년 8월,수요일,서울특별시 광진구 구의동,경상사고,0,0,1,0,차대차 - 기타,안전운전불이행,습기,비,단일로 - 기타,승합,남,31-40세,상해없음,승용,남,21-30세,경상
2016083100100627,2016년 8월,수요일,서울특별시 광진구 중곡동,경상사고,0,0,1,0,차대사람 - 횡단중,보행자보호의무위반,건조,맑음,교차로 - 교차로안,승용,남,31-40세,상해없음,보행자,남,21-30세,경상
2016090100100357,2016년 9월,목요일,서울특별시 광진구 구의동,경상사고,0,0,1,0,차대차 - 충돌,안전운전불이행,건조,맑음,교차로 - 교차로안,승용,여,41-50세,상해없음,승용,여,41-50세,경상
2016090100100394,2016년 9월,목요일,서울특별시 광진구 중곡동,경상사고,0,0,1,0,차대차 - 기타,기타,건조,맑음,단일로 - 기타,화물,남,41-50세,상해없음,자전거,남,21-30세,경상
2016090100100395,2016년 9월,목요일,서울특별시 광진구 자양동,부상신고사고,0,0,0,1,차대차 - 기타,안전운전불이행,건조,맑음,단일로 - 기타,승용,남,41-50세,상해없음,자전거,남,13-20세,부상신고
2016090200100022,2016년 9월,금요일,서울특별시 광진구 화양동,중상사고,0,2,0,0,차대사람 - 횡단중,신호위반,건조,흐림,단일로 - 횡단보도상,승합,남,41-50세,상해없음,보행자,여,21-30세,중상
2016090200100353,2016년 9월,금요일,서울특별시 광진구 화양동,경상사고,0,0,1,0,차대사람 - 기타,안전운전불이행,건조,맑음,단일로 - 기타,자전거,남,51-60세,상해없음,보행자,여,13-20세,경상
2.01609E+15,2016년 9월,토요일,서울특별시 광진구 자양동,사망사고,1,0,0,0,차대사람 - 횡단중,안전운전불이행,습기,비,단일로 - 기타,승합,남,51-60세,상해없음,보행자,여,31-40세,사망
2016090300100101,2016년 9월,토요일,서울특별시 광진구 중곡동,경상사고,0,0,1,0,차대차 - 추돌,안전운전불이행,건조,맑음,단일로 - 기타,승용,남,31-40세,상해없음,승용,남,65세 이상,경상
2016090300100121,2016년 9월,토요일,서울특별시 광진구 군자동,중상사고,0,1,0,0,차대차 - 충돌,신호위반,건조,맑음,교차로 - 교차로안,이륜,남,31-40세,중상,승용,남,41-50세,상해없음
2016090300100234,2016년 9월,토요일,서울특별시 광진구 중곡동,경상사고,0,0,1,0,차대사람 - 차도통행중,안전운전불이행,건조,맑음,교차로 - 교차로안,승용,남,51-60세,상해없음,보행자,남,51-60세,경상
2016090300100272,2016년 9월,토요일,서울특별시 광진구 중곡동,경상사고,0,0,1,0,차대차 - 충돌,교차로운행방법위반,건조,맑음,교차로 - 교차로안,승용,남,31-40세,상해없음,원동기,여,61-64세,경상
2.01609E+15,2016년 9월,토요일,서울특별시 광진구 자양동,경상사고,0,0,11,0,차대차 - 추돌,안전운전불이행,건조,맑음,단일로 - 기타,승합,남,41-50세,상해없음,승합,남,61-64세,경상
2016090400100019,2016년 9월,일요일,서울특별시 광진구 화양동,부상신고사고,0,0,0,1,차대차 - 충돌,안전운전불이행,건조,맑음,단일로 - 기타,승용,남,51-60세,상해없음,승용,남,51-60세,상해없음
2.01609E+15,2016년 9월,일요일,서울특별시 광진구 구의동,중상사고,0,1,1,0,차대차 - 충돌,신호위반,건조,맑음,교차로 - 교차로안,승용,남,21-30세,상해없음,승용,남,31-40세,중상
2016090500100248,2016년 9월,월요일,서울특별시 광진구 능동,중상사고,0,1,0,0,차대차 - 기타,중앙선침범,건조,맑음,교차로 - 교차로부근,승용,남,65세 이상,상해없음,이륜,남,21-30세,중상
2016090500100311,2016년 9월,월요일,서울특별시 광진구 중곡동,경상사고,0,0,1,0,차대차 - 충돌,중앙선침범,건조,맑음,단일로 - 기타,승용,여,61-64세,상해없음,승용,여,61-64세,경상
2016090500100383,2016년 9월,월요일,서울특별시 광진구 구의동,경상사고,0,0,1,0,차대사람 - 기타,안전운전불이행,건조,맑음,단일로 - 기타,승용,여,31-40세,상해없음,보행자,남,41-50세,경상
2016090600100498,2016년 9월,화요일,서울특별시 광진구 자양동,경상사고,0,0,2,0,차대차 - 충돌,기타,건조,맑음,단일로 - 기타,승용,여,41-50세,상해없음,원동기,남,21-30세,경상
2.01609E+15,2016년 9월,수요일,서울특별시 광진구 군자동,경상사고,0,0,1,0,차대차 - 충돌,안전운전불이행,건조,맑음,교차로 - 교차로안,승용,남,31-40세,상해없음,승용,남,51-60세,경상
2016090700100036,2016년 9월,수요일,서울특별시 광진구 구의동,경상사고,0,0,2,0,차대차 - 충돌,신호위반,건조,맑음,교차로 - 교차로안,승용,남,51-60세,상해없음,승용,남,51-60세,경상
2016090700100376,2016년 9월,수요일,서울특별시 광진구 광장동,중상사고,0,1,0,0,차대차 - 충돌,안전운전불이행,건조,맑음,단일로 - 기타,승용,남,65세 이상,상해없음,승용,남,51-60세,중상
2016090700100449,2016년 9월,수요일,서울특별시 광진구 자양동,경상사고,0,0,1,0,차대차 - 추돌,안전운전불이행,건조,맑음,단일로 - 기타,승합,여,61-64세,상해없음,원동기,남,41-50세,경상
2016090700100542,2016년 9월,수요일,서울특별시 광진구 자양동,경상사고,0,0,1,0,차대차 - 추돌,안전운전불이행,건조,맑음,단일로 - 기타,승용,기타불명,기타불명,기타불명,화물,남,31-40세,경상
2016090700100593,2016년 9월,수요일,서울특별시 광진구 광장동,중상사고,0,1,0,0,차대사람 - 횡단중,안전운전불이행,습기,비,교차로 - 교차로안,승용,남,31-40세,상해없음,보행자,여,41-50세,중상
2016090800100042,2016년 9월,목요일,서울특별시 광진구 화양동,중상사고,0,1,0,0,차대차 - 충돌,안전운전불이행,건조,맑음,교차로 - 교차로부근,원동기,남,20세 이하,상해없음,승용,남,41-50세,상해없음
2016090800100196,2016년 9월,목요일,서울특별시 광진구 구의동,중상사고,0,1,0,0,차대사람 - 기타,안전운전불이행,건조,맑음,단일로 - 기타,승합,남,41-50세,상해없음,보행자,남,65세 이상,중상
2016090800100352,2016년 9월,목요일,서울특별시 광진구 화양동,경상사고,0,0,1,0,차대사람 - 길가장자리구역통행중,안전운전불이행,건조,맑음,단일로 - 기타,승용,남,65세 이상,상해없음,보행자,여,21-30세,경상
2016090800100543,2016년 9월,목요일,서울특별시 광진구 자양동,중상사고,0,1,0,0,차대차 - 충돌,안전운전불이행,건조,맑음,단일로 - 기타,자전거,남,51-60세,상해없음,자전거,여,61-64세,중상
2016090800100662,2016년 9월,목요일,서울특별시 광진구 광장동,경상사고,0,0,1,0,차대사람 - 보도통행중,기타,기타,기타,기타 - 기타,승용,여,41-50세,기타불명,보행자,남,31-40세,경상
2016090800100665,2016년 9월,목요일,서울특별시 광진구 중곡동,중상사고,0,1,0,0,차대사람 - 차도통행중,안전운전불이행,기타,흐림,단일로 - 기타,승용,남,65세 이상,상해없음,보행자,남,41-50세,중상
2016090900100003,2016년 9월,금요일,서울특별시 광진구 중곡동,중상사고,0,1,0,0,차대사람 - 기타,안전운전불이행,습기,비,단일로 - 기타,화물,남,51-60세,상해없음,보행자,남,51-60세,중상
2016090900100155,2016년 9월,금요일,서울특별시 광진구 군자동,중상사고,0,1,0,0,차대차 - 추돌,안전운전불이행,건조,맑음,단일로 - 기타,승용,여,51-60세,상해없음,승용,남,21-30세,중상
2016090900100184,2016년 9월,금요일,서울특별시 광진구 능동,중상사고,0,1,0,0,차대차 - 충돌,안전운전불이행,건조,맑음,교차로 - 교차로부근,승용,남,31-40세,상해없음,자전거,남,31-40세,중상
2016090900100277,2016년 9월,금요일,서울특별시 광진구 자양동,경상사고,0,0,1,0,차대사람 - 차도통행중,안전운전불이행,건조,맑음,단일로 - 기타,승합,남,51-60세,상해없음,보행자,남,51-60세,경상
2016090900100443,2016년 9월,금요일,서울특별시 광진구 화양동,경상사고,0,0,1,0,차대사람 - 차도통행중,안전운전불이행,건조,맑음,단일로 - 기타,승용,남,51-60세,상해없음,보행자,여,21-30세,경상
2.01609E+15,2016년 9월,금요일,서울특별시 광진구 중곡동,중상사고,0,1,0,0,차대사람 - 횡단중,안전운전불이행,건조,맑음,단일로 - 횡단보도상,승용,남,41-50세,상해없음,보행자,남,41-50세,중상
2016091000100551,2016년 9월,토요일,서울특별시 광진구 중곡동,경상사고,0,0,1,0,차대차 - 기타,안전운전불이행,건조,맑음,단일로 - 기타,승용,남,61-64세,상해없음,자전거,남,12세 이하,경상
2016091200100266,2016년 9월,월요일,서울특별시 광진구 구의동,중상사고,0,1,1,0,차대차 - 기타,안전거리미확보,건조,맑음,단일로 - 기타,승용,남,21-30세,중상,승용,남,31-40세,경상
2016091200100428,2016년 9월,월요일,서울특별시 광진구 군자동,경상사고,0,0,1,0,차대차 - 기타,안전운전불이행,건조,맑음,단일로 - 기타,화물,여,51-60세,상해없음,원동기,남,21-30세,경상
2016091200100464,2016년 9월,월요일,서울특별시 광진구 군자동,부상신고사고,0,0,0,1,차대사람 - 기타,안전운전불이행,건조,맑음,단일로 - 기타,승용,남,61-64세,상해없음,보행자,남,31-40세,부상신고
2016091300100234,2016년 9월,화요일,서울특별시 광진구 자양동,경상사고,0,0,1,0,차대차 - 충돌,안전운전불이행,건조,맑음,단일로 - 기타,자전거,남,20세 이하,상해없음,자전거,여,21-30세,경상
2016091300100272,2016년 9월,화요일,서울특별시 광진구 광장동,경상사고,0,0,2,0,차대차 - 충돌,안전운전불이행,건조,맑음,단일로 - 교량,승용,여,51-60세,상해없음,승용,여,31-40세,경상
2016091300100581,2016년 9월,화요일,서울특별시 광진구 능동,경상사고,0,0,2,0,차대차 - 충돌,신호위반,건조,맑음,교차로 - 교차로안,원동기,남,51-60세,경상,자전거,남,21-30세,경상
2016091400100004,2016년 9월,수요일,서울특별시 광진구 자양동,중상사고,0,1,0,0,차대차 - 추돌,안전운전불이행,건조,맑음,단일로 - 기타,승용,여,31-40세,상해없음,이륜,남,31-40세,중상
2016091400100359,2016년 9월,수요일,서울특별시 광진구 군자동,중상사고,0,1,0,0,차대차 - 충돌,신호위반,건조,맑음,교차로 - 교차로안,승용,남,31-40세,상해없음,이륜,남,51-60세,중상
2016091400100436,2016년 9월,수요일,서울특별시 광진구 자양동,부상신고사고,0,0,0,1,차대차 - 추돌,안전운전불이행,건조,맑음,단일로 - 기타,승용,남,51-60세,상해없음,승용,여,21-30세,상해없음
2016091500100239,2016년 9월,목요일,서울특별시 광진구 자양동,경상사고,0,0,2,0,차대차 - 기타,안전운전불이행,건조,맑음,교차로 - 교차로안,승용,남,61-64세,상해없음,승용,남,65세 이상,경상
2016091500100261,2016년 9월,목요일,서울특별시 광진구 능동,중상사고,0,1,0,0,차대사람 - 길가장자리구역통행중,안전운전불이행,건조,맑음,단일로 - 기타,승용,남,65세 이상,상해없음,보행자,여,41-50세,중상
2016091600100036,2016년 9월,금요일,서울특별시 광진구 화양동,경상사고,0,0,1,0,차대차 - 충돌,직진우회전진행방해,건조,맑음,교차로 - 교차로안,승용,남,21-30세,상해없음,원동기,남,41-50세,경상
2016091600100274,2016년 9월,금요일,서울특별시 광진구 능동,중상사고,0,2,0,0,차대차 - 충돌,신호위반,건조,흐림,교차로 - 교차로안,이륜,남,21-30세,중상,승용,남,41-50세,상해없음
2016091700100033,2016년 9월,토요일,서울특별시 광진구 군자동,중상사고,0,1,0,0,차대사람 - 횡단중,안전운전불이행,습기,비,단일로 - 기타,이륜,남,21-30세,상해없음,보행자,남,51-60세,중상
2016091700100252,2016년 9월,토요일,서울특별시 광진구 구의동,경상사고,0,0,1,0,차대차 - 충돌,교차로운행방법위반,건조,맑음,교차로 - 교차로안,화물,남,65세 이상,상해없음,승용,남,51-60세,경상
2016091800100066,2016년 9월,일요일,서울특별시 광진구 화양동,경상사고,0,0,1,0,차대차 - 추돌,안전운전불이행,건조,맑음,기타 - 기타,이륜,남,51-60세,상해없음,승용,남,21-30세,경상
2016091800100093,2016년 9월,일요일,서울특별시 광진구 중곡동,경상사고,0,0,1,1,차대차 - 충돌,직진우회전진행방해,건조,맑음,교차로 - 교차로안,승용,여,20세 이하,상해없음,승용,남,51-60세,경상
2016091800100356,2016년 9월,일요일,서울특별시 광진구 자양동,경상사고,0,0,1,0,차대차 - 기타,신호위반,건조,맑음,단일로 - 기타,승용,남,21-30세,상해없음,자전거,여,31-40세,경상
2016091900100082,2016년 9월,월요일,서울특별시 광진구 자양동,중상사고,0,1,0,0,차대차 - 충돌,안전운전불이행,건조,맑음,교차로 - 교차로안,승용,여,21-30세,상해없음,자전거,남,51-60세,중상
2016091900100217,2016년 9월,월요일,서울특별시 광진구 화양동,경상사고,0,0,1,0,차량단독 - 기타,안전운전불이행,건조,맑음,단일로 - 기타,승합,남,41-50세,기타불명,,,,
2016091900100245,2016년 9월,월요일,서울특별시 광진구 중곡동,중상사고,0,1,0,0,차대사람 - 횡단중,안전운전불이행,건조,맑음,교차로 - 교차로부근,승합,남,65세 이상,상해없음,보행자,여,51-60세,중상
2016091900100275,2016년 9월,월요일,서울특별시 광진구 광장동,경상사고,0,0,1,0,차대사람 - 횡단중,기타,건조,맑음,단일로 - 기타,승용,남,21-30세,상해없음,보행자,남,12세 이하,경상
2016092000100321,2016년 9월,화요일,서울특별시 광진구 중곡동,중상사고,0,1,0,0,차대사람 - 횡단중,보행자보호의무위반,건조,맑음,단일로 - 횡단보도상,승합,남,41-50세,상해없음,보행자,여,51-60세,중상
2016092000100322,2016년 9월,화요일,서울특별시 광진구 중곡동,중상사고,0,1,0,0,차대차 - 충돌,신호위반,건조,맑음,교차로 - 교차로안,승용,남,31-40세,상해없음,원동기,남,31-40세,중상
2016092000100501,2016년 9월,화요일,서울특별시 광진구 화양동,경상사고,0,0,1,0,차대차 - 기타,안전거리미확보,건조,맑음,단일로 - 기타,승용,남,51-60세,상해없음,원동기,남,21-30세,경상
2016092100100419,2016년 9월,수요일,서울특별시 광진구 중곡동,부상신고사고,0,0,0,1,차대사람 - 횡단중,안전운전불이행,건조,맑음,단일로 - 기타,이륜,남,61-64세,기타불명,보행자,여,12세 이하,부상신고
2016092200100024,2016년 9월,목요일,서울특별시 광진구 화양동,경상사고,0,0,1,0,차대차 - 추돌,안전운전불이행,건조,맑음,교차로 - 교차로안,승용,남,41-50세,상해없음,승용,남,65세 이상,상해없음
2016092200100078,2016년 9월,목요일,서울특별시 광진구 군자동,중상사고,0,1,0,0,차대차 - 추돌,안전운전불이행,건조,맑음,단일로 - 기타,승용,남,41-50세,상해없음,승용,여,21-30세,중상
2016092200100333,2016년 9월,목요일,서울특별시 광진구 광장동,중상사고,0,1,0,0,차대차 - 기타,안전운전불이행,건조,맑음,교차로 - 교차로안,승용,남,21-30세,상해없음,이륜,남,13-20세,중상
2016092200100532,2016년 9월,목요일,서울특별시 광진구 자양동,경상사고,0,0,1,0,차대차 - 충돌,안전운전불이행,건조,맑음,교차로 - 교차로부근,자전거,남,41-50세,경상,승용,남,21-30세,상해없음
2.01609E+15,2016년 9월,금요일,서울특별시 광진구 중곡동,경상사고,0,0,3,0,차대차 - 추돌,안전거리미확보,건조,맑음,단일로 - 기타,승용,남,31-40세,상해없음,기타불명,기타불명,기타불명,기타불명
2016092400100019,2016년 9월,토요일,서울특별시 광진구 구의동,중상사고,0,1,0,0,차대사람 - 기타,안전운전불이행,건조,맑음,단일로 - 기타,승용,남,41-50세,상해없음,보행자,남,31-40세,중상
2016092400100072,2016년 9월,토요일,서울특별시 광진구 능동,경상사고,0,0,1,0,차대차 - 기타,교차로운행방법위반,건조,맑음,교차로 - 교차로안,원동기,남,31-40세,경상,승용,남,31-40세,상해없음
2016092400100551,2016년 9월,토요일,서울특별시 광진구 광장동,경상사고,0,0,1,0,차대차 - 충돌,안전운전불이행,건조,맑음,기타 - 기타,승용,남,51-60세,상해없음,승용,여,31-40세,경상
2016092500100175,2016년 9월,일요일,서울특별시 광진구 능동,중상사고,0,1,2,0,차대차 - 충돌,교차로운행방법위반,건조,맑음,교차로 - 교차로안,승용,남,21-30세,상해없음,승용,남,41-50세,경상
2016092500100237,2016년 9월,일요일,서울특별시 광진구 구의동,중상사고,0,1,2,0,차대차 - 추돌,안전운전불이행,건조,맑음,단일로 - 기타,화물,여,41-50세,상해없음,승용,남,31-40세,경상
2016092500100314,2016년 9월,일요일,서울특별시 광진구 중곡동,경상사고,0,0,2,0,차대차 - 충돌,교차로운행방법위반,건조,맑음,교차로 - 교차로안,승용,여,51-60세,상해없음,승용,여,51-60세,경상
2016092600100014,2016년 9월,월요일,서울특별시 광진구 구의동,경상사고,0,0,3,0,차대차 - 기타,교차로운행방법위반,건조,맑음,교차로 - 교차로안,승용,남,51-60세,상해없음,승용,여,31-40세,경상
2016092600100448,2016년 9월,월요일,서울특별시 광진구 중곡동,경상사고,0,0,1,0,차대사람 - 횡단중,안전운전불이행,건조,맑음,단일로 - 기타,원동기,남,31-40세,상해없음,보행자,여,65세 이상,경상
2016092600100549,2016년 9월,월요일,서울특별시 광진구 구의동,경상사고,0,0,2,2,차대차 - 충돌,안전운전불이행,건조,맑음,교차로 - 교차로부근,화물,남,51-60세,상해없음,승용,여,41-50세,경상
2016092700100056,2016년 9월,화요일,서울특별시 광진구 구의동,경상사고,0,0,1,0,차대차 - 충돌,안전운전불이행,건조,맑음,교차로 - 교차로안,승용,남,31-40세,상해없음,화물,남,21-30세,경상
2016092700100318,2016년 9월,화요일,서울특별시 광진구 중곡동,중상사고,0,1,0,0,차대차 - 충돌,신호위반,습기,비,교차로 - 교차로안,원동기,남,21-30세,중상,승용,남,51-60세,상해없음
2016092700100319,2016년 9월,화요일,서울특별시 광진구 능동,경상사고,0,0,1,0,차대차 - 추돌,안전운전불이행,습기,비,단일로 - 기타,승용,남,51-60세,상해없음,승용,여,31-40세,경상
2016092800100499,2016년 9월,수요일,서울특별시 광진구 중곡동,중상사고,0,1,0,0,차대차 - 충돌,신호위반,건조,맑음,교차로 - 교차로안,승용,남,51-60세,상해없음,자전거,남,13-20세,중상
2.01609E+15,2016년 9월,목요일,서울특별시 광진구 화양동,부상신고사고,0,0,0,1,차량단독 - 기타,안전운전불이행,건조,맑음,단일로 - 기타,승용,남,51-60세,상해없음,,,,
2016093000100249,2016년 9월,금요일,서울특별시 광진구 중곡동,중상사고,0,1,0,0,차대차 - 충돌,신호위반,건조,맑음,교차로 - 교차로안,화물,남,51-60세,상해없음,원동기,남,65세 이상,중상
2016100100100548,2016년 10월,토요일,서울특별시 광진구 구의동,경상사고,0,0,2,0,차대차 - 충돌,안전운전불이행,건조,맑음,교차로 - 교차로안,승용,남,51-60세,상해없음,승용,여,41-50세,경상
2016100200100163,2016년 10월,일요일,서울특별시 광진구 구의동,경상사고,0,0,1,0,차대차 - 기타,안전운전불이행,건조,맑음,단일로 - 기타,승용,남,51-60세,상해없음,승용,남,51-60세,경상
2016100200100399,2016년 10월,일요일,서울특별시 광진구 중곡동,경상사고,0,0,1,0,차대차 - 기타,안전거리미확보,적설,비,단일로 - 기타,기타불명,기타불명,기타불명,기타불명,원동기,남,13-20세,경상
2016100200100483,2016년 10월,일요일,서울특별시 광진구 화양동,중상사고,0,1,0,0,차대차 - 기타,안전운전불이행,습기,비,교차로 - 교차로안,승용,남,31-40세,상해없음,원동기,남,13-20세,중상
2016100300100026,2016년 10월,월요일,서울특별시 광진구 자양동,중상사고,0,1,3,0,차대차 - 추돌,안전거리미확보,적설,비,단일로 - 기타,승용,남,65세 이상,상해없음,승용,남,41-50세,경상
2016100300100036,2016년 10월,월요일,서울특별시 광진구 중곡동,중상사고,0,1,0,0,차대사람 - 횡단중,안전운전불이행,습기,비,단일로 - 기타,승용,남,51-60세,상해없음,보행자,남,41-50세,중상
2016100300100234,2016년 10월,월요일,서울특별시 광진구 군자동,경상사고,0,0,1,0,차대차 - 충돌,안전운전불이행,건조,맑음,단일로 - 기타,승용,여,31-40세,상해없음,승용,남,41-50세,경상
2016100400100332,2016년 10월,화요일,서울특별시 광진구 능동,경상사고,0,0,1,0,차량단독 - 충돌,안전운전불이행,건조,맑음,단일로 - 기타,승용,남,31-40세,경상,,,,
2016100400100333,2016년 10월,화요일,서울특별시 광진구 화양동,중상사고,0,1,0,0,차대사람 - 기타,신호위반,건조,맑음,단일로 - 횡단보도상,승용,남,65세 이상,상해없음,보행자,여,31-40세,중상
2016100500100085,2016년 10월,수요일,서울특별시 광진구 광장동,중상사고,0,1,0,0,차대사람 - 기타,안전운전불이행,건조,흐림,단일로 - 기타,승합,남,41-50세,상해없음,보행자,여,65세 이상,중상
2016100500100172,2016년 10월,수요일,서울특별시 광진구 자양동,사망사고,1,0,0,0,차대사람 - 횡단중,보행자보호의무위반,건조,맑음,교차로 - 교차로안,화물,남,51-60세,상해없음,보행자,여,65세 이상,사망
2016100500100173,2016년 10월,수요일,서울특별시 광진구 구의동,경상사고,0,0,1,0,차대차 - 기타,기타,건조,흐림,단일로 - 기타,승용,남,51-60세,상해없음,원동기,남,21-30세,경상
2016100500100316,2016년 10월,수요일,서울특별시 광진구 구의동,경상사고,0,0,1,0,차대사람 - 횡단중,안전운전불이행,건조,맑음,단일로 - 기타,승용,남,65세 이상,상해없음,보행자,남,12세 이하,경상
2016100600100003,2016년 10월,목요일,서울특별시 광진구 광장동,중상사고,0,1,0,0,차대차 - 충돌,안전거리미확보,건조,맑음,단일로 - 기타,화물,남,61-64세,상해없음,승용,여,51-60세,중상
2016100600100316,2016년 10월,목요일,서울특별시 광진구 자양동,경상사고,0,0,1,0,차대사람 - 길가장자리구역통행중,안전운전불이행,건조,맑음,단일로 - 기타,원동기,남,51-60세,상해없음,보행자,여,51-60세,경상
2016100600100317,2016년 10월,목요일,서울특별시 광진구 군자동,경상사고,0,0,1,0,차대차 - 기타,안전운전불이행,건조,맑음,단일로 - 기타,자전거,남,65세 이상,경상,화물,남,21-30세,상해없음
2016100600100399,2016년 10월,목요일,서울특별시 광진구 중곡동,경상사고,0,0,1,0,차대차 - 충돌,중앙선침범,건조,맑음,교차로 - 교차로부근,승용,남,21-30세,상해없음,원동기,남,31-40세,경상
2016100600100532,2016년 10월,목요일,서울특별시 광진구 광장동,경상사고,0,0,1,1,차대차 - 기타,안전거리미확보,건조,맑음,단일로 - 교량,승용,남,61-64세,상해없음,승용,남,51-60세,상해없음
2016100600100577,2016년 10월,목요일,서울특별시 광진구 중곡동,경상사고,0,0,1,0,차대사람 - 길가장자리구역통행중,안전운전불이행,건조,맑음,단일로 - 기타,승용,남,31-40세,상해없음,보행자,남,51-60세,경상
2016100800100053,2016년 10월,토요일,서울특별시 광진구 화양동,경상사고,0,0,1,0,차대차 - 충돌,신호위반,습기,비,단일로 - 기타,승용,남,20세 이하,상해없음,승용,남,21-30세,경상
2016100800100122,2016년 10월,토요일,서울특별시 광진구 화양동,중상사고,0,1,0,0,차대사람 - 횡단중,보행자보호의무위반,습기,비,단일로 - 기타,승용,남,21-30세,상해없음,보행자,남,21-30세,중상
2016100800100254,2016년 10월,토요일,서울특별시 광진구 화양동,부상신고사고,0,0,0,1,차대사람 - 기타,신호위반,건조,맑음,단일로 - 횡단보도상,승용,남,61-64세,상해없음,보행자,여,13-20세,부상신고
2.0161E+15,2016년 10월,일요일,서울특별시 광진구 화양동,부상신고사고,0,0,0,1,차대차 - 기타,기타,건조,맑음,단일로 - 기타,승용,남,65세 이상,상해없음,원동기,남,41-50세,부상신고
2016100900100256,2016년 10월,일요일,서울특별시 광진구 중곡동,중상사고,0,1,1,0,차대사람 - 횡단중,신호위반,건조,맑음,단일로 - 기타,자전거,남,41-50세,상해없음,보행자,여,51-60세,경상
2016100900100404,2016년 10월,일요일,서울특별시 광진구 화양동,경상사고,0,0,1,0,차대사람 - 기타,안전운전불이행,건조,맑음,단일로 - 기타,승용,남,65세 이상,상해없음,보행자,여,41-50세,경상
2016101000100024,2016년 10월,월요일,서울특별시 광진구 군자동,경상사고,0,0,2,0,차대차 - 충돌,신호위반,건조,맑음,교차로 - 교차로안,승용,남,20세 이하,기타불명,승용,남,51-60세,경상
2016101000100226,2016년 10월,월요일,서울특별시 광진구 자양동,경상사고,0,0,1,0,차대차 - 충돌,안전운전불이행,건조,맑음,교차로 - 교차로안,승용,남,51-60세,상해없음,자전거,여,51-60세,경상
2016101000100411,2016년 10월,월요일,서울특별시 광진구 화양동,경상사고,0,0,1,0,차대차 - 추돌,안전운전불이행,건조,맑음,단일로 - 기타,승용,남,65세 이상,상해없음,승용,여,31-40세,경상
2016101000100561,2016년 10월,월요일,서울특별시 광진구 자양동,경상사고,0,0,2,0,차대차 - 추돌,안전운전불이행,건조,맑음,단일로 - 기타,승용,남,51-60세,상해없음,화물,남,51-60세,기타불명
2016101100100406,2016년 10월,화요일,서울특별시 광진구 광장동,경상사고,0,0,1,0,차대차 - 기타,안전운전불이행,건조,맑음,기타 - 기타,승용,여,41-50세,상해없음,승용,여,51-60세,경상
2016101100100547,2016년 10월,화요일,서울특별시 광진구 구의동,중상사고,0,1,1,0,차대차 - 기타,안전운전불이행,건조,맑음,단일로 - 기타,원동기,남,41-50세,중상,원동기,남,31-40세,경상
2016101200100079,2016년 10월,수요일,서울특별시 광진구 능동,경상사고,0,0,1,0,차대차 - 추돌,안전거리미확보,건조,맑음,단일로 - 기타,원동기,남,31-40세,경상,승용,남,41-50세,상해없음
2016101200100184,2016년 10월,수요일,서울특별시 광진구 자양동,경상사고,0,0,1,0,차량단독 - 충돌,기타,건조,맑음,단일로 - 기타,승합,남,41-50세,기타불명,,,,