사고번호,발생년월,요일,시군구,사고내용,사망자수,중상자수,경상자수,부상신고자수,사고유형,법규위반,노면상태,기상상태,도로형태,가해운전자 차종,가해운전자 성별,가해운전자 연령대,가해운전자 상해정도,피해운전자 차종,피해운전자 성별,피해운전자 연령대,피해운전자 상해정도
2016112900100613,2016년 11월,화요일,서울특별시 광진구 중곡동,경상사고,0,0,1,0,차대차 - 추돌,안전운전불이행,건조,맑음,단일로 - 기타,기타불명,기타불명,기타불명,기타불명,승용,남,61-64세,경상
2.01612E+15,2016년 12월,목요일,서울특별시 광진구 화양동,경상사고,0,0,1,0,차대차 - 추돌,안전운전불이행,습기,흐림,단일로 - 기타,승용,남,41-50세,상해없음,승용,여,21-30세,경상
2.01612E+15,2016년 12월,금요일,서울특별시 광진구 구의동,경상사고,0,0,1,0,차대사람 - 횡단중,신호위반,건조,맑음,단일로 - 횡단보도상,승용,남,31-40세,상해없음,보행자,남,12세 이하,경상
2016120200100198,2016년 12월,금요일,서울특별시 광진구 자양동,중상사고,0,1,0,0,차대차 - 충돌,안전운전불이행,건조,맑음,단일로 - 기타,원동기,남,31-40세,중상,승용,남,51-60세,상해없음
2016120200100199,2016년 12월,금요일,서울특별시 광진구 구의동,경상사고,0,0,2,0,차대차 - 추돌,안전운전불이행,건조,맑음,단일로 - 기타,승용,남,65세 이상,상해없음,승용,남,41-50세,경상
2016120200100503,2016년 12월,금요일,서울특별시 광진구 화양동,중상사고,0,1,0,0,차대차 - 충돌,기타,건조,맑음,단일로 - 기타,승용,남,51-60세,상해없음,원동기,여,51-60세,중상
2016120200100693,2016년 12월,금요일,서울특별시 광진구 중곡동,경상사고,0,0,2,0,차대차 - 추돌,안전운전불이행,건조,맑음,단일로 - 기타,승용,남,41-50세,상해없음,승용,남,21-30세,경상
2016120300100072,2016년 12월,토요일,서울특별시 광진구 중곡동,경상사고,0,0,1,0,차대차 - 충돌,안전운전불이행,건조,맑음,교차로 - 교차로안,승용,남,65세 이상,상해없음,승용,남,51-60세,경상
2016120300100095,2016년 12월,토요일,서울특별시 광진구 화양동,중상사고,0,1,0,0,차대사람 - 기타,안전운전불이행,건조,맑음,단일로 - 기타,승용,남,51-60세,상해없음,보행자,남,21-30세,중상
2016120400100057,2016년 12월,일요일,서울특별시 광진구 자양동,경상사고,0,0,1,1,차대차 - 기타,안전운전불이행,건조,흐림,단일로 - 기타,승용,남,21-30세,상해없음,승용,남,51-60세,부상신고
2016120400100216,2016년 12월,일요일,서울특별시 광진구 구의동,중상사고,0,1,0,0,차대사람 - 기타,안전운전불이행,건조,맑음,단일로 - 기타,승용,여,41-50세,상해없음,보행자,남,61-64세,중상
2016120500100299,2016년 12월,월요일,서울특별시 광진구 중곡동,경상사고,0,0,2,0,차대차 - 기타,안전운전불이행,건조,맑음,단일로 - 기타,건설기계,남,41-50세,상해없음,승용,남,21-30세,경상
2016120600100152,2016년 12월,화요일,서울특별시 광진구 광장동,중상사고,0,1,1,0,차대차 - 기타,안전운전불이행,건조,맑음,단일로 - 기타,승용,남,51-60세,상해없음,원동기,남,41-50세,중상
2016120800100149,2016년 12월,목요일,서울특별시 광진구 중곡동,중상사고,0,1,1,0,차대차 - 충돌,안전운전불이행,건조,맑음,단일로 - 기타,화물,남,51-60세,상해없음,이륜,남,21-30세,중상
2016120800100584,2016년 12월,목요일,서울특별시 광진구 화양동,경상사고,0,0,1,0,차대사람 - 보도통행중,안전운전불이행,습기,맑음,교차로 - 교차로부근,승용,남,31-40세,상해없음,보행자,남,13-20세,경상
2016120800100585,2016년 12월,목요일,서울특별시 광진구 자양동,경상사고,0,0,1,0,차대사람 - 횡단중,보행자보호의무위반,습기,비,교차로 - 교차로안,승용,여,41-50세,상해없음,보행자,여,21-30세,경상
2016120800100586,2016년 12월,목요일,서울특별시 광진구 구의동,경상사고,0,0,1,0,차대차 - 기타,안전거리미확보,건조,맑음,교차로 - 교차로부근,승용,남,51-60세,상해없음,승용,남,41-50세,경상
2016120800100676,2016년 12월,목요일,서울특별시 광진구 화양동,중상사고,0,1,0,0,차대차 - 충돌,신호위반,습기,비,단일로 - 횡단보도상,승용,여,61-64세,상해없음,자전거,남,31-40세,중상
2.01612E+15,2016년 12월,일요일,서울특별시 광진구 군자동,중상사고,0,1,1,0,차대차 - 추돌,안전운전불이행,건조,맑음,단일로 - 기타,승용,남,21-30세,상해없음,승용,남,51-60세,중상
2016121100100058,2016년 12월,일요일,서울특별시 광진구 군자동,경상사고,0,0,1,1,차대차 - 기타,신호위반,건조,맑음,교차로 - 교차로안,승용,남,65세 이상,기타불명,승용,남,31-40세,부상신고
2016121200100001,2016년 12월,월요일,서울특별시 광진구 자양동,경상사고,0,0,2,0,차대차 - 충돌,교차로운행방법위반,건조,맑음,교차로 - 교차로안,승용,남,31-40세,상해없음,원동기,남,41-50세,경상
2016121200100387,2016년 12월,월요일,서울특별시 광진구 자양동,경상사고,0,0,1,0,차대차 - 기타,신호위반,건조,맑음,교차로 - 교차로안,승용,여,21-30세,기타불명,승용,남,41-50세,경상
2016121300100136,2016년 12월,화요일,서울특별시 광진구 중곡동,경상사고,0,0,1,0,차대사람 - 기타,안전운전불이행,건조,맑음,기타 - 기타,화물,남,65세 이상,상해없음,보행자,남,31-40세,경상
2.01612E+15,2016년 12월,화요일,서울특별시 광진구 자양동,경상사고,0,0,2,0,차대차 - 기타,안전운전불이행,건조,맑음,교차로 - 교차로부근,원동기,남,21-30세,상해없음,승용,여,31-40세,경상
2016121400100234,2016년 12월,수요일,서울특별시 광진구 구의동,경상사고,0,0,1,0,차대차 - 충돌,안전운전불이행,습기,눈,교차로 - 교차로안,승용,남,65세 이상,상해없음,원동기,남,31-40세,경상
2016121400100522,2016년 12월,수요일,서울특별시 광진구 구의동,경상사고,0,0,2,0,차대차 - 추돌,안전운전불이행,건조,맑음,단일로 - 기타,승용,남,31-40세,상해없음,승용,남,51-60세,경상
2016121500100226,2016년 12월,목요일,서울특별시 광진구 화양동,중상사고,0,1,0,0,차대차 - 충돌,중앙선침범,건조,맑음,단일로 - 기타,승용,남,31-40세,상해없음,승용,여,51-60세,중상
2016121500100496,2016년 12월,목요일,서울특별시 광진구 자양동,부상신고사고,0,0,0,1,차대차 - 충돌,안전운전불이행,건조,맑음,교차로 - 교차로부근,이륜,남,21-30세,상해없음,승용,남,51-60세,상해없음
2.01612E+15,2016년 12월,목요일,서울특별시 광진구 광장동,경상사고,0,0,1,0,차대차 - 추돌,안전운전불이행,건조,맑음,교차로 - 교차로부근,승용,남,41-50세,상해없음,승용,여,31-40세,경상
2016121600100031,2016년 12월,금요일,서울특별시 광진구 자양동,경상사고,0,0,4,0,차대차 - 추돌,안전운전불이행,건조,맑음,단일로 - 기타,승용,남,21-30세,상해없음,승용,남,61-64세,경상
2016121600100669,2016년 12월,금요일,서울특별시 광진구 중곡동,사망사고,1,0,0,0,차량단독 - 전도전복,안전운전불이행,건조,맑음,단일로 - 기타,이륜,남,21-30세,사망,,,,
2016121700100003,2016년 12월,토요일,서울특별시 광진구 중곡동,중상사고,0,1,0,0,차대사람 - 횡단중,안전운전불이행,건조,맑음,단일로 - 기타,화물,남,51-60세,상해없음,보행자,여,65세 이상,중상
2016121700100026,2016년 12월,토요일,서울특별시 광진구 군자동,경상사고,0,0,1,0,차대차 - 충돌,중앙선침범,건조,맑음,단일로 - 기타,승용,남,41-50세,상해없음,원동기,남,21-30세,경상
2016121700100101,2016년 12월,토요일,서울특별시 광진구 중곡동,경상사고,0,0,1,0,차대차 - 기타,안전거리미확보,건조,맑음,단일로 - 기타,승용,남,51-60세,상해없음,승용,남,21-30세,경상
2016121700100139,2016년 12월,토요일,서울특별시 광진구 화양동,경상사고,0,0,1,0,차대차 - 충돌,신호위반,건조,맑음,단일로 - 횡단보도상,승용,여,41-50세,상해없음,자전거,남,12세 이하,경상
2016121700100294,2016년 12월,토요일,서울특별시 광진구 화양동,중상사고,0,1,0,0,차대차 - 기타,기타,건조,맑음,단일로 - 기타,승용,남,61-64세,상해없음,원동기,남,13-20세,중상
2016121800100063,2016년 12월,일요일,서울특별시 광진구 화양동,중상사고,0,1,0,0,차대차 - 추돌,안전운전불이행,건조,맑음,교차로 - 교차로부근,이륜,남,21-30세,중상,승용,남,61-64세,상해없음
2016121800100121,2016년 12월,일요일,서울특별시 광진구 광장동,경상사고,0,0,2,0,차대차 - 기타,안전운전불이행,건조,맑음,교차로 - 교차로부근,승용,남,21-30세,상해없음,승용,남,41-50세,경상
2016121900100046,2016년 12월,월요일,서울특별시 광진구 구의동,경상사고,0,0,1,0,차대차 - 충돌,안전거리미확보,습기,비,단일로 - 기타,승용,남,51-60세,상해없음,승용,남,31-40세,경상
2016121900100065,2016년 12월,월요일,서울특별시 광진구 군자동,중상사고,0,1,0,0,차대사람 - 길가장자리구역통행중,안전운전불이행,습기,비,단일로 - 기타,승용,남,21-30세,상해없음,보행자,여,65세 이상,중상
2016121900100217,2016년 12월,월요일,서울특별시 광진구 화양동,경상사고,0,0,2,0,차대차 - 기타,안전운전불이행,건조,맑음,기타 - 기타,승용,남,51-60세,경상,원동기,남,21-30세,경상
2016121900100289,2016년 12월,월요일,서울특별시 광진구 자양동,경상사고,0,0,2,0,차량단독 - 기타,안전운전불이행,건조,맑음,교차로 - 교차로안,승용,남,51-60세,상해없음,,,,
2016121900100609,2016년 12월,월요일,서울특별시 광진구 중곡동,경상사고,0,0,1,0,차대사람 - 기타,안전운전불이행,건조,맑음,단일로 - 기타,승용,남,61-64세,상해없음,보행자,남,41-50세,경상
2016122000100422,2016년 12월,화요일,서울특별시 광진구 자양동,경상사고,0,0,1,0,차대사람 - 횡단중,보행자보호의무위반,건조,맑음,교차로 - 교차로부근,승용,남,65세 이상,상해없음,보행자,남,61-64세,경상
2016122000100462,2016년 12월,화요일,서울특별시 광진구 자양동,경상사고,0,0,2,0,차대차 - 추돌,안전운전불이행,건조,맑음,단일로 - 기타,승용,여,65세 이상,상해없음,승용,남,21-30세,경상
2016122000100517,2016년 12월,화요일,서울특별시 광진구 자양동,경상사고,0,0,1,0,차대차 - 충돌,신호위반,건조,맑음,교차로 - 교차로부근,승용,남,41-50세,상해없음,이륜,남,31-40세,경상
2016122000100518,2016년 12월,화요일,서울특별시 광진구 광장동,경상사고,0,0,2,0,차대차 - 기타,안전거리미확보,건조,맑음,단일로 - 기타,승용,남,65세 이상,상해없음,승용,여,41-50세,경상
2016122100100112,2016년 12월,수요일,서울특별시 광진구 구의동,중상사고,0,1,0,0,차량단독 - 기타,기타,건조,맑음,단일로 - 기타,승합,남,41-50세,상해없음,,,,
2016122100100205,2016년 12월,수요일,서울특별시 광진구 구의동,경상사고,0,0,1,0,차대차 - 충돌,안전운전불이행,건조,맑음,교차로 - 교차로안,이륜,기타불명,기타불명,기타불명,승용,여,41-50세,경상
2016122100100582,2016년 12월,수요일,서울특별시 광진구 구의동,중상사고,0,2,1,0,차대차 - 충돌,중앙선침범,습기,비,단일로 - 기타,승합,남,31-40세,상해없음,승용,남,61-64세,중상
2016122100100694,2016년 12월,수요일,서울특별시 광진구 중곡동,경상사고,0,0,1,0,차대사람 - 횡단중,안전운전불이행,습기,비,교차로 - 교차로부근,승용,남,51-60세,상해없음,보행자,남,51-60세,경상
2016122100100814,2016년 12월,수요일,서울특별시 광진구 화양동,중상사고,0,1,0,0,차대사람 - 기타,안전운전불이행,습기,비,단일로 - 기타,승용,남,21-30세,상해없음,보행자,남,21-30세,중상
2016122100100815,2016년 12월,수요일,서울특별시 광진구 광장동,중상사고,0,1,2,0,차대차 - 충돌,신호위반,습기,비,교차로 - 교차로안,승용,남,31-40세,상해없음,승용,남,51-60세,경상
2016122200100008,2016년 12월,목요일,서울특별시 광진구 자양동,중상사고,0,1,1,1,차대차 - 추돌,안전운전불이행,습기,비,교차로 - 교차로부근,승용,남,31-40세,상해없음,승용,남,21-30세,중상
2016122200100009,2016년 12월,목요일,서울특별시 광진구 자양동,중상사고,0,1,3,0,차대차 - 추돌,안전거리미확보,건조,맑음,단일로 - 기타,승합,남,31-40세,상해없음,승용,남,21-30세,상해없음
2016122200100376,2016년 12월,목요일,서울특별시 광진구 구의동,경상사고,0,0,3,0,차대차 - 기타,안전운전불이행,건조,맑음,교차로 - 교차로부근,승용,남,51-60세,상해없음,승용,여,31-40세,경상
2.01612E+15,2016년 12월,목요일,서울특별시 광진구 화양동,중상사고,0,1,0,0,차대차 - 충돌,안전거리미확보,적설,비,단일로 - 기타,승용,여,65세 이상,상해없음,원동기,남,41-50세,중상
2016122300100158,2016년 12월,금요일,서울특별시 광진구 중곡동,경상사고,0,0,1,0,차대사람 - 차도통행중,안전운전불이행,건조,맑음,단일로 - 기타,승용,남,61-64세,상해없음,보행자,여,31-40세,경상
2016122400100111,2016년 12월,토요일,서울특별시 광진구 중곡동,중상사고,0,1,0,0,차대사람 - 횡단중,안전운전불이행,건조,맑음,단일로 - 기타,승용,남,61-64세,상해없음,보행자,남,21-30세,중상
2016122500100033,2016년 12월,일요일,서울특별시 광진구 화양동,중상사고,0,1,0,0,차대사람 - 횡단중,안전운전불이행,건조,맑음,단일로 - 기타,승용,남,41-50세,상해없음,보행자,여,21-30세,중상
2016122500100374,2016년 12월,일요일,서울특별시 광진구 구의동,중상사고,0,1,0,0,차대사람 - 기타,안전운전불이행,건조,맑음,단일로 - 기타,원동기,남,20세 이하,상해없음,보행자,여,65세 이상,중상
2016122600100178,2016년 12월,월요일,서울특별시 광진구 구의동,중상사고,0,1,0,0,차대사람 - 횡단중,보행자보호의무위반,건조,맑음,단일로 - 횡단보도상,승용,남,61-64세,상해없음,보행자,여,51-60세,중상
2016122800100001,2016년 12월,수요일,서울특별시 광진구 군자동,경상사고,0,0,3,0,차대차 - 추돌,안전운전불이행,건조,맑음,단일로 - 기타,승용,남,51-60세,상해없음,승용,남,61-64세,경상
2016122800100021,2016년 12월,수요일,서울특별시 광진구 화양동,중상사고,0,1,0,0,차대사람 - 횡단중,안전운전불이행,건조,맑음,단일로 - 기타,승용,남,31-40세,상해없음,보행자,남,13-20세,중상
2016122800100043,2016년 12월,수요일,서울특별시 광진구 중곡동,경상사고,0,0,1,0,차대차 - 충돌,신호위반,건조,맑음,단일로 - 기타,승용,남,61-64세,상해없음,이륜,남,21-30세,경상
2016122800100108,2016년 12월,수요일,서울특별시 광진구 중곡동,경상사고,0,0,1,0,차대사람 - 기타,안전운전불이행,건조,맑음,단일로 - 기타,승합,남,61-64세,상해없음,보행자,여,65세 이상,경상
2016122800100263,2016년 12월,수요일,서울특별시 광진구 자양동,경상사고,0,0,1,0,차대차 - 추돌,안전운전불이행,건조,맑음,단일로 - 기타,원동기,남,21-30세,경상,승용,남,51-60세,상해없음
2016122800100535,2016년 12월,수요일,서울특별시 광진구 화양동,경상사고,0,0,1,0,차대사람 - 기타,안전운전불이행,건조,맑음,단일로 - 기타,승용,남,21-30세,상해없음,보행자,여,21-30세,경상
2016122900100198,2016년 12월,목요일,서울특별시 광진구 자양동,중상사고,0,1,1,0,차량단독 - 전도전복,안전운전불이행,결빙,맑음,단일로 - 기타,승용,남,51-60세,상해없음,,,,
2016122900100328,2016년 12월,목요일,서울특별시 광진구 중곡동,중상사고,0,1,0,0,차대사람 - 횡단중,신호위반,건조,맑음,단일로 - 횡단보도부근,원동기,남,21-30세,상해없음,보행자,여,31-40세,중상
2.01612E+15,2016년 12월,목요일,서울특별시 광진구 중곡동,경상사고,0,0,1,0,차대차 - 기타,안전운전불이행,건조,흐림,교차로 - 교차로부근,원동기,남,41-50세,경상,승용,여,51-60세,상해없음
2016122900100515,2016년 12월,목요일,서울특별시 광진구 화양동,중상사고,0,1,0,0,차대차 - 충돌,안전거리미확보,건조,맑음,단일로 - 기타,승용,남,31-40세,상해없음,원동기,남,21-30세,중상
2016122900100578,2016년 12월,목요일,서울특별시 광진구 중곡동,중상사고,0,1,0,0,차대차 - 기타,안전운전불이행,결빙,맑음,교차로 - 교차로안,승용,남,31-40세,상해없음,원동기,남,51-60세,중상
2016122900100671,2016년 12월,목요일,서울특별시 광진구 중곡동,경상사고,0,0,1,0,차대차 - 기타,안전운전불이행,건조,맑음,단일로 - 기타,승용,남,51-60세,상해없음,원동기,남,51-60세,경상
2.01612E+15,2016년 12월,목요일,서울특별시 광진구 자양동,중상사고,0,1,0,0,차대차 - 추돌,안전운전불이행,건조,맑음,단일로 - 기타,승용,남,41-50세,상해없음,승용,여,41-50세,중상
2016123000100099,2016년 12월,금요일,서울특별시 광진구 구의동,사망사고,1,0,0,0,차대차 - 충돌,중앙선침범,기타,맑음,단일로 - 기타,원동기,남,21-30세,사망,승용,남,61-64세,상해없음
2016123000100129,2016년 12월,금요일,서울특별시 광진구 광장동,경상사고,0,0,1,0,차대차 - 추돌,안전운전불이행,건조,맑음,단일로 - 기타,승용,남,51-60세,상해없음,승용,남,31-40세,경상
2016123000100257,2016년 12월,금요일,서울특별시 광진구 자양동,중상사고,0,2,0,0,차대차 - 충돌,직진우회전진행방해,건조,맑음,교차로 - 교차로안,승용,여,31-40세,중상,원동기,남,51-60세,중상
2016123000100517,2016년 12월,금요일,서울특별시 광진구 군자동,중상사고,0,1,0,0,차대차 - 기타,안전운전불이행,건조,맑음,단일로 - 기타,원동기,남,21-30세,중상,승용,남,51-60세,상해없음
2016123100100039,2016년 12월,토요일,서울특별시 광진구 중곡동,경상사고,0,0,1,0,차대차 - 추돌,안전운전불이행,건조,맑음,단일로 - 기타,승용,남,65세 이상,상해없음,승용,남,51-60세,상해없음
2016123100100103,2016년 12월,토요일,서울특별시 광진구 화양동,경상사고,0,0,2,0,차대차 - 추돌,안전운전불이행,건조,맑음,단일로 - 기타,승용,남,21-30세,기타불명,승용,남,21-30세,경상
2016123100100171,2016년 12월,토요일,서울특별시 광진구 군자동,경상사고,0,0,1,0,차대차 - 기타,안전거리미확보,건조,맑음,단일로 - 기타,승용,남,61-64세,상해없음,원동기,남,65세 이상,경상
2016123100100184,2016년 12월,토요일,서울특별시 광진구 능동,중상사고,0,1,0,0,차대차 - 충돌,직진우회전진행방해,건조,맑음,교차로 - 교차로안,승용,여,41-50세,상해없음,승용,남,21-30세,중상
2016123100100215,2016년 12월,토요일,서울특별시 광진구 광장동,경상사고,0,0,3,0,차대차 - 추돌,안전운전불이행,건조,맑음,단일로 - 기타,승용,남,21-30세,상해없음,승용,남,51-60세,경상
2016123100100595,2016년 12월,토요일,서울특별시 광진구 중곡동,경상사고,0,0,1,0,차대차 - 추돌,중앙선침범,건조,맑음,단일로 - 기타,원동기,남,31-40세,경상,승용,여,61-64세,상해없음
2017010100100145,2017년 1월,일요일,서울특별시 광진구 자양동,중상사고,0,1,0,0,차대차 - 충돌,중앙선침범,건조,맑음,단일로 - 교량,승용,남,20세 이하,상해없음,승용,남,41-50세,중상
2017010100100365,2017년 1월,일요일,서울특별시 광진구 군자동,중상사고,0,1,0,0,차대차 - 충돌,신호위반,건조,맑음,단일로 - 기타,원동기,남,21-30세,상해없음,자전거,남,61-64세,중상
2017010200100045,2017년 1월,월요일,서울특별시 광진구 군자동,경상사고,0,0,3,0,차대차 - 추돌,안전운전불이행,건조,맑음,단일로 - 기타,승용,남,31-40세,상해없음,승용,남,51-60세,경상
2017010200100055,2017년 1월,월요일,서울특별시 광진구 화양동,경상사고,0,0,1,0,차대사람 - 기타,기타,젖음/습기,비,기타 - 기타,자전거,남,21-30세,상해없음,보행자,여,65세 이상,경상
2017010200100127,2017년 1월,월요일,서울특별시 광진구 자양동,경상사고,0,0,1,0,차대사람 - 보도통행중,기타,건조,맑음,기타 - 기타,원동기,남,51-60세,상해없음,보행자,여,21-30세,경상
2017010200100321,2017년 1월,월요일,서울특별시 광진구 구의동,사망사고,1,0,0,0,차량단독 - 충돌,안전운전불이행,건조,맑음,단일로 - 기타,승용,남,65세 이상,사망,,,,
2.01701E+15,2017년 1월,월요일,서울특별시 광진구 중곡동,경상사고,0,0,2,0,차대차 - 기타,교차로운행방법위반,건조,맑음,교차로 - 교차로안,승용,남,65세 이상,상해없음,승용,남,31-40세,경상
2017010300100278,2017년 1월,화요일,서울특별시 광진구 자양동,경상사고,0,0,2,0,차대차 - 추돌,안전운전불이행,건조,맑음,단일로 - 교량,승용,남,65세 이상,상해없음,승용,남,51-60세,경상
2017010300100299,2017년 1월,화요일,서울특별시 광진구 중곡동,중상사고,0,1,0,0,차대사람 - 횡단중,안전운전불이행,건조,맑음,단일로 - 기타,승용,남,21-30세,상해없음,보행자,여,65세 이상,중상
2017010400100039,2017년 1월,수요일,서울특별시 광진구 중곡동,중상사고,0,3,2,0,차대차 - 충돌,신호위반,건조,맑음,교차로 - 교차로안,승용,남,21-30세,상해없음,승용,남,65세 이상,중상
2.01701E+15,2017년 1월,수요일,서울특별시 광진구 화양동,경상사고,0,0,2,0,차대차 - 충돌,교차로운행방법위반,건조,맑음,교차로 - 교차로안,승용,남,51-60세,상해없음,승용,남,51-60세,상해없음
2017010500100157,2017년 1월,목요일,서울특별시 광진구 자양동,사망사고,1,0,0,0,차량단독 - 전도전복,안전운전불이행,건조,흐림,단일로 - 기타,이륜,남,41-50세,사망,,,,
2017010600100097,2017년 1월,금요일,서울특별시 광진구 구의동,경상사고,0,0,1,0,차대차 - 충돌,신호위반,건조,맑음,교차로 - 교차로안,승용,남,21-30세,상해없음,승용,여,31-40세,상해없음
2017010600100098,2017년 1월,금요일,서울특별시 광진구 화양동,중상사고,0,3,0,0,차대차 - 충돌,신호위반,건조,맑음,단일로 - 기타,승용,남,61-64세,상해없음,승용,남,65세 이상,중상
2017010600100153,2017년 1월,금요일,서울특별시 광진구 중곡동,경상사고,0,0,1,0,차대차 - 기타,안전운전불이행,건조,맑음,단일로 - 기타,승용,남,21-30세,기타불명,승용,남,61-64세,경상
2017010600100279,2017년 1월,금요일,서울특별시 광진구 중곡동,경상사고,0,0,1,0,차대차 - 충돌,안전거리미확보,건조,맑음,단일로 - 기타,승용,남,21-30세,상해없음,원동기,남,31-40세,경상
2.01701E+15,2017년 1월,토요일,서울특별시 광진구 구의동,경상사고,0,0,1,0,차대차 - 추돌,안전운전불이행,건조,맑음,단일로 - 기타,승용,남,51-60세,상해없음,승용,남,31-40세,경상
2.01701E+15,2017년 1월,토요일,서울특별시 광진구 군자동,중상사고,0,1,0,0,차대차 - 기타,안전운전불이행,건조,맑음,단일로 - 기타,승합,남,51-60세,상해없음,원동기,남,21-30세,중상
2.01701E+15,2017년 1월,월요일,서울특별시 광진구 중곡동,부상신고사고,0,0,0,1,차대차 - 충돌,안전운전불이행,건조,맑음,단일로 - 기타,승합,남,41-50세,상해없음,화물,남,51-60세,기타불명
2017011000100377,2017년 1월,화요일,서울특별시 광진구 구의동,경상사고,0,0,1,0,차대차 - 기타,안전운전불이행,기타,기타,단일로 - 기타,승용,여,31-40세,상해없음,승용,남,31-40세,경상
2017011000100486,2017년 1월,화요일,서울특별시 광진구 군자동,경상사고,0,0,1,0,차대차 - 충돌,중앙선침범,건조,맑음,단일로 - 기타,원동기,남,31-40세,상해없음,원동기,남,31-40세,경상
2017011000100515,2017년 1월,화요일,서울특별시 광진구 군자동,경상사고,0,0,1,0,차대차 - 충돌,교차로운행방법위반,건조,맑음,교차로 - 교차로안,승용,남,21-30세,상해없음,승용,남,51-60세,경상
2017011100100175,2017년 1월,수요일,서울특별시 광진구 자양동,중상사고,0,1,0,0,차대차 - 추돌,안전거리미확보,건조,맑음,단일로 - 기타,승용,여,21-30세,상해없음,승용,여,31-40세,중상
2017011100100291,2017년 1월,수요일,서울특별시 광진구 군자동,경상사고,0,0,1,0,차대사람 - 횡단중,신호위반,건조,맑음,단일로 - 기타,승합,남,31-40세,상해없음,보행자,남,31-40세,경상
2017011100100477,2017년 1월,수요일,서울특별시 광진구 자양동,경상사고,0,0,1,0,차대차 - 추돌,안전운전불이행,건조,맑음,단일로 - 기타,기타불명,기타불명,기타불명,기타불명,승용,여,21-30세,경상
2017011100100478,2017년 1월,수요일,서울특별시 광진구 광장동,경상사고,0,0,1,0,차대사람 - 기타,안전운전불이행,건조,맑음,단일로 - 기타,승합,남,51-60세,상해없음,보행자,남,31-40세,경상
2017011200100291,2017년 1월,목요일,서울특별시 광진구 중곡동,경상사고,0,0,1,0,차대차 - 기타,안전운전불이행,건조,맑음,단일로 - 기타,승용,기타불명,기타불명,기타불명,승용,여,31-40세,경상
2017011300100325,2017년 1월,금요일,서울특별시 광진구 화양동,경상사고,0,0,1,0,차대차 - 기타,신호위반,젖음/습기,흐림,단일로 - 기타,승용,여,31-40세,상해없음,원동기,남,31-40세,경상
2017011400100297,2017년 1월,토요일,서울특별시 광진구 군자동,경상사고,0,0,1,0,차대차 - 추돌,안전운전불이행,건조,맑음,단일로 - 기타,승용,남,31-40세,상해없음,승용,여,51-60세,경상
2017011500100077,2017년 1월,일요일,서울특별시 광진구 자양동,중상사고,0,1,3,0,차대차 - 추돌,안전운전불이행,건조,맑음,교차로 - 교차로부근,승용,남,61-64세,상해없음,승용,남,65세 이상,경상
2017011500100223,2017년 1월,일요일,서울특별시 광진구 광장동,중상사고,0,1,0,1,차대차 - 추돌,안전운전불이행,건조,맑음,단일로 - 기타,승합,남,51-60세,상해없음,승용,여,51-60세,부상신고
2017011500100359,2017년 1월,일요일,서울특별시 광진구 화양동,경상사고,0,0,1,0,차대차 - 충돌,신호위반,건조,맑음,교차로 - 교차로안,자전거,여,51-60세,경상,승용,남,65세 이상,상해없음
2017011500100393,2017년 1월,일요일,서울특별시 광진구 화양동,중상사고,0,1,0,0,차량단독 - 기타,기타,건조,맑음,교차로 - 교차로안,승합,남,51-60세,상해없음,,,,
2017011600100174,2017년 1월,월요일,서울특별시 광진구 구의동,경상사고,0,0,1,0,차대차 - 충돌,안전운전불이행,건조,맑음,교차로 - 교차로안,화물,남,41-50세,상해없음,승용,남,21-30세,경상
2017011600100208,2017년 1월,월요일,서울특별시 광진구 구의동,경상사고,0,0,1,0,차대차 - 기타,안전거리미확보,건조,맑음,단일로 - 기타,승용,남,51-60세,상해없음,승용,남,51-60세,상해없음
2017011600100479,2017년 1월,월요일,서울특별시 광진구 중곡동,경상사고,0,0,1,0,차대차 - 기타,안전운전불이행,건조,맑음,교차로 - 교차로안,원동기,여,51-60세,경상,승용,여,31-40세,상해없음
2017011600100648,2017년 1월,월요일,서울특별시 광진구 중곡동,경상사고,0,0,2,0,차대차 - 충돌,안전운전불이행,건조,맑음,교차로 - 교차로안,승용,남,51-60세,상해없음,원동기,남,13-20세,경상
2017011700100009,2017년 1월,화요일,서울특별시 광진구 화양동,경상사고,0,0,3,0,차대차 - 충돌,신호위반,건조,맑음,교차로 - 교차로부근,승용,남,61-64세,상해없음,승용,남,31-40세,경상
2017011700100019,2017년 1월,화요일,서울특별시 광진구 자양동,중상사고,0,1,1,0,차대사람 - 횡단중,안전운전불이행,건조,맑음,단일로 - 기타,승용,남,65세 이상,상해없음,보행자,남,41-50세,경상
2.01701E+15,2017년 1월,수요일,서울특별시 광진구 군자동,중상사고,0,1,0,0,차량단독 - 기타,안전운전불이행,건조,맑음,단일로 - 기타,승용,남,51-60세,상해없음,,,,
2017011800100334,2017년 1월,수요일,서울특별시 광진구 구의동,경상사고,0,0,1,0,차대사람 - 길가장자리구역통행중,안전운전불이행,건조,맑음,단일로 - 기타,승용,남,61-64세,상해없음,보행자,여,21-30세,경상
2017011800100453,2017년 1월,수요일,서울특별시 광진구 자양동,경상사고,0,0,1,0,차대차 - 기타,신호위반,건조,맑음,교차로 - 교차로안,승용,남,65세 이상,기타불명,승용,남,31-40세,경상
2017011900100064,2017년 1월,목요일,서울특별시 광진구 광장동,경상사고,0,0,1,0,차대사람 - 횡단중,안전운전불이행,건조,맑음,교차로 - 교차로횡단보도내,승용,남,31-40세,상해없음,보행자,남,21-30세,경상