사고번호,발생년월,요일,시군구,사고내용,사망자수,중상자수,경상자수,부상신고자수,사고유형,법규위반,노면상태,기상상태,도로형태,가해운전자 차종,가해운전자 성별,가해운전자 연령대,가해운전자 상해정도,피해운전자 차종,피해운전자 성별,피해운전자 연령대,피해운전자 상해정도
2017011900100477,2017년 1월,목요일,서울특별시 광진구 자양동,중상사고,0,1,0,0,차대사람 - 횡단중,안전운전불이행,건조,맑음,교차로 - 교차로안,승용,남,21-30세,상해없음,보행자,여,41-50세,중상
2017012000100252,2017년 1월,금요일,서울특별시 광진구 군자동,사망사고,1,1,0,0,차대차 - 충돌,중앙선침범,적설,맑음,단일로 - 기타,승용,남,61-64세,중상,이륜,남,41-50세,사망
2017012100100035,2017년 1월,토요일,서울특별시 광진구 능동,경상사고,0,0,1,0,차대차 - 추돌,안전운전불이행,건조,맑음,단일로 - 기타,승용,남,51-60세,상해없음,승용,남,21-30세,경상
2017012100100249,2017년 1월,토요일,서울특별시 광진구 구의동,경상사고,0,0,2,0,차대차 - 추돌,안전거리미확보,건조,맑음,단일로 - 기타,승용,남,65세 이상,상해없음,승용,남,31-40세,경상
2017012100100316,2017년 1월,토요일,서울특별시 광진구 구의동,경상사고,0,0,1,0,차대차 - 충돌,신호위반,건조,맑음,교차로 - 교차로안,승용,여,65세 이상,상해없음,원동기,남,51-60세,경상
2017012200100374,2017년 1월,일요일,서울특별시 광진구 화양동,경상사고,0,0,1,0,차대사람 - 횡단중,안전운전불이행,건조,맑음,단일로 - 기타,승용,남,61-64세,상해없음,보행자,여,65세 이상,경상
2017012300100586,2017년 1월,월요일,서울특별시 광진구 광장동,부상신고사고,0,0,0,1,차량단독 - 기타,안전운전불이행,건조,맑음,단일로 - 기타,승용,남,61-64세,상해없음,,,,
2017012300100663,2017년 1월,월요일,서울특별시 광진구 자양동,중상사고,0,1,0,0,차대차 - 충돌,안전거리미확보,건조,맑음,단일로 - 기타,승용,남,21-30세,상해없음,승용,여,31-40세,중상
2017012400100226,2017년 1월,화요일,서울특별시 광진구 자양동,중상사고,0,1,0,0,차대차 - 충돌,교차로운행방법위반,건조,맑음,교차로 - 교차로안,승용,남,41-50세,상해없음,자전거,남,65세 이상,중상
2017012400100227,2017년 1월,화요일,서울특별시 광진구 구의동,경상사고,0,0,1,0,차대사람 - 횡단중,보행자보호의무위반,서리/결빙,맑음,단일로 - 기타,원동기,남,61-64세,상해없음,보행자,여,51-60세,경상
2017012400100567,2017년 1월,화요일,서울특별시 광진구 중곡동,중상사고,0,1,0,0,차대차 - 기타,안전거리미확보,서리/결빙,맑음,교차로 - 교차로부근,기타불명,기타불명,기타불명,기타불명,원동기,남,51-60세,중상
2017012400100568,2017년 1월,화요일,서울특별시 광진구 군자동,부상신고사고,0,0,0,1,차대차 - 기타,교차로운행방법위반,건조,맑음,교차로 - 교차로안,원동기,남,31-40세,상해없음,승용,남,31-40세,부상신고
2017012400100621,2017년 1월,화요일,서울특별시 광진구 화양동,중상사고,0,2,2,1,차대사람 - 기타,안전운전불이행,서리/결빙,맑음,교차로 - 교차로부근,화물,남,41-50세,상해없음,보행자,여,21-30세,중상
2017012400100622,2017년 1월,화요일,서울특별시 광진구 화양동,경상사고,0,0,1,0,차대차 - 기타,안전운전불이행,건조,맑음,단일로 - 기타,원동기,남,51-60세,경상,승용,남,21-30세,상해없음
2017012500100054,2017년 1월,수요일,서울특별시 광진구 중곡동,경상사고,0,0,1,0,차대차 - 충돌,중앙선침범,건조,맑음,단일로 - 기타,화물,남,51-60세,상해없음,이륜,남,51-60세,경상
2017012500100055,2017년 1월,수요일,서울특별시 광진구 화양동,경상사고,0,0,1,0,차대차 - 충돌,안전운전불이행,서리/결빙,맑음,단일로 - 기타,승용,남,21-30세,상해없음,승용,남,51-60세,상해없음
2017012500100321,2017년 1월,수요일,서울특별시 광진구 중곡동,경상사고,0,0,1,0,차대차 - 충돌,신호위반,건조,맑음,교차로 - 교차로안,화물,남,51-60세,상해없음,승용,남,65세 이상,경상
2017012500100361,2017년 1월,수요일,서울특별시 광진구 중곡동,중상사고,0,1,0,0,차대차 - 충돌,중앙선침범,건조,맑음,교차로 - 교차로부근,승합,남,31-40세,상해없음,승용,여,51-60세,중상
2017012600100018,2017년 1월,목요일,서울특별시 광진구 구의동,경상사고,0,0,1,0,차대차 - 추돌,안전운전불이행,건조,맑음,교차로 - 교차로부근,승합,남,41-50세,상해없음,승용,여,51-60세,경상
2.01701E+15,2017년 1월,목요일,서울특별시 광진구 화양동,부상신고사고,0,0,0,1,차대사람 - 횡단중,신호위반,건조,맑음,단일로 - 기타,승용,남,61-64세,상해없음,보행자,여,41-50세,부상신고
2017012600100679,2017년 1월,목요일,서울특별시 광진구 화양동,경상사고,0,0,1,0,차대차 - 기타,차로위반,건조,흐림,단일로 - 기타,승용,기타불명,기타불명,기타불명,원동기,남,41-50세,경상
2017012600100724,2017년 1월,목요일,서울특별시 광진구 자양동,중상사고,0,1,0,0,차대차 - 추돌,안전거리미확보,건조,맑음,교차로 - 교차로안,승용,남,51-60세,상해없음,원동기,남,13-20세,중상
2017012700100012,2017년 1월,금요일,서울특별시 광진구 중곡동,경상사고,0,0,1,0,차대차 - 추돌,안전운전불이행,젖음/습기,비,교차로 - 교차로안,승용,남,31-40세,상해없음,화물,남,51-60세,경상
2017012700100187,2017년 1월,금요일,서울특별시 광진구 광장동,경상사고,0,0,1,0,차대차 - 기타,안전운전불이행,건조,맑음,단일로 - 기타,승합,남,61-64세,상해없음,승용,남,41-50세,경상
2017012800100021,2017년 1월,토요일,서울특별시 광진구 구의동,경상사고,0,0,2,0,차대차 - 충돌,안전운전불이행,건조,맑음,단일로 - 기타,승용,남,51-60세,상해없음,승용,남,51-60세,경상
2017012800100141,2017년 1월,토요일,서울특별시 광진구 구의동,중상사고,0,1,3,4,차대차 - 추돌,안전운전불이행,건조,맑음,단일로 - 기타,승용,남,51-60세,상해없음,승용,남,51-60세,중상
2017012800100336,2017년 1월,토요일,서울특별시 광진구 구의동,부상신고사고,0,0,0,1,차대차 - 충돌,안전운전불이행,건조,맑음,단일로 - 기타,승용,남,21-30세,상해없음,승용,남,41-50세,부상신고
2017013000100185,2017년 1월,월요일,서울특별시 광진구 자양동,경상사고,0,0,1,0,차대사람 - 기타,안전운전불이행,건조,맑음,단일로 - 기타,화물,남,41-50세,상해없음,보행자,여,61-64세,경상
2.01701E+15,2017년 1월,월요일,서울특별시 광진구 구의동,경상사고,0,0,2,0,차대차 - 기타,안전거리미확보,건조,맑음,단일로 - 고가도로위,승용,남,65세 이상,상해없음,승용,여,51-60세,상해없음
2017013000100333,2017년 1월,월요일,서울특별시 광진구 중곡동,경상사고,0,0,2,0,차대차 - 충돌,중앙선침범,건조,맑음,단일로 - 기타,승용,여,31-40세,기타불명,승용,남,31-40세,경상
2017020100100252,2017년 2월,수요일,서울특별시 광진구 화양동,경상사고,0,0,1,0,차대차 - 충돌,안전거리미확보,건조,맑음,단일로 - 기타,승합,남,61-64세,상해없음,원동기,남,31-40세,경상
2017020200100015,2017년 2월,목요일,서울특별시 광진구 구의동,중상사고,0,1,1,0,차대차 - 추돌,안전운전불이행,건조,맑음,단일로 - 기타,승합,남,41-50세,상해없음,승용,남,65세 이상,중상
2017020300100023,2017년 2월,금요일,서울특별시 광진구 자양동,중상사고,0,1,0,0,차대사람 - 횡단중,안전운전불이행,건조,맑음,단일로 - 기타,승용,남,51-60세,상해없음,보행자,여,51-60세,중상
2017020300100071,2017년 2월,금요일,서울특별시 광진구 능동,경상사고,0,0,2,0,차대차 - 추돌,안전운전불이행,건조,맑음,교차로 - 교차로부근,승용,남,65세 이상,상해없음,승용,남,51-60세,경상
2.01702E+15,2017년 2월,토요일,서울특별시 광진구 광장동,경상사고,0,0,1,0,차대차 - 추돌,안전운전불이행,건조,맑음,단일로 - 기타,승용,남,21-30세,상해없음,화물,남,31-40세,경상
2017020400100288,2017년 2월,토요일,서울특별시 광진구 중곡동,중상사고,0,1,0,0,차대차 - 기타,안전운전불이행,건조,맑음,단일로 - 기타,승용,남,51-60세,상해없음,원동기,남,31-40세,중상
2017020600100053,2017년 2월,월요일,서울특별시 광진구 자양동,경상사고,0,0,1,0,차대차 - 추돌,안전운전불이행,건조,맑음,단일로 - 기타,승용,남,41-50세,기타불명,화물,남,41-50세,경상
2017020600100223,2017년 2월,월요일,서울특별시 광진구 중곡동,중상사고,0,1,0,0,차대차 - 충돌,안전운전불이행,건조,맑음,교차로 - 교차로안,승용,남,65세 이상,상해없음,원동기,남,65세 이상,중상
2017020700100188,2017년 2월,화요일,서울특별시 광진구 구의동,경상사고,0,0,1,0,차대차 - 충돌,신호위반,건조,맑음,교차로 - 교차로안,승용,남,41-50세,상해없음,승용,여,41-50세,경상
2017020700100351,2017년 2월,화요일,서울특별시 광진구 화양동,경상사고,0,0,1,0,차대사람 - 횡단중,안전운전불이행,건조,맑음,단일로 - 기타,원동기,남,41-50세,기타불명,보행자,여,13-20세,경상
2017020800100309,2017년 2월,수요일,서울특별시 광진구 자양동,중상사고,0,1,0,0,차대차 - 추돌,직진우회전진행방해,건조,맑음,교차로 - 교차로안,승용,남,31-40세,상해없음,승용,여,51-60세,중상
2017021000100152,2017년 2월,금요일,서울특별시 광진구 중곡동,경상사고,0,0,1,0,차대차 - 충돌,안전운전불이행,건조,맑음,단일로 - 기타,원동기,남,21-30세,경상,승용,남,41-50세,상해없음
2017021100100011,2017년 2월,토요일,서울특별시 광진구 광장동,경상사고,0,0,1,0,차대사람 - 기타,안전운전불이행,건조,맑음,단일로 - 기타,승용,남,51-60세,상해없음,보행자,남,13-20세,경상
2017021100100144,2017년 2월,토요일,서울특별시 광진구 자양동,중상사고,0,1,1,0,차대차 - 추돌,안전거리미확보,건조,맑음,단일로 - 기타,승용,남,21-30세,상해없음,승용,여,41-50세,중상
2017021100100172,2017년 2월,토요일,서울특별시 광진구 자양동,경상사고,0,0,1,0,차대차 - 추돌,안전운전불이행,건조,맑음,교차로 - 교차로안,원동기,남,31-40세,경상,승용,여,41-50세,상해없음
2017021100100191,2017년 2월,토요일,서울특별시 광진구 구의동,경상사고,0,0,1,0,차대차 - 기타,안전거리미확보,건조,맑음,단일로 - 기타,승용,기타불명,기타불명,기타불명,이륜,남,31-40세,경상
2017021100100223,2017년 2월,토요일,서울특별시 광진구 자양동,경상사고,0,0,1,0,차대차 - 기타,안전거리미확보,건조,맑음,단일로 - 기타,화물,남,31-40세,상해없음,승용,남,65세 이상,경상
2017021100100224,2017년 2월,토요일,서울특별시 광진구 구의동,경상사고,0,0,1,0,차대차 - 기타,안전운전불이행,건조,맑음,단일로 - 기타,승합,남,51-60세,상해없음,승합,남,51-60세,경상
2017021100100322,2017년 2월,토요일,서울특별시 광진구 구의동,경상사고,0,0,1,0,차대차 - 기타,안전운전불이행,건조,맑음,단일로 - 기타,승용,남,21-30세,상해없음,승용,여,31-40세,경상
2017021200100042,2017년 2월,일요일,서울특별시 광진구 중곡동,사망사고,1,0,0,0,차대사람 - 횡단중,과속,건조,맑음,교차로 - 교차로안,승용,남,61-64세,상해없음,보행자,여,61-64세,사망
2017021200100219,2017년 2월,일요일,서울특별시 광진구 군자동,부상신고사고,0,0,0,1,차대차 - 충돌,기타,건조,맑음,단일로 - 기타,승용,남,61-64세,상해없음,원동기,남,21-30세,부상신고
2017021200100385,2017년 2월,일요일,서울특별시 광진구 광장동,경상사고,0,0,3,0,차대차 - 충돌,차로위반,건조,맑음,단일로 - 기타,승용,여,41-50세,상해없음,승용,남,51-60세,경상
2017021200100424,2017년 2월,일요일,서울특별시 광진구 군자동,중상사고,0,1,0,0,차대차 - 추돌,안전운전불이행,건조,맑음,교차로 - 교차로부근,원동기,남,31-40세,중상,승용,남,51-60세,상해없음
2017021300100131,2017년 2월,월요일,서울특별시 광진구 자양동,경상사고,0,0,1,0,차대차 - 충돌,교차로운행방법위반,건조,기타,교차로 - 교차로안,승용,남,65세 이상,상해없음,승용,남,51-60세,상해없음
2017021300100262,2017년 2월,월요일,서울특별시 광진구 자양동,중상사고,0,1,0,0,차량단독 - 충돌,기타,건조,맑음,단일로 - 기타,승합,남,41-50세,기타불명,,,,
2017021300100493,2017년 2월,월요일,서울특별시 광진구 광장동,경상사고,0,0,3,1,차대차 - 추돌,안전운전불이행,건조,맑음,단일로 - 기타,승용,남,51-60세,상해없음,승용,남,13-20세,경상
2017021300100494,2017년 2월,월요일,서울특별시 광진구 구의동,경상사고,0,0,2,0,차대차 - 충돌,교차로운행방법위반,건조,맑음,교차로 - 교차로안,승용,남,41-50세,상해없음,승용,남,31-40세,경상
2017021300100551,2017년 2월,월요일,서울특별시 광진구 자양동,부상신고사고,0,0,0,1,차대차 - 기타,안전거리미확보,건조,맑음,단일로 - 교량,승용,여,31-40세,상해없음,이륜,남,31-40세,부상신고
2.01702E+15,2017년 2월,화요일,서울특별시 광진구 능동,경상사고,0,0,1,0,차대차 - 충돌,안전거리미확보,건조,맑음,단일로 - 기타,승용,남,21-30세,상해없음,승용,남,31-40세,경상
2017021400100391,2017년 2월,화요일,서울특별시 광진구 중곡동,경상사고,0,0,1,0,차량단독 - 기타,기타,건조,맑음,단일로 - 기타,승합,남,51-60세,기타불명,,,,
2.01702E+15,2017년 2월,수요일,서울특별시 광진구 광장동,중상사고,0,1,0,0,차량단독 - 전도전복,과속,건조,맑음,단일로 - 기타,승용,남,61-64세,상해없음,,,,
2017021500100148,2017년 2월,수요일,서울특별시 광진구 자양동,경상사고,0,0,1,0,차대차 - 충돌,안전운전불이행,건조,맑음,교차로 - 교차로안,화물,남,31-40세,상해없음,승용,여,41-50세,경상
2017021500100255,2017년 2월,수요일,서울특별시 광진구 화양동,경상사고,0,0,1,0,차대사람 - 기타,안전운전불이행,건조,맑음,교차로 - 교차로부근,승용,여,51-60세,상해없음,보행자,남,13-20세,경상
2017021500100418,2017년 2월,수요일,서울특별시 광진구 능동,중상사고,0,1,0,0,차대차 - 충돌,안전운전불이행,건조,맑음,교차로 - 교차로안,승합,남,20세 이하,상해없음,승용,남,21-30세,중상
2017021600100018,2017년 2월,목요일,서울특별시 광진구 자양동,부상신고사고,0,0,0,1,차대사람 - 기타,안전운전불이행,건조,맑음,단일로 - 기타,승합,남,31-40세,상해없음,보행자,남,41-50세,부상신고
2017021600100454,2017년 2월,목요일,서울특별시 광진구 중곡동,경상사고,0,0,1,0,차대차 - 충돌,차로위반,건조,맑음,단일로 - 기타,기타불명,기타불명,기타불명,기타불명,원동기,남,31-40세,경상
2017021600100553,2017년 2월,목요일,서울특별시 광진구 구의동,경상사고,0,0,1,0,차량단독 - 기타,안전운전불이행,건조,맑음,교차로 - 교차로부근,승용,남,51-60세,상해없음,,,,
2017021700100399,2017년 2월,금요일,서울특별시 광진구 광장동,경상사고,0,0,2,0,차대차 - 추돌,안전운전불이행,건조,맑음,교차로 - 교차로부근,승용,기타불명,기타불명,기타불명,승용,여,41-50세,경상
2.01702E+15,2017년 2월,금요일,서울특별시 광진구 화양동,경상사고,0,0,1,0,차대차 - 충돌,안전운전불이행,건조,맑음,단일로 - 기타,원동기,남,41-50세,상해없음,원동기,남,21-30세,경상
2017021700100521,2017년 2월,금요일,서울특별시 광진구 광장동,부상신고사고,0,0,0,1,차대사람 - 횡단중,안전운전불이행,건조,맑음,교차로 - 교차로안,승용,남,41-50세,상해없음,보행자,남,41-50세,부상신고
2017021700100522,2017년 2월,금요일,서울특별시 광진구 화양동,경상사고,0,0,1,0,차대사람 - 기타,안전운전불이행,건조,맑음,단일로 - 기타,승용,남,51-60세,기타불명,보행자,여,21-30세,경상
2017021800100011,2017년 2월,토요일,서울특별시 광진구 자양동,경상사고,0,0,1,0,차대사람 - 기타,안전운전불이행,건조,맑음,단일로 - 기타,기타불명,기타불명,기타불명,기타불명,보행자,남,31-40세,경상
2017021800100072,2017년 2월,토요일,서울특별시 광진구 자양동,경상사고,0,0,3,2,차대차 - 추돌,안전운전불이행,건조,맑음,단일로 - 기타,승용,남,51-60세,상해없음,승용,남,61-64세,경상
2017021800100094,2017년 2월,토요일,서울특별시 광진구 중곡동,중상사고,0,1,0,0,차대차 - 충돌,신호위반,건조,맑음,교차로 - 교차로안,승용,남,41-50세,상해없음,승용,여,41-50세,중상
2017021800100183,2017년 2월,토요일,서울특별시 광진구 구의동,경상사고,0,0,1,0,차대차 - 추돌,안전운전불이행,건조,맑음,단일로 - 기타,승용,남,51-60세,상해없음,승용,남,31-40세,경상
2.01702E+15,2017년 2월,토요일,서울특별시 광진구 군자동,중상사고,0,1,0,0,차대사람 - 횡단중,보행자보호의무위반,건조,맑음,교차로 - 교차로부근,승용,여,31-40세,상해없음,보행자,여,61-64세,중상
2017021900100057,2017년 2월,일요일,서울특별시 광진구 능동,경상사고,0,0,2,0,차대차 - 충돌,안전거리미확보,건조,맑음,단일로 - 기타,승용,남,61-64세,상해없음,승용,남,51-60세,경상
2.01702E+15,2017년 2월,일요일,서울특별시 광진구 군자동,경상사고,0,0,1,2,차대차 - 충돌,신호위반,건조,맑음,단일로 - 기타,승용,남,51-60세,상해없음,승용,남,61-64세,경상
2017021900100203,2017년 2월,일요일,서울특별시 광진구 중곡동,경상사고,0,0,1,0,차대차 - 충돌,안전운전불이행,건조,맑음,단일로 - 기타,승용,여,61-64세,상해없음,승용,남,61-64세,경상
2017021900100409,2017년 2월,일요일,서울특별시 광진구 자양동,경상사고,0,0,2,0,차대차 - 추돌,안전거리미확보,건조,맑음,교차로 - 교차로안,승합,남,31-40세,상해없음,승용,남,21-30세,경상
2017021900100436,2017년 2월,일요일,서울특별시 광진구 중곡동,중상사고,0,1,0,0,차대사람 - 횡단중,신호위반,젖음/습기,비,교차로 - 교차로횡단보도내,승용,남,65세 이상,상해없음,보행자,여,21-30세,중상
2017022000100092,2017년 2월,월요일,서울특별시 광진구 구의동,경상사고,0,0,1,0,차량단독 - 기타,안전운전불이행,건조,맑음,단일로 - 기타,승용,남,51-60세,상해없음,,,,
2017022000100093,2017년 2월,월요일,서울특별시 광진구 화양동,경상사고,0,0,1,0,차대차 - 추돌,안전운전불이행,건조,맑음,단일로 - 기타,승용,남,51-60세,상해없음,승용,기타불명,기타불명,기타불명
2017022000100117,2017년 2월,월요일,서울특별시 광진구 구의동,경상사고,0,0,2,0,차대차 - 충돌,안전운전불이행,건조,맑음,교차로 - 교차로안,승용,남,51-60세,상해없음,승용,여,21-30세,경상
2017022000100141,2017년 2월,월요일,서울특별시 광진구 중곡동,경상사고,0,0,2,0,차대차 - 충돌,신호위반,건조,맑음,교차로 - 교차로안,승용,남,65세 이상,상해없음,승용,여,41-50세,경상
2017022100100035,2017년 2월,화요일,서울특별시 광진구 능동,부상신고사고,0,0,0,1,차대차 - 충돌,중앙선침범,건조,맑음,교차로 - 교차로부근,자전거,남,21-30세,부상신고,승용,남,51-60세,상해없음
2.01702E+15,2017년 2월,화요일,서울특별시 광진구 구의동,경상사고,0,0,1,0,차대차 - 추돌,안전운전불이행,건조,맑음,단일로 - 기타,승용,남,41-50세,상해없음,승용,남,31-40세,경상
2.01702E+15,2017년 2월,화요일,서울특별시 광진구 중곡동,경상사고,0,0,1,0,차대사람 - 기타,기타,건조,맑음,교차로 - 교차로안,승용,여,31-40세,기타불명,보행자,여,12세 이하,경상
2017022100100399,2017년 2월,화요일,서울특별시 광진구 구의동,중상사고,0,1,0,0,차대사람 - 횡단중,신호위반,건조,맑음,교차로 - 교차로부근,승용,여,51-60세,상해없음,보행자,남,12세 이하,중상
2017022100100404,2017년 2월,화요일,서울특별시 광진구 자양동,경상사고,0,0,2,0,차대차 - 추돌,안전운전불이행,건조,기타,단일로 - 교량,승합,남,41-50세,상해없음,승용,남,21-30세,경상
2017022100100428,2017년 2월,화요일,서울특별시 광진구 구의동,부상신고사고,0,0,0,2,차대차 - 기타,안전운전불이행,건조,맑음,교차로 - 교차로안,승용,남,51-60세,상해없음,승용,남,31-40세,상해없음
2017022100100453,2017년 2월,화요일,서울특별시 광진구 구의동,경상사고,0,0,1,0,차대차 - 기타,신호위반,건조,맑음,교차로 - 교차로안,기타불명,기타불명,기타불명,기타불명,승합,남,41-50세,상해없음
2017022300100256,2017년 2월,목요일,서울특별시 광진구 화양동,경상사고,0,0,1,0,차대차 - 충돌,신호위반,건조,맑음,교차로 - 교차로부근,원동기,남,41-50세,상해없음,원동기,남,21-30세,경상
2017022400100157,2017년 2월,금요일,서울특별시 광진구 군자동,중상사고,0,1,0,0,차대차 - 기타,안전거리미확보,건조,맑음,단일로 - 기타,승용,남,65세 이상,상해없음,원동기,남,31-40세,중상
2017022500100054,2017년 2월,토요일,서울특별시 광진구 구의동,경상사고,0,0,1,0,차대차 - 충돌,차로위반,건조,맑음,단일로 - 기타,승용,남,51-60세,상해없음,이륜,남,21-30세,경상
2017022500100083,2017년 2월,토요일,서울특별시 광진구 화양동,경상사고,0,0,1,0,차대사람 - 기타,안전운전불이행,건조,맑음,단일로 - 기타,승용,남,51-60세,상해없음,보행자,여,21-30세,경상
2017022500100222,2017년 2월,토요일,서울특별시 광진구 구의동,경상사고,0,0,1,0,차대사람 - 기타,안전운전불이행,건조,맑음,단일로 - 기타,승용,여,51-60세,상해없음,보행자,여,65세 이상,경상
2.01702E+15,2017년 2월,토요일,서울특별시 광진구 구의동,경상사고,0,0,1,0,차대차 - 기타,교차로운행방법위반,건조,맑음,교차로 - 교차로안,승용,여,51-60세,상해없음,승용,남,31-40세,경상
2017022500100448,2017년 2월,토요일,서울특별시 광진구 군자동,경상사고,0,0,1,0,차대차 - 추돌,안전운전불이행,건조,맑음,단일로 - 기타,승용,여,31-40세,상해없음,승용,남,21-30세,경상
2017022500100523,2017년 2월,토요일,서울특별시 광진구 구의동,중상사고,0,1,0,0,차대차 - 충돌,안전거리미확보,건조,맑음,단일로 - 기타,승용,남,65세 이상,상해없음,이륜,남,31-40세,중상
2017022600100283,2017년 2월,일요일,서울특별시 광진구 구의동,경상사고,0,0,1,0,차대사람 - 횡단중,안전운전불이행,건조,맑음,단일로 - 기타,원동기,남,20세 이하,상해없음,보행자,남,12세 이하,경상
2017022700100535,2017년 2월,월요일,서울특별시 광진구 자양동,경상사고,0,0,1,0,차대사람 - 차도통행중,신호위반,건조,맑음,교차로 - 교차로부근,원동기,남,20세 이하,상해없음,보행자,남,51-60세,경상
2017022700100536,2017년 2월,월요일,서울특별시 광진구 광장동,경상사고,0,0,1,0,차량단독 - 기타,기타,건조,맑음,단일로 - 기타,승합,남,41-50세,상해없음,,,,
2017022700100556,2017년 2월,월요일,서울특별시 광진구 자양동,경상사고,0,0,2,0,차대차 - 충돌,안전운전불이행,건조,맑음,교차로 - 교차로안,승용,남,21-30세,상해없음,승용,남,41-50세,경상
2017022800100102,2017년 2월,화요일,서울특별시 광진구 자양동,경상사고,0,0,1,0,차대차 - 충돌,안전거리미확보,건조,맑음,단일로 - 기타,승용,남,51-60세,상해없음,원동기,남,31-40세,경상
2017022800100178,2017년 2월,화요일,서울특별시 광진구 중곡동,경상사고,0,0,2,0,차대차 - 추돌,안전운전불이행,건조,맑음,교차로 - 교차로부근,승용,남,21-30세,상해없음,승용,여,21-30세,경상
2017022800100335,2017년 2월,화요일,서울특별시 광진구 광장동,중상사고,0,1,0,0,차대차 - 충돌,신호위반,건조,맑음,교차로 - 교차로안,승용,남,41-50세,상해없음,자전거,여,65세 이상,중상
2017022800100481,2017년 2월,화요일,서울특별시 광진구 자양동,경상사고,0,0,1,0,차대사람 - 길가장자리구역통행중,안전운전불이행,건조,맑음,교차로 - 교차로부근,기타불명,여,51-60세,기타불명,보행자,여,41-50세,경상
2017030100100175,2017년 3월,수요일,서울특별시 광진구 자양동,경상사고,0,0,2,0,차대차 - 충돌,교차로운행방법위반,건조,맑음,교차로 - 교차로안,승용,남,51-60세,상해없음,승용,남,31-40세,경상
2017030100100306,2017년 3월,수요일,서울특별시 광진구 능동,경상사고,0,0,2,0,차대차 - 기타,안전운전불이행,젖음/습기,비,단일로 - 기타,화물,남,41-50세,상해없음,승용,남,31-40세,경상
2017030200100039,2017년 3월,목요일,서울특별시 광진구 중곡동,경상사고,0,0,1,0,차대차 - 충돌,안전운전불이행,젖음/습기,비,단일로 - 기타,승용,남,51-60세,상해없음,승용,남,31-40세,경상
2017030200100263,2017년 3월,목요일,서울특별시 광진구 자양동,중상사고,0,1,0,0,차대사람 - 기타,안전운전불이행,건조,맑음,단일로 - 기타,자전거,여,51-60세,상해없음,보행자,여,65세 이상,중상
2017030200100373,2017년 3월,목요일,서울특별시 광진구 자양동,중상사고,0,1,0,0,차대사람 - 기타,기타,건조,맑음,단일로 - 기타,승합,남,41-50세,기타불명,보행자,여,65세 이상,중상
2017030200100469,2017년 3월,목요일,서울특별시 광진구 구의동,경상사고,0,0,1,0,차대차 - 충돌,안전운전불이행,건조,맑음,단일로 - 기타,승용,남,41-50세,경상,승용,남,41-50세,상해없음
2017030300100125,2017년 3월,금요일,서울특별시 광진구 광장동,중상사고,0,1,0,0,차대차 - 기타,기타,건조,맑음,단일로 - 교량,승합,남,41-50세,상해없음,승용,남,21-30세,상해없음
2017030300100246,2017년 3월,금요일,서울특별시 광진구 화양동,경상사고,0,0,1,0,차대사람 - 기타,기타,건조,흐림,기타 - 기타,자전거,여,31-40세,상해없음,보행자,남,21-30세,경상
2017030400100009,2017년 3월,토요일,서울특별시 광진구 중곡동,중상사고,0,1,0,0,차대차 - 충돌,안전운전불이행,건조,맑음,교차로 - 교차로안,원동기,남,20세 이하,중상,승용,남,61-64세,상해없음
2.01703E+15,2017년 3월,토요일,서울특별시 광진구 군자동,경상사고,0,0,2,0,차대차 - 추돌,안전운전불이행,건조,맑음,단일로 - 기타,승용,남,31-40세,상해없음,승용,남,65세 이상,경상
2.01703E+15,2017년 3월,토요일,서울특별시 광진구 구의동,중상사고,0,2,0,0,차대차 - 충돌,신호위반,건조,맑음,교차로 - 교차로안,화물,남,65세 이상,상해없음,승용,남,41-50세,중상
2017030400100448,2017년 3월,토요일,서울특별시 광진구 자양동,부상신고사고,0,0,0,1,차대차 - 충돌,기타,건조,맑음,단일로 - 기타,승용,남,51-60세,상해없음,원동기,남,21-30세,부상신고
2017030500100008,2017년 3월,일요일,서울특별시 광진구 화양동,중상사고,0,2,0,0,차대차 - 충돌,중앙선침범,건조,맑음,단일로 - 기타,승용,남,41-50세,상해없음,원동기,남,21-30세,중상
2017030500100009,2017년 3월,일요일,서울특별시 광진구 광장동,경상사고,0,0,1,0,차대사람 - 횡단중,보행자보호의무위반,건조,맑음,단일로 - 교량,승용,남,51-60세,상해없음,보행자,남,12세 이하,경상
2017030500100049,2017년 3월,일요일,서울특별시 광진구 자양동,경상사고,0,0,1,0,차대차 - 추돌,안전거리미확보,기타,기타,단일로 - 기타,승용,남,21-30세,상해없음,승용,남,61-64세,경상
2017030500100388,2017년 3월,일요일,서울특별시 광진구 광장동,경상사고,0,0,1,0,차대차 - 충돌,안전운전불이행,젖음/습기,비,교차로 - 교차로부근,승용,남,51-60세,상해없음,승용,남,31-40세,경상
2017030500100427,2017년 3월,일요일,서울특별시 광진구 자양동,중상사고,0,1,1,0,차대사람 - 횡단중,안전운전불이행,젖음/습기,흐림,단일로 - 기타,승합,남,51-60세,상해없음,보행자,여,41-50세,중상
2017030600100166,2017년 3월,월요일,서울특별시 광진구 화양동,경상사고,0,0,1,0,차대차 - 충돌,안전운전불이행,건조,맑음,교차로 - 교차로안,자전거,여,51-60세,경상,승용,남,65세 이상,상해없음
2017030600100447,2017년 3월,월요일,서울특별시 광진구 자양동,경상사고,0,0,2,0,차대차 - 충돌,안전거리미확보,건조,맑음,단일로 - 기타,승용,남,31-40세,상해없음,승용,남,31-40세,경상