사고번호,발생년월,요일,시군구,사고내용,사망자수,중상자수,경상자수,부상신고자수,사고유형,법규위반,노면상태,기상상태,도로형태,가해운전자 차종,가해운전자 성별,가해운전자 연령대,가해운전자 상해정도,피해운전자 차종,피해운전자 성별,피해운전자 연령대,피해운전자 상해정도
2017030600100556,2017년 3월,월요일,서울특별시 광진구 구의동,경상사고,0,0,1,0,차대차 - 추돌,안전운전불이행,건조,맑음,단일로 - 기타,승용,여,31-40세,상해없음,화물,남,51-60세,경상
2017030600100557,2017년 3월,월요일,서울특별시 광진구 군자동,중상사고,0,1,0,0,차대차 - 추돌,안전운전불이행,건조,맑음,단일로 - 기타,승용,남,41-50세,상해없음,자전거,남,31-40세,중상
2017030700100147,2017년 3월,화요일,서울특별시 광진구 자양동,중상사고,0,1,0,0,차대사람 - 기타,기타,건조,맑음,단일로 - 기타,화물,남,41-50세,상해없음,보행자,여,51-60세,중상
2017030700100175,2017년 3월,화요일,서울특별시 광진구 중곡동,중상사고,0,1,0,0,차대차 - 충돌,신호위반,건조,맑음,단일로 - 교량,화물,남,31-40세,상해없음,자전거,남,65세 이상,중상
2017030700100199,2017년 3월,화요일,서울특별시 광진구 자양동,경상사고,0,0,1,0,차대차 - 추돌,안전거리미확보,건조,맑음,단일로 - 교량,승용,남,41-50세,상해없음,승용,여,41-50세,경상
2017030800100072,2017년 3월,수요일,서울특별시 광진구 군자동,경상사고,0,0,1,0,차대차 - 충돌,안전거리미확보,건조,맑음,단일로 - 기타,승용,남,61-64세,상해없음,화물,남,51-60세,상해없음
2017030800100421,2017년 3월,수요일,서울특별시 광진구 구의동,경상사고,0,0,1,0,차대차 - 충돌,안전운전불이행,건조,맑음,교차로 - 교차로안,승용,여,51-60세,상해없음,자전거,남,51-60세,경상
2017031000100013,2017년 3월,금요일,서울특별시 광진구 구의동,중상사고,0,1,0,0,차대차 - 기타,안전운전불이행,건조,맑음,교차로 - 교차로안,승용,남,51-60세,상해없음,승용,남,21-30세,상해없음
2017031000100425,2017년 3월,금요일,서울특별시 광진구 화양동,경상사고,0,0,1,0,차대차 - 기타,기타,건조,흐림,단일로 - 기타,승용,남,65세 이상,상해없음,이륜,남,21-30세,경상
2017031100100114,2017년 3월,토요일,서울특별시 광진구 구의동,경상사고,0,0,2,0,차대차 - 충돌,중앙선침범,건조,맑음,단일로 - 기타,승용,남,41-50세,상해없음,승용,남,31-40세,경상
2.01703E+15,2017년 3월,토요일,서울특별시 광진구 자양동,경상사고,0,0,2,0,차대사람 - 횡단중,신호위반,건조,맑음,교차로 - 교차로부근,승용,남,51-60세,상해없음,보행자,남,51-60세,경상
2017031200100095,2017년 3월,일요일,서울특별시 광진구 구의동,경상사고,0,0,1,0,차대차 - 기타,신호위반,건조,맑음,교차로 - 교차로안,승용,남,65세 이상,상해없음,승용,남,61-64세,상해없음
2017031300100063,2017년 3월,월요일,서울특별시 광진구 구의동,경상사고,0,0,1,0,차대사람 - 횡단중,안전운전불이행,건조,맑음,단일로 - 기타,화물,남,21-30세,상해없음,보행자,여,13-20세,경상
2017031300100143,2017년 3월,월요일,서울특별시 광진구 능동,부상신고사고,0,0,0,1,차대차 - 충돌,교차로운행방법위반,건조,맑음,교차로 - 교차로안,자전거,남,21-30세,부상신고,승용,남,31-40세,상해없음
2017031300100405,2017년 3월,월요일,서울특별시 광진구 구의동,경상사고,0,0,1,0,차대사람 - 기타,안전운전불이행,건조,맑음,교차로 - 교차로부근,승용,여,65세 이상,상해없음,보행자,남,51-60세,경상
2017031400100458,2017년 3월,화요일,서울특별시 광진구 자양동,중상사고,0,1,0,0,차대사람 - 기타,신호위반,건조,맑음,단일로 - 기타,자전거,기타불명,기타불명,기타불명,보행자,남,65세 이상,중상
2017031500100558,2017년 3월,수요일,서울특별시 광진구 군자동,경상사고,0,0,1,0,차대사람 - 횡단중,신호위반,건조,맑음,기타 - 기타,원동기,남,65세 이상,상해없음,보행자,남,31-40세,경상
2017031600100104,2017년 3월,목요일,서울특별시 광진구 구의동,경상사고,0,0,2,0,차대차 - 충돌,안전운전불이행,건조,맑음,교차로 - 교차로안,승용,남,65세 이상,상해없음,화물,남,21-30세,경상
2017031600100191,2017년 3월,목요일,서울특별시 광진구 화양동,경상사고,0,0,2,0,차대차 - 충돌,안전운전불이행,건조,맑음,단일로 - 기타,원동기,남,51-60세,경상,승용,여,41-50세,경상
2017031600100467,2017년 3월,목요일,서울특별시 광진구 구의동,경상사고,0,0,1,0,차대사람 - 기타,안전운전불이행,건조,맑음,단일로 - 기타,승용,여,41-50세,상해없음,보행자,남,41-50세,경상
2017031700100072,2017년 3월,금요일,서울특별시 광진구 군자동,경상사고,0,0,2,0,차대차 - 충돌,안전운전불이행,건조,맑음,교차로 - 교차로부근,승용,여,21-30세,상해없음,승용,남,51-60세,경상
2.01703E+15,2017년 3월,금요일,서울특별시 광진구 화양동,경상사고,0,0,1,0,차대차 - 충돌,교차로운행방법위반,건조,맑음,교차로 - 교차로안,승용,남,21-30세,상해없음,이륜,남,21-30세,경상
2017031700100424,2017년 3월,금요일,서울특별시 광진구 구의동,부상신고사고,0,0,0,1,차대사람 - 기타,안전운전불이행,건조,맑음,단일로 - 기타,자전거,기타불명,기타불명,기타불명,보행자,여,41-50세,부상신고
2017031700100546,2017년 3월,금요일,서울특별시 광진구 광장동,경상사고,0,0,1,0,차대차 - 충돌,안전운전불이행,건조,맑음,교차로 - 교차로횡단보도내,자전거,남,31-40세,경상,승용,남,41-50세,상해없음
2017031800100022,2017년 3월,토요일,서울특별시 광진구 자양동,경상사고,0,0,1,0,차대사람 - 횡단중,안전운전불이행,건조,맑음,교차로 - 교차로안,승용,남,51-60세,상해없음,보행자,여,13-20세,경상
2017031800100476,2017년 3월,토요일,서울특별시 광진구 중곡동,중상사고,0,1,1,0,차대사람 - 횡단중,안전운전불이행,건조,맑음,단일로 - 기타,원동기,남,31-40세,경상,보행자,여,65세 이상,중상
2017031900100299,2017년 3월,일요일,서울특별시 광진구 중곡동,경상사고,0,0,1,0,차대사람 - 횡단중,안전운전불이행,건조,맑음,단일로 - 기타,승용,남,41-50세,상해없음,보행자,남,12세 이하,경상
2017031900100374,2017년 3월,일요일,서울특별시 광진구 화양동,중상사고,0,1,0,0,차대사람 - 기타,안전운전불이행,건조,맑음,단일로 - 기타,승용,남,21-30세,상해없음,보행자,여,12세 이하,중상
2017031900100375,2017년 3월,일요일,서울특별시 광진구 구의동,중상사고,0,1,0,0,차대차 - 충돌,안전운전불이행,건조,맑음,단일로 - 기타,승합,남,41-50세,상해없음,자전거,남,51-60세,중상
2017032000100018,2017년 3월,월요일,서울특별시 광진구 자양동,중상사고,0,1,0,0,차대사람 - 기타,안전운전불이행,건조,맑음,단일로 - 기타,승용,남,65세 이상,상해없음,보행자,남,31-40세,중상
2017032000100035,2017년 3월,월요일,서울특별시 광진구 자양동,중상사고,0,1,0,0,차대차 - 충돌,안전운전불이행,건조,맑음,단일로 - 교량,승용,남,51-60세,상해없음,이륜,남,31-40세,중상
2017032000100043,2017년 3월,월요일,서울특별시 광진구 자양동,경상사고,0,0,1,0,차대차 - 추돌,안전거리미확보,건조,맑음,단일로 - 기타,승용,남,31-40세,상해없음,승용,남,51-60세,경상
2017032000100165,2017년 3월,월요일,서울특별시 광진구 중곡동,경상사고,0,0,1,0,차대차 - 충돌,직진우회전진행방해,건조,맑음,교차로 - 교차로안,화물,남,65세 이상,상해없음,이륜,여,51-60세,경상
2017032100100194,2017년 3월,화요일,서울특별시 광진구 자양동,중상사고,0,1,0,0,차대차 - 기타,안전운전불이행,건조,맑음,교차로 - 교차로부근,원동기,남,31-40세,상해없음,원동기,남,61-64세,중상
2017032100100195,2017년 3월,화요일,서울특별시 광진구 자양동,경상사고,0,0,1,0,차대차 - 추돌,안전운전불이행,건조,기타,단일로 - 교량,승용,남,51-60세,상해없음,화물,남,31-40세,상해없음
2017032100100262,2017년 3월,화요일,서울특별시 광진구 능동,경상사고,0,0,1,0,차대차 - 충돌,안전운전불이행,건조,맑음,단일로 - 교량,승용,여,31-40세,상해없음,승용,남,31-40세,경상
2017032100100547,2017년 3월,화요일,서울특별시 광진구 군자동,경상사고,0,0,1,0,차대차 - 추돌,안전운전불이행,건조,맑음,단일로 - 기타,원동기,남,21-30세,경상,승용,남,41-50세,상해없음
2017032200100276,2017년 3월,수요일,서울특별시 광진구 화양동,경상사고,0,0,1,0,차대차 - 충돌,안전운전불이행,건조,맑음,단일로 - 기타,승용,남,31-40세,상해없음,원동기,남,41-50세,경상
2017032200100436,2017년 3월,수요일,서울특별시 광진구 군자동,중상사고,0,1,0,0,차대사람 - 횡단중,안전운전불이행,건조,맑음,단일로 - 기타,승용,남,65세 이상,상해없음,보행자,여,12세 이하,중상
2.01703E+15,2017년 3월,목요일,서울특별시 광진구 화양동,부상신고사고,0,0,0,1,차대차 - 충돌,안전운전불이행,건조,맑음,단일로 - 기타,원동기,남,21-30세,부상신고,승용,남,51-60세,상해없음
2017032300100104,2017년 3월,목요일,서울특별시 광진구 중곡동,사망사고,1,0,1,0,차대차 - 충돌,차로위반,건조,맑음,단일로 - 기타,자전거,남,65세 이상,사망,승합,남,41-50세,상해없음
2.01703E+15,2017년 3월,목요일,서울특별시 광진구 자양동,경상사고,0,0,2,0,차대차 - 충돌,직진우회전진행방해,건조,맑음,단일로 - 교량,승용,여,31-40세,상해없음,승용,남,65세 이상,경상
2017032400100123,2017년 3월,금요일,서울특별시 광진구 중곡동,부상신고사고,0,0,0,1,차대사람 - 기타,안전운전불이행,건조,맑음,단일로 - 기타,승용,남,51-60세,상해없음,보행자,여,21-30세,부상신고
2017032400100265,2017년 3월,금요일,서울특별시 광진구 군자동,중상사고,0,1,0,0,차대차 - 충돌,신호위반,건조,맑음,교차로 - 교차로횡단보도내,승용,남,31-40세,상해없음,자전거,남,61-64세,중상
2017032400100588,2017년 3월,금요일,서울특별시 광진구 구의동,경상사고,0,0,1,0,차대사람 - 횡단중,안전운전불이행,건조,맑음,교차로 - 교차로부근,기타불명,기타불명,기타불명,기타불명,보행자,남,21-30세,경상
2017032500100021,2017년 3월,토요일,서울특별시 광진구 화양동,경상사고,0,0,1,0,차대사람 - 기타,안전운전불이행,건조,맑음,단일로 - 기타,승용,남,21-30세,상해없음,보행자,남,31-40세,경상
2017032500100285,2017년 3월,토요일,서울특별시 광진구 구의동,경상사고,0,0,1,0,차대차 - 기타,안전운전불이행,건조,맑음,주차장 - 주차장,승용,여,61-64세,상해없음,승용,여,41-50세,경상
2017032500100389,2017년 3월,토요일,서울특별시 광진구 화양동,중상사고,0,1,0,0,차대차 - 충돌,기타,건조,맑음,단일로 - 기타,승용,남,61-64세,상해없음,이륜,남,21-30세,중상
2017032500100573,2017년 3월,토요일,서울특별시 광진구 자양동,경상사고,0,0,3,1,차대차 - 충돌,안전운전불이행,건조,맑음,교차로 - 교차로안,승용,남,31-40세,상해없음,승용,남,61-64세,경상
2.01703E+15,2017년 3월,일요일,서울특별시 광진구 군자동,중상사고,0,1,1,0,차대차 - 충돌,안전거리미확보,건조,맑음,단일로 - 기타,승용,남,51-60세,상해없음,원동기,남,13-20세,경상
2017032600100123,2017년 3월,일요일,서울특별시 광진구 구의동,중상사고,0,2,1,0,차대사람 - 기타,안전운전불이행,건조,흐림,교차로 - 교차로안,승용,남,65세 이상,상해없음,보행자,여,61-64세,중상
2017032600100204,2017년 3월,일요일,서울특별시 광진구 구의동,경상사고,0,0,1,0,차대차 - 충돌,안전거리미확보,건조,맑음,단일로 - 기타,승용,여,21-30세,상해없음,승용,남,31-40세,경상
2017032700100169,2017년 3월,월요일,서울특별시 광진구 군자동,경상사고,0,0,1,0,차대사람 - 횡단중,안전운전불이행,건조,맑음,교차로 - 교차로부근,이륜,여,51-60세,상해없음,보행자,남,65세 이상,경상
2017032700100417,2017년 3월,월요일,서울특별시 광진구 능동,경상사고,0,0,1,0,차대차 - 충돌,직진우회전진행방해,건조,맑음,교차로 - 교차로안,승용,남,51-60세,상해없음,화물,남,31-40세,경상
2017032800100037,2017년 3월,화요일,서울특별시 광진구 자양동,경상사고,0,0,2,0,차대사람 - 횡단중,보행자보호의무위반,건조,맑음,교차로 - 교차로횡단보도내,승용,남,65세 이상,상해없음,보행자,여,13-20세,경상
2017032800100104,2017년 3월,화요일,서울특별시 광진구 자양동,경상사고,0,0,1,0,차대차 - 추돌,안전운전불이행,건조,맑음,단일로 - 기타,승용,남,31-40세,상해없음,승용,남,21-30세,경상
2.01703E+15,2017년 3월,화요일,서울특별시 광진구 자양동,중상사고,0,1,0,0,차대사람 - 횡단중,안전운전불이행,건조,맑음,교차로 - 교차로부근,원동기,남,65세 이상,상해없음,보행자,남,51-60세,중상
2017032900100043,2017년 3월,수요일,서울특별시 광진구 중곡동,경상사고,0,0,1,0,차대차 - 충돌,차로위반,건조,맑음,교차로 - 교차로부근,승용,남,51-60세,상해없음,승용,남,41-50세,경상
2017032900100151,2017년 3월,수요일,서울특별시 광진구 중곡동,경상사고,0,0,1,0,차대차 - 기타,안전거리미확보,건조,맑음,단일로 - 기타,승용,남,51-60세,상해없음,승용,여,31-40세,경상
2017032900100233,2017년 3월,수요일,서울특별시 광진구 중곡동,경상사고,0,0,1,0,차대사람 - 길가장자리구역통행중,안전운전불이행,건조,맑음,단일로 - 기타,기타불명,기타불명,기타불명,기타불명,보행자,남,21-30세,경상
2017032900100263,2017년 3월,수요일,서울특별시 광진구 구의동,부상신고사고,0,0,0,1,차대사람 - 횡단중,기타,건조,맑음,단일로 - 기타,자전거,남,31-40세,상해없음,보행자,여,65세 이상,부상신고
2017033000100013,2017년 3월,목요일,서울특별시 광진구 중곡동,중상사고,0,1,1,0,차대차 - 추돌,안전거리미확보,건조,맑음,교차로 - 교차로안,승용,남,65세 이상,상해없음,승용,남,65세 이상,상해없음
2017033000100176,2017년 3월,목요일,서울특별시 광진구 구의동,중상사고,0,1,1,0,차대차 - 추돌,안전운전불이행,건조,맑음,단일로 - 기타,승용,남,61-64세,상해없음,승용,남,41-50세,중상
2017033000100273,2017년 3월,목요일,서울특별시 광진구 자양동,경상사고,0,0,1,0,차대사람 - 기타,안전운전불이행,건조,맑음,교차로 - 교차로부근,화물,남,41-50세,상해없음,보행자,여,31-40세,경상
2017033100100052,2017년 3월,금요일,서울특별시 광진구 구의동,중상사고,0,1,0,0,차대차 - 충돌,안전거리미확보,건조,맑음,단일로 - 기타,승용,남,65세 이상,상해없음,원동기,남,21-30세,중상
2017033100100053,2017년 3월,금요일,서울특별시 광진구 자양동,경상사고,0,0,1,0,차대사람 - 횡단중,안전운전불이행,건조,맑음,단일로 - 기타,승용,남,61-64세,상해없음,보행자,남,65세 이상,경상
2017033100100358,2017년 3월,금요일,서울특별시 광진구 군자동,경상사고,0,0,1,0,차대사람 - 기타,안전운전불이행,젖음/습기,비,단일로 - 기타,원동기,남,51-60세,상해없음,보행자,여,65세 이상,경상
2017033100100466,2017년 3월,금요일,서울특별시 광진구 구의동,중상사고,0,1,0,0,차대사람 - 기타,안전운전불이행,건조,맑음,교차로 - 교차로부근,승용,남,31-40세,상해없음,보행자,여,65세 이상,중상
2017033100100546,2017년 3월,금요일,서울특별시 광진구 중곡동,경상사고,0,0,1,0,차대차 - 충돌,차로위반,건조,맑음,단일로 - 기타,승용,남,41-50세,상해없음,승용,남,21-30세,경상
2017033100100583,2017년 3월,금요일,서울특별시 광진구 구의동,경상사고,0,0,1,0,차대차 - 충돌,신호위반,건조,맑음,교차로 - 교차로안,승용,남,41-50세,상해없음,원동기,남,21-30세,경상
2017040100100351,2017년 4월,토요일,서울특별시 광진구 자양동,경상사고,0,0,3,0,차대차 - 추돌,안전운전불이행,건조,맑음,단일로 - 기타,승용,남,51-60세,상해없음,승용,남,31-40세,경상
2017040100100388,2017년 4월,토요일,서울특별시 광진구 자양동,중상사고,0,1,0,0,차대사람 - 횡단중,보행자보호의무위반,건조,맑음,단일로 - 기타,승용,남,20세 이하,상해없음,보행자,여,31-40세,중상
2017040200100339,2017년 4월,일요일,서울특별시 광진구 구의동,부상신고사고,0,0,0,1,차대차 - 기타,직진우회전진행방해,건조,맑음,교차로 - 교차로안,원동기,남,20세 이하,상해없음,승용,남,51-60세,상해없음
2017040200100443,2017년 4월,일요일,서울특별시 광진구 구의동,경상사고,0,0,5,0,차대차 - 충돌,안전운전불이행,건조,맑음,단일로 - 기타,승용,남,41-50세,상해없음,승용,남,51-60세,경상
2017040300100468,2017년 4월,월요일,서울특별시 광진구 화양동,중상사고,0,1,0,0,차대사람 - 횡단중,보행자보호의무위반,건조,맑음,단일로 - 기타,승용,남,65세 이상,상해없음,보행자,여,31-40세,중상
2017040400100182,2017년 4월,화요일,서울특별시 광진구 광장동,중상사고,0,1,0,0,차대사람 - 횡단중,안전운전불이행,건조,맑음,단일로 - 교량,화물,남,31-40세,상해없음,보행자,여,61-64세,중상
2017040400100294,2017년 4월,화요일,서울특별시 광진구 자양동,경상사고,0,0,1,0,차대차 - 충돌,안전운전불이행,건조,맑음,교차로 - 교차로부근,승용,남,31-40세,상해없음,승용,여,51-60세,경상
2017040500100018,2017년 4월,수요일,서울특별시 광진구 자양동,경상사고,0,0,1,0,차량단독 - 충돌,안전운전불이행,젖음/습기,비,단일로 - 기타,승용,남,51-60세,상해없음,,,,
2017040500100158,2017년 4월,수요일,서울특별시 광진구 중곡동,중상사고,0,1,0,0,차대사람 - 횡단중,안전운전불이행,건조,맑음,단일로 - 기타,원동기,남,21-30세,상해없음,보행자,여,51-60세,중상
2017040500100667,2017년 4월,수요일,서울특별시 광진구 군자동,경상사고,0,0,1,0,차대차 - 충돌,안전거리미확보,젖음/습기,비,교차로 - 교차로부근,승용,여,21-30세,상해없음,승용,남,21-30세,상해없음
2017040600100084,2017년 4월,목요일,서울특별시 광진구 중곡동,사망사고,2,0,0,0,차대차 - 충돌,중앙선침범,젖음/습기,비,단일로 - 기타,원동기,남,51-60세,사망,승용,남,51-60세,상해없음
2017040600100108,2017년 4월,목요일,서울특별시 광진구 자양동,경상사고,0,0,1,0,차대사람 - 횡단중,안전운전불이행,젖음/습기,맑음,단일로 - 교량,승용,남,31-40세,상해없음,보행자,여,65세 이상,경상
2017040600100251,2017년 4월,목요일,서울특별시 광진구 자양동,경상사고,0,0,1,0,차대차 - 충돌,안전운전불이행,건조,맑음,교차로 - 교차로안,승용,남,51-60세,상해없음,승용,남,51-60세,상해없음
2017040600100492,2017년 4월,목요일,서울특별시 광진구 광장동,중상사고,0,1,0,0,차대차 - 충돌,안전거리미확보,건조,맑음,단일로 - 기타,승용,여,31-40세,상해없음,원동기,남,13-20세,중상
2017040700100586,2017년 4월,금요일,서울특별시 광진구 구의동,중상사고,0,1,0,0,차대차 - 기타,신호위반,건조,맑음,교차로 - 교차로부근,승용,여,21-30세,상해없음,승용,남,31-40세,중상
2017040700100618,2017년 4월,금요일,서울특별시 광진구 자양동,중상사고,0,1,0,0,차대차 - 충돌,안전거리미확보,건조,맑음,단일로 - 기타,화물,남,21-30세,상해없음,화물,남,51-60세,중상
2017040800100063,2017년 4월,토요일,서울특별시 광진구 화양동,부상신고사고,0,0,0,1,차량단독 - 기타,안전운전불이행,건조,맑음,단일로 - 기타,자전거,남,41-50세,부상신고,,,,
2017040800100109,2017년 4월,토요일,서울특별시 광진구 광장동,중상사고,0,1,1,0,차대차 - 추돌,안전운전불이행,건조,맑음,단일로 - 기타,승용,남,51-60세,상해없음,승용,남,41-50세,경상
2017040800100225,2017년 4월,토요일,서울특별시 광진구 화양동,경상사고,0,0,1,0,차대차 - 기타,안전운전불이행,건조,맑음,단일로 - 기타,승용,남,31-40세,상해없음,자전거,남,51-60세,경상
2017040800100587,2017년 4월,토요일,서울특별시 광진구 화양동,경상사고,0,0,1,0,차대사람 - 기타,안전운전불이행,건조,맑음,단일로 - 기타,원동기,남,41-50세,상해없음,보행자,남,41-50세,경상
2017040800100615,2017년 4월,토요일,서울특별시 광진구 화양동,중상사고,0,2,1,0,차대차 - 충돌,신호위반,건조,맑음,교차로 - 교차로부근,승용,남,51-60세,상해없음,승용,여,21-30세,중상
2017040900100102,2017년 4월,일요일,서울특별시 광진구 화양동,경상사고,0,0,1,0,차대사람 - 길가장자리구역통행중,안전운전불이행,건조,맑음,단일로 - 기타,기타불명,기타불명,기타불명,기타불명,보행자,여,13-20세,경상
2017040900100205,2017년 4월,일요일,서울특별시 광진구 화양동,중상사고,0,1,0,0,차대차 - 기타,교차로운행방법위반,건조,맑음,교차로 - 교차로안,원동기,남,21-30세,상해없음,원동기,남,21-30세,중상
2017040900100451,2017년 4월,일요일,서울특별시 광진구 중곡동,경상사고,0,0,2,0,차대차 - 추돌,안전운전불이행,건조,맑음,단일로 - 기타,승용,남,65세 이상,상해없음,승용,남,31-40세,경상
2017041000100028,2017년 4월,월요일,서울특별시 광진구 중곡동,경상사고,0,0,1,0,차대차 - 기타,기타,건조,맑음,단일로 - 기타,승용,남,41-50세,상해없음,이륜,남,21-30세,경상
2017041000100432,2017년 4월,월요일,서울특별시 광진구 중곡동,경상사고,0,0,1,0,차대차 - 충돌,안전거리미확보,건조,맑음,단일로 - 기타,승용,남,41-50세,상해없음,이륜,남,31-40세,경상
2017041000100433,2017년 4월,월요일,서울특별시 광진구 군자동,중상사고,0,1,1,0,차대차 - 기타,안전운전불이행,건조,맑음,단일로 - 기타,승용,남,51-60세,상해없음,승용,남,51-60세,중상
2017041100100243,2017년 4월,화요일,서울특별시 광진구 능동,중상사고,0,1,0,0,차대차 - 충돌,직진우회전진행방해,건조,맑음,교차로 - 교차로안,승용,여,21-30세,상해없음,원동기,남,51-60세,중상
2017041100100444,2017년 4월,화요일,서울특별시 광진구 중곡동,경상사고,0,0,1,0,차대사람 - 길가장자리구역통행중,안전운전불이행,건조,맑음,단일로 - 교량,승용,여,41-50세,상해없음,보행자,여,21-30세,경상
2017041100100566,2017년 4월,화요일,서울특별시 광진구 군자동,중상사고,0,1,0,0,차대사람 - 기타,안전운전불이행,건조,맑음,단일로 - 기타,원동기,남,51-60세,상해없음,보행자,여,51-60세,중상
2017041200100412,2017년 4월,수요일,서울특별시 광진구 중곡동,경상사고,0,0,1,0,차대차 - 충돌,중앙선침범,건조,맑음,교차로 - 교차로안,자전거,남,21-30세,경상,승용,여,31-40세,상해없음
2017041300100164,2017년 4월,목요일,서울특별시 광진구 자양동,경상사고,0,0,1,0,차대차 - 추돌,안전운전불이행,건조,맑음,단일로 - 교량,승용,남,31-40세,상해없음,승용,남,31-40세,경상
2017041300100224,2017년 4월,목요일,서울특별시 광진구 중곡동,경상사고,0,0,1,0,차대차 - 충돌,안전거리미확보,건조,맑음,단일로 - 기타,승용,남,61-64세,상해없음,화물,남,31-40세,경상
2017041300100246,2017년 4월,목요일,서울특별시 광진구 자양동,사망사고,1,0,0,0,차대사람 - 차도통행중,안전운전불이행,건조,맑음,단일로 - 기타,승용,남,61-64세,상해없음,보행자,남,51-60세,사망
2017041300100301,2017년 4월,목요일,서울특별시 광진구 광장동,경상사고,0,0,1,0,차대차 - 충돌,안전운전불이행,건조,맑음,단일로 - 기타,승용,남,65세 이상,상해없음,자전거,남,65세 이상,경상
2017041300100302,2017년 4월,목요일,서울특별시 광진구 구의동,경상사고,0,0,1,0,차대차 - 충돌,안전운전불이행,건조,맑음,단일로 - 기타,승합,남,51-60세,상해없음,화물,남,51-60세,상해없음
2017041300100396,2017년 4월,목요일,서울특별시 광진구 군자동,부상신고사고,0,0,0,1,차대차 - 기타,안전운전불이행,건조,맑음,교차로 - 교차로안,원동기,남,31-40세,부상신고,화물,남,41-50세,상해없음
2017041500100079,2017년 4월,토요일,서울특별시 광진구 중곡동,중상사고,0,1,0,0,차대사람 - 기타,안전운전불이행,건조,맑음,단일로 - 기타,화물,남,51-60세,상해없음,보행자,남,41-50세,중상
2017041500100175,2017년 4월,토요일,서울특별시 광진구 자양동,중상사고,0,1,0,0,차대차 - 기타,기타,건조,맑음,단일로 - 기타,화물,남,41-50세,기타불명,자전거,남,65세 이상,중상
2017041500100249,2017년 4월,토요일,서울특별시 광진구 자양동,경상사고,0,0,2,0,차대차 - 기타,안전운전불이행,건조,맑음,교차로 - 교차로안,승용,남,31-40세,경상,승용,남,31-40세,경상
2017041500100328,2017년 4월,토요일,서울특별시 광진구 자양동,경상사고,0,0,1,0,차대사람 - 기타,안전운전불이행,건조,맑음,단일로 - 기타,승용,남,31-40세,상해없음,보행자,남,41-50세,경상
2017041600100361,2017년 4월,일요일,서울특별시 광진구 자양동,경상사고,0,0,1,0,차대차 - 충돌,기타,건조,맑음,단일로 - 기타,승용,남,61-64세,상해없음,원동기,남,41-50세,경상
2017041600100394,2017년 4월,일요일,서울특별시 광진구 화양동,부상신고사고,0,0,0,1,차대사람 - 기타,안전운전불이행,건조,맑음,단일로 - 기타,이륜,남,21-30세,상해없음,보행자,여,12세 이하,부상신고
2017041600100493,2017년 4월,일요일,서울특별시 광진구 자양동,경상사고,0,0,1,0,차대차 - 충돌,직진우회전진행방해,건조,맑음,교차로 - 교차로안,승용,남,51-60세,상해없음,자전거,여,51-60세,경상
2017041700100245,2017년 4월,월요일,서울특별시 광진구 광장동,경상사고,0,0,1,0,차대차 - 기타,안전운전불이행,젖음/습기,비,단일로 - 기타,승용,남,51-60세,상해없음,기타불명,기타불명,기타불명,기타불명
2017041700100522,2017년 4월,월요일,서울특별시 광진구 자양동,경상사고,0,0,1,0,차대차 - 충돌,신호위반,건조,맑음,교차로 - 교차로안,승용,남,65세 이상,상해없음,원동기,남,21-30세,경상
2017041700100523,2017년 4월,월요일,서울특별시 광진구 자양동,경상사고,0,0,1,0,차대사람 - 길가장자리구역통행중,안전운전불이행,건조,맑음,단일로 - 기타,승용,남,21-30세,상해없음,보행자,남,21-30세,경상
2.01704E+15,2017년 4월,월요일,서울특별시 광진구 자양동,부상신고사고,0,0,0,1,차대차 - 충돌,안전운전불이행,건조,맑음,교차로 - 교차로부근,원동기,남,21-30세,부상신고,승용,남,21-30세,상해없음
2017041800100087,2017년 4월,화요일,서울특별시 광진구 자양동,경상사고,0,0,1,0,차대차 - 충돌,직진우회전진행방해,건조,맑음,교차로 - 교차로안,승용,남,21-30세,상해없음,승용,남,31-40세,경상
2017041800100142,2017년 4월,화요일,서울특별시 광진구 구의동,중상사고,0,1,0,0,차대사람 - 횡단중,안전운전불이행,건조,맑음,기타 - 기타,승용,남,21-30세,상해없음,보행자,여,51-60세,중상
2017041800100258,2017년 4월,화요일,서울특별시 광진구 광장동,경상사고,0,0,1,0,차대차 - 기타,안전운전불이행,젖음/습기,비,주차장 - 주차장,원동기,남,31-40세,경상,승용,여,41-50세,상해없음
2017041800100598,2017년 4월,화요일,서울특별시 광진구 군자동,경상사고,0,0,1,0,차대사람 - 기타,보행자보호의무위반,건조,맑음,단일로 - 기타,승용,남,65세 이상,상해없음,보행자,여,31-40세,경상
2017041900100326,2017년 4월,수요일,서울특별시 광진구 군자동,경상사고,0,0,1,0,차대차 - 기타,안전운전불이행,젖음/습기,비,단일로 - 기타,승합,남,51-60세,상해없음,승용,남,51-60세,경상
2.01704E+15,2017년 4월,목요일,서울특별시 광진구 군자동,경상사고,0,0,1,0,차대차 - 기타,안전운전불이행,건조,맑음,단일로 - 기타,승용,남,31-40세,상해없음,승용,남,51-60세,경상
2017042100100019,2017년 4월,금요일,서울특별시 광진구 자양동,중상사고,0,1,0,0,차대사람 - 횡단중,신호위반,건조,맑음,교차로 - 교차로부근,승용,남,51-60세,상해없음,보행자,여,65세 이상,중상
2017042100100042,2017년 4월,금요일,서울특별시 광진구 자양동,경상사고,0,0,2,1,차대차 - 추돌,안전거리미확보,건조,맑음,단일로 - 기타,승용,남,51-60세,경상,승용,남,41-50세,상해없음