사고번호,발생년월,요일,시군구,사고내용,사망자수,중상자수,경상자수,부상신고자수,사고유형,법규위반,노면상태,기상상태,도로형태,가해운전자 차종,가해운전자 성별,가해운전자 연령대,가해운전자 상해정도,피해운전자 차종,피해운전자 성별,피해운전자 연령대,피해운전자 상해정도
2017071000100285,2017년 7월,월요일,서울특별시 광진구 능동,중상사고,0,1,0,0,차대차 - 충돌,안전거리미확보,젖음/습기,비,단일로 - 기타,기타불명,기타불명,기타불명,기타불명,이륜,남,51-60세,중상
2017071000100316,2017년 7월,월요일,서울특별시 광진구 자양동,경상사고,0,0,1,0,차대차 - 기타,안전운전불이행,젖음/습기,비,단일로 - 기타,기타불명,기타불명,기타불명,기타불명,이륜,남,41-50세,경상
2017071000100346,2017년 7월,월요일,서울특별시 광진구 중곡동,경상사고,0,0,2,0,차대차 - 충돌,차로위반,젖음/습기,비,단일로 - 기타,승용,여,31-40세,상해없음,승용,여,31-40세,경상
2017071100100204,2017년 7월,화요일,서울특별시 광진구 자양동,경상사고,0,0,1,0,차대사람 - 기타,안전운전불이행,건조,맑음,주차장 - 주차장,승용,남,51-60세,상해없음,보행자,남,51-60세,경상
2017071100100605,2017년 7월,화요일,서울특별시 광진구 자양동,중상사고,0,1,0,0,차대차 - 충돌,안전운전불이행,건조,맑음,단일로 - 기타,자전거,남,20세 이하,중상,자전거,남,31-40세,상해없음
2017071200100531,2017년 7월,수요일,서울특별시 광진구 구의동,경상사고,0,0,1,0,차대차 - 기타,안전운전불이행,건조,맑음,단일로 - 기타,승용,남,21-30세,경상,승합,남,65세 이상,상해없음
2017071300100075,2017년 7월,목요일,서울특별시 광진구 구의동,경상사고,0,0,1,0,차대차 - 추돌,안전운전불이행,건조,맑음,단일로 - 기타,이륜,남,20세 이하,경상,화물,남,41-50세,상해없음
2017071300100076,2017년 7월,목요일,서울특별시 광진구 중곡동,중상사고,0,1,1,0,차대차 - 추돌,안전운전불이행,건조,맑음,단일로 - 기타,승용,남,21-30세,상해없음,승용,남,51-60세,경상
2017071300100377,2017년 7월,목요일,서울특별시 광진구 중곡동,경상사고,0,0,1,0,차대사람 - 기타,안전운전불이행,건조,맑음,교차로 - 교차로부근,승용,남,51-60세,상해없음,보행자,여,65세 이상,경상
2017071300100451,2017년 7월,목요일,서울특별시 광진구 구의동,중상사고,0,1,0,0,차대사람 - 횡단중,신호위반,건조,맑음,단일로 - 기타,자전거,남,51-60세,상해없음,보행자,여,65세 이상,중상
2017071300100538,2017년 7월,목요일,서울특별시 광진구 자양동,중상사고,0,1,0,0,차대차 - 기타,중앙선침범,건조,맑음,단일로 - 기타,승용,남,65세 이상,상해없음,승합,남,41-50세,상해없음
2017071300100568,2017년 7월,목요일,서울특별시 광진구 광장동,경상사고,0,0,1,0,차대차 - 기타,안전거리미확보,건조,기타,단일로 - 기타,승용,남,61-64세,상해없음,승합,남,51-60세,상해없음
2017071400100361,2017년 7월,금요일,서울특별시 광진구 자양동,경상사고,0,0,1,0,차대차 - 충돌,중앙선침범,건조,맑음,단일로 - 기타,승용,남,61-64세,상해없음,이륜,남,21-30세,경상
2017071400100582,2017년 7월,금요일,서울특별시 광진구 구의동,경상사고,0,0,1,0,차대차 - 충돌,차로위반,건조,맑음,단일로 - 기타,승용,남,51-60세,상해없음,승용,남,51-60세,경상
2017071500100079,2017년 7월,토요일,서울특별시 광진구 자양동,중상사고,0,1,0,0,차대차 - 충돌,안전운전불이행,젖음/습기,비,단일로 - 기타,승용,여,20세 이하,상해없음,승용,남,51-60세,중상
2017071500100189,2017년 7월,토요일,서울특별시 광진구 구의동,중상사고,0,1,0,0,차대차 - 충돌,중앙선침범,건조,맑음,단일로 - 기타,승용,남,51-60세,상해없음,화물,남,61-64세,중상
2.01707E+15,2017년 7월,토요일,서울특별시 광진구 화양동,중상사고,0,1,0,1,차대차 - 추돌,안전운전불이행,건조,맑음,단일로 - 기타,승용,여,31-40세,상해없음,승용,남,41-50세,부상신고
2017071600100048,2017년 7월,일요일,서울특별시 광진구 화양동,경상사고,0,0,4,0,차대차 - 충돌,차로위반,젖음/습기,비,단일로 - 기타,승용,남,21-30세,상해없음,승용,남,41-50세,경상
2017071600100049,2017년 7월,일요일,서울특별시 광진구 구의동,경상사고,0,0,1,0,차량단독 - 전도전복,과속,젖음/습기,비,단일로 - 기타,승용,남,51-60세,상해없음,,,,
2017071600100456,2017년 7월,일요일,서울특별시 광진구 구의동,경상사고,0,0,1,0,차대차 - 기타,안전거리미확보,건조,맑음,단일로 - 기타,승용,남,65세 이상,상해없음,승용,여,41-50세,경상
2017071700100067,2017년 7월,월요일,서울특별시 광진구 중곡동,경상사고,0,0,1,0,차대차 - 충돌,안전운전불이행,건조,맑음,교차로 - 교차로안,자전거,여,41-50세,경상,승용,남,51-60세,상해없음
2017071700100111,2017년 7월,월요일,서울특별시 광진구 자양동,경상사고,0,0,1,0,차대차 - 추돌,안전거리미확보,건조,맑음,교차로 - 교차로부근,승용,남,65세 이상,상해없음,승용,여,51-60세,경상
2.01707E+15,2017년 7월,화요일,서울특별시 광진구 중곡동,경상사고,0,0,1,0,차대차 - 충돌,안전운전불이행,건조,기타,교차로 - 교차로부근,승용,남,51-60세,상해없음,승용,남,31-40세,경상
2017071900100355,2017년 7월,수요일,서울특별시 광진구 군자동,경상사고,0,0,2,0,차대사람 - 기타,안전운전불이행,건조,맑음,단일로 - 기타,개인형이동수단(PM),여,31-40세,경상,보행자,여,61-64세,경상
2017071900100404,2017년 7월,수요일,서울특별시 광진구 광장동,중상사고,0,1,0,0,차대사람 - 횡단중,보행자보호의무위반,건조,맑음,기타 - 기타,승용,여,41-50세,상해없음,보행자,여,51-60세,중상
2.01707E+15,2017년 7월,금요일,서울특별시 광진구 구의동,부상신고사고,0,0,0,1,차대차 - 충돌,안전운전불이행,건조,맑음,단일로 - 기타,이륜,남,31-40세,부상신고,승용,여,31-40세,상해없음
2017072100100502,2017년 7월,금요일,서울특별시 광진구 자양동,중상사고,0,1,0,0,차대차 - 충돌,안전운전불이행,건조,맑음,교차로 - 교차로부근,승용,남,51-60세,상해없음,이륜,남,21-30세,중상
2017072100100574,2017년 7월,금요일,서울특별시 광진구 구의동,중상사고,0,1,0,0,차대차 - 기타,안전운전불이행,건조,맑음,단일로 - 기타,승용,남,31-40세,상해없음,원동기,남,41-50세,중상
2017072200100075,2017년 7월,토요일,서울특별시 광진구 화양동,경상사고,0,0,1,0,차대차 - 충돌,신호위반,건조,맑음,교차로 - 교차로부근,승용,남,41-50세,상해없음,승용,남,65세 이상,경상
2.01707E+15,2017년 7월,토요일,서울특별시 광진구 구의동,경상사고,0,0,3,0,차대차 - 추돌,안전운전불이행,건조,흐림,단일로 - 기타,승용,남,41-50세,상해없음,승용,여,51-60세,경상
2017072200100185,2017년 7월,토요일,서울특별시 광진구 구의동,중상사고,0,1,0,0,차대차 - 충돌,신호위반,건조,맑음,단일로 - 기타,승용,여,51-60세,상해없음,이륜,남,51-60세,중상
2017072200100536,2017년 7월,토요일,서울특별시 광진구 광장동,경상사고,0,0,1,0,차대차 - 기타,안전운전불이행,건조,맑음,단일로 - 기타,원동기,남,20세 이하,경상,승용,남,31-40세,상해없음
2017072300100086,2017년 7월,일요일,서울특별시 광진구 자양동,경상사고,0,0,1,0,차대차 - 충돌,안전거리미확보,건조,맑음,단일로 - 기타,승용,남,21-30세,상해없음,승용,남,65세 이상,경상
2017072300100107,2017년 7월,일요일,서울특별시 광진구 구의동,경상사고,0,0,2,0,차대차 - 충돌,교차로운행방법위반,건조,맑음,교차로 - 교차로안,승합,남,61-64세,경상,화물,남,31-40세,경상
2017072300100363,2017년 7월,일요일,서울특별시 광진구 중곡동,경상사고,0,0,1,0,차대차 - 충돌,안전거리미확보,건조,맑음,단일로 - 기타,원동기,남,31-40세,경상,승용,남,21-30세,상해없음
2017072300100364,2017년 7월,일요일,서울특별시 광진구 화양동,경상사고,0,0,2,0,차대차 - 기타,교차로운행방법위반,건조,맑음,교차로 - 교차로안,승용,남,51-60세,상해없음,원동기,남,31-40세,경상
2017072300100397,2017년 7월,일요일,서울특별시 광진구 능동,부상신고사고,0,0,0,1,차대사람 - 기타,안전운전불이행,건조,흐림,교차로 - 교차로안,승용,남,31-40세,상해없음,보행자,남,13-20세,부상신고
2017072400100321,2017년 7월,월요일,서울특별시 광진구 구의동,중상사고,0,1,0,0,차대사람 - 횡단중,신호위반,건조,흐림,단일로 - 기타,승용,남,31-40세,상해없음,보행자,여,12세 이하,중상
2017072500100159,2017년 7월,화요일,서울특별시 광진구 군자동,경상사고,0,0,1,0,차대차 - 충돌,안전거리미확보,건조,맑음,단일로 - 기타,승용,남,65세 이상,상해없음,승용,남,41-50세,경상
2017072500100567,2017년 7월,화요일,서울특별시 광진구 중곡동,경상사고,0,0,2,0,차대차 - 추돌,안전운전불이행,건조,맑음,단일로 - 기타,승용,남,51-60세,상해없음,승용,남,31-40세,경상
2017072500100596,2017년 7월,화요일,서울특별시 광진구 자양동,부상신고사고,0,0,0,1,차대차 - 기타,안전운전불이행,건조,맑음,단일로 - 기타,원동기,남,20세 이하,부상신고,승용,여,31-40세,상해없음
2.01707E+15,2017년 7월,수요일,서울특별시 광진구 화양동,경상사고,0,0,1,0,차대차 - 기타,기타,건조,맑음,교차로 - 교차로안,승용,여,51-60세,상해없음,원동기,남,41-50세,경상
2017072600100328,2017년 7월,수요일,서울특별시 광진구 자양동,경상사고,0,0,1,0,차대차 - 충돌,안전운전불이행,건조,맑음,단일로 - 기타,원동기,남,21-30세,경상,승용,여,51-60세,상해없음
2017072700100027,2017년 7월,목요일,서울특별시 광진구 능동,경상사고,0,0,1,0,차량단독 - 기타,기타,건조,기타,단일로 - 기타,승합,남,41-50세,상해없음,,,,
2017072700100106,2017년 7월,목요일,서울특별시 광진구 중곡동,중상사고,0,1,0,0,차대차 - 충돌,안전운전불이행,건조,맑음,단일로 - 기타,원동기,남,20세 이하,상해없음,승용,남,41-50세,상해없음
2017072700100254,2017년 7월,목요일,서울특별시 광진구 구의동,중상사고,0,1,0,0,차대차 - 충돌,안전운전불이행,건조,맑음,단일로 - 기타,자전거,남,65세 이상,중상,승합,남,51-60세,상해없음
2017072700100351,2017년 7월,목요일,서울특별시 광진구 화양동,경상사고,0,0,1,0,차대차 - 충돌,안전거리미확보,건조,맑음,단일로 - 기타,승용,남,65세 이상,상해없음,이륜,남,21-30세,경상
2017072700100391,2017년 7월,목요일,서울특별시 광진구 화양동,부상신고사고,0,0,0,1,차대차 - 충돌,안전운전불이행,건조,맑음,교차로 - 교차로안,자전거,여,51-60세,부상신고,승용,여,21-30세,상해없음
2017072700100528,2017년 7월,목요일,서울특별시 광진구 화양동,경상사고,0,0,1,0,차대차 - 충돌,중앙선침범,젖음/습기,맑음,단일로 - 기타,승용,남,65세 이상,상해없음,이륜,남,21-30세,경상
2017072800100178,2017년 7월,금요일,서울특별시 광진구 구의동,경상사고,0,0,1,0,차대차 - 충돌,안전운전불이행,건조,맑음,교차로 - 교차로안,승용,남,65세 이상,상해없음,승용,남,61-64세,경상
2017072800100394,2017년 7월,금요일,서울특별시 광진구 광장동,경상사고,0,0,1,0,차대차 - 충돌,차로위반,건조,맑음,단일로 - 교량,화물,남,21-30세,상해없음,화물,남,51-60세,경상
2017072800100427,2017년 7월,금요일,서울특별시 광진구 광장동,경상사고,0,0,1,0,차대차 - 추돌,안전운전불이행,젖음/습기,비,단일로 - 기타,승용,남,51-60세,상해없음,승용,여,51-60세,경상
2017072900100564,2017년 7월,토요일,서울특별시 광진구 자양동,경상사고,0,0,1,0,차대차 - 기타,안전운전불이행,건조,맑음,교차로 - 교차로안,원동기,남,20세 이하,경상,승용,남,51-60세,상해없음
2017073000100127,2017년 7월,일요일,서울특별시 광진구 중곡동,부상신고사고,0,0,0,1,차대차 - 충돌,직진우회전진행방해,건조,맑음,교차로 - 교차로안,승용,남,41-50세,상해없음,화물,남,51-60세,부상신고
2017073000100272,2017년 7월,일요일,서울특별시 광진구 자양동,경상사고,0,0,1,0,차대차 - 충돌,안전운전불이행,건조,맑음,단일로 - 기타,자전거,여,21-30세,상해없음,자전거,남,61-64세,경상
2017073000100411,2017년 7월,일요일,서울특별시 광진구 화양동,경상사고,0,0,1,0,차대사람 - 기타,안전운전불이행,건조,맑음,단일로 - 기타,승용,남,21-30세,상해없음,보행자,여,31-40세,경상
2017073100100525,2017년 7월,월요일,서울특별시 광진구 화양동,경상사고,0,0,1,0,차대차 - 충돌,직진우회전진행방해,건조,맑음,교차로 - 교차로안,이륜,남,41-50세,상해없음,이륜,남,31-40세,경상
2017080100100038,2017년 8월,화요일,서울특별시 광진구 화양동,경상사고,0,0,1,0,차대차 - 충돌,신호위반,건조,맑음,교차로 - 교차로안,승용,남,41-50세,상해없음,승용,남,61-64세,경상
2017080100100064,2017년 8월,화요일,서울특별시 광진구 중곡동,중상사고,0,1,1,0,차대차 - 충돌,안전운전불이행,건조,맑음,교차로 - 교차로안,승용,남,61-64세,상해없음,승용,남,31-40세,중상
2017080100100103,2017년 8월,화요일,서울특별시 광진구 중곡동,경상사고,0,0,1,0,차대차 - 충돌,신호위반,젖음/습기,흐림,교차로 - 교차로안,자전거,여,65세 이상,경상,이륜,남,31-40세,상해없음
2017080100100433,2017년 8월,화요일,서울특별시 광진구 자양동,경상사고,0,0,1,0,차대차 - 기타,안전운전불이행,건조,맑음,단일로 - 기타,자전거,남,51-60세,경상,자전거,남,13-20세,상해없음
2017080100100498,2017년 8월,화요일,서울특별시 광진구 중곡동,중상사고,0,1,0,0,차대사람 - 기타,안전운전불이행,건조,맑음,교차로 - 교차로안,승용,남,21-30세,상해없음,보행자,여,65세 이상,중상
2017080100100499,2017년 8월,화요일,서울특별시 광진구 구의동,경상사고,0,0,1,0,차대차 - 기타,안전거리미확보,건조,맑음,단일로 - 기타,승합,남,51-60세,상해없음,승용,남,21-30세,경상
2017080200100054,2017년 8월,수요일,서울특별시 광진구 화양동,경상사고,0,0,1,0,차대사람 - 기타,안전운전불이행,건조,맑음,단일로 - 기타,승용,남,51-60세,상해없음,보행자,여,13-20세,경상
2017080200100229,2017년 8월,수요일,서울특별시 광진구 광장동,경상사고,0,0,2,0,차대차 - 추돌,안전거리미확보,건조,맑음,단일로 - 기타,승합,남,41-50세,상해없음,화물,남,65세 이상,상해없음
2017080300100138,2017년 8월,목요일,서울특별시 광진구 자양동,경상사고,0,0,1,0,차대차 - 기타,안전거리미확보,건조,맑음,단일로 - 기타,승용,남,65세 이상,상해없음,승용,남,65세 이상,경상
2017080300100336,2017년 8월,목요일,서울특별시 광진구 능동,경상사고,0,0,1,0,차대차 - 충돌,안전운전불이행,건조,맑음,단일로 - 기타,승합,남,31-40세,상해없음,승용,남,31-40세,경상
2017080300100478,2017년 8월,목요일,서울특별시 광진구 광장동,중상사고,0,1,2,0,차대차 - 추돌,안전운전불이행,건조,맑음,교차로 - 교차로부근,승용,남,51-60세,상해없음,원동기,남,31-40세,경상
2017080400100189,2017년 8월,금요일,서울특별시 광진구 중곡동,경상사고,0,0,3,0,차대차 - 기타,안전거리미확보,건조,맑음,단일로 - 기타,승용,남,51-60세,상해없음,승용,여,41-50세,경상
2017080400100494,2017년 8월,금요일,서울특별시 광진구 군자동,부상신고사고,0,0,0,1,차대사람 - 횡단중,안전운전불이행,건조,맑음,단일로 - 기타,이륜,남,21-30세,상해없음,보행자,여,65세 이상,부상신고
2017080400100639,2017년 8월,금요일,서울특별시 광진구 중곡동,중상사고,0,1,0,0,차대차 - 충돌,신호위반,건조,맑음,단일로 - 기타,이륜,남,20세 이하,중상,승용,여,65세 이상,상해없음
2017080500100497,2017년 8월,토요일,서울특별시 광진구 구의동,중상사고,0,1,0,0,차대사람 - 기타,안전운전불이행,건조,맑음,단일로 - 기타,자전거,여,21-30세,상해없음,보행자,여,61-64세,중상
2017080700100027,2017년 8월,월요일,서울특별시 광진구 자양동,중상사고,0,1,3,0,차대차 - 추돌,안전운전불이행,건조,맑음,교차로 - 교차로부근,승용,남,21-30세,기타불명,승용,남,65세 이상,중상
2017080700100095,2017년 8월,월요일,서울특별시 광진구 구의동,중상사고,0,1,6,0,차대차 - 추돌,안전운전불이행,건조,맑음,단일로 - 기타,승용,남,31-40세,경상,승합,남,41-50세,경상
2017080700100118,2017년 8월,월요일,서울특별시 광진구 광장동,경상사고,0,0,2,0,차대차 - 충돌,안전거리미확보,건조,맑음,기타 - 기타,승용,여,41-50세,경상,승용,여,21-30세,경상
2017080700100337,2017년 8월,월요일,서울특별시 광진구 중곡동,경상사고,0,0,1,0,차대차 - 충돌,중앙선침범,건조,맑음,단일로 - 기타,승합,남,65세 이상,상해없음,승용,남,65세 이상,경상
2017080700100338,2017년 8월,월요일,서울특별시 광진구 중곡동,경상사고,0,0,1,0,차대사람 - 기타,안전운전불이행,건조,맑음,단일로 - 기타,승합,남,65세 이상,상해없음,보행자,여,13-20세,경상
2017080800100045,2017년 8월,화요일,서울특별시 광진구 자양동,경상사고,0,0,1,0,차대차 - 충돌,안전운전불이행,건조,맑음,교차로 - 교차로부근,화물,남,21-30세,상해없음,승합,남,51-60세,기타불명
2017080800100192,2017년 8월,화요일,서울특별시 광진구 화양동,경상사고,0,0,1,0,차대사람 - 길가장자리구역통행중,안전운전불이행,건조,맑음,단일로 - 기타,화물,남,51-60세,상해없음,보행자,남,41-50세,경상
2017080800100421,2017년 8월,화요일,서울특별시 광진구 구의동,경상사고,0,0,4,1,차대차 - 충돌,안전운전불이행,건조,맑음,단일로 - 기타,승합,남,51-60세,상해없음,승용,여,41-50세,경상
2017080900100188,2017년 8월,수요일,서울특별시 광진구 구의동,경상사고,0,0,1,0,차대차 - 기타,직진우회전진행방해,건조,맑음,교차로 - 교차로안,승용,여,31-40세,상해없음,승용,남,65세 이상,경상
2017080900100255,2017년 8월,수요일,서울특별시 광진구 자양동,경상사고,0,0,2,0,차대차 - 추돌,안전운전불이행,건조,맑음,단일로 - 기타,승용,남,65세 이상,상해없음,승용,남,41-50세,경상
2017080900100287,2017년 8월,수요일,서울특별시 광진구 광장동,중상사고,0,2,0,0,차대차 - 충돌,안전거리미확보,건조,맑음,단일로 - 기타,승용,여,41-50세,상해없음,승용,남,61-64세,중상
2017081000100132,2017년 8월,목요일,서울특별시 광진구 자양동,경상사고,0,0,1,0,차대차 - 추돌,안전거리미확보,건조,맑음,단일로 - 교량,승용,남,51-60세,상해없음,승용,남,51-60세,경상
2017081000100654,2017년 8월,목요일,서울특별시 광진구 자양동,중상사고,0,1,0,0,차대사람 - 차도통행중,안전운전불이행,건조,맑음,단일로 - 기타,승용,남,65세 이상,상해없음,보행자,남,51-60세,중상
2017081100100292,2017년 8월,금요일,서울특별시 광진구 자양동,경상사고,0,0,1,0,차대사람 - 횡단중,신호위반,건조,맑음,교차로 - 교차로안,자전거,남,41-50세,상해없음,보행자,여,13-20세,경상
2017081100100293,2017년 8월,금요일,서울특별시 광진구 구의동,경상사고,0,0,2,0,차대차 - 기타,직진우회전진행방해,건조,맑음,교차로 - 교차로안,승용,남,65세 이상,상해없음,승용,남,51-60세,경상
2017081100100416,2017년 8월,금요일,서울특별시 광진구 자양동,경상사고,0,0,1,0,차대사람 - 횡단중,신호위반,건조,맑음,단일로 - 기타,기타불명,기타불명,기타불명,기타불명,보행자,여,31-40세,경상
2017081100100465,2017년 8월,금요일,서울특별시 광진구 군자동,경상사고,0,0,1,0,차대차 - 충돌,직진우회전진행방해,건조,맑음,교차로 - 교차로안,승용,남,41-50세,상해없음,자전거,여,61-64세,경상
2017081100100549,2017년 8월,금요일,서울특별시 광진구 자양동,경상사고,0,0,1,0,차대차 - 충돌,직진우회전진행방해,젖음/습기,비,교차로 - 교차로안,승용,남,31-40세,상해없음,자전거,남,51-60세,경상
2017081200100298,2017년 8월,토요일,서울특별시 광진구 화양동,부상신고사고,0,0,0,1,차대사람 - 기타,기타,건조,맑음,단일로 - 기타,승용,남,31-40세,상해없음,보행자,남,31-40세,부상신고
2017081200100366,2017년 8월,토요일,서울특별시 광진구 화양동,경상사고,0,0,1,0,차대사람 - 기타,안전운전불이행,건조,맑음,단일로 - 기타,승용,여,21-30세,상해없음,보행자,여,21-30세,경상
2017081200100417,2017년 8월,토요일,서울특별시 광진구 중곡동,경상사고,0,0,2,0,차대차 - 추돌,안전운전불이행,건조,맑음,단일로 - 기타,승합,남,51-60세,상해없음,승용,남,65세 이상,상해없음
2017081300100042,2017년 8월,일요일,서울특별시 광진구 능동,경상사고,0,0,1,0,차대차 - 충돌,안전거리미확보,건조,맑음,단일로 - 기타,승용,남,61-64세,상해없음,승용,남,31-40세,경상
2017081300100431,2017년 8월,일요일,서울특별시 광진구 중곡동,경상사고,0,0,1,0,차량단독 - 기타,안전운전불이행,건조,맑음,단일로 - 기타,승용,남,65세 이상,상해없음,,,,
2017081300100452,2017년 8월,일요일,서울특별시 광진구 화양동,경상사고,0,0,1,0,차대차 - 충돌,신호위반,건조,맑음,교차로 - 교차로안,이륜,남,21-30세,상해없음,자전거,여,31-40세,경상
2017081400100253,2017년 8월,월요일,서울특별시 광진구 자양동,부상신고사고,0,0,0,1,차대차 - 충돌,안전운전불이행,젖음/습기,흐림,교차로 - 교차로안,자전거,남,65세 이상,부상신고,승용,남,51-60세,상해없음
2017081400100345,2017년 8월,월요일,서울특별시 광진구 자양동,경상사고,0,0,1,0,차대사람 - 기타,기타,건조,맑음,단일로 - 기타,자전거,남,51-60세,상해없음,보행자,여,51-60세,경상
2.01708E+15,2017년 8월,화요일,서울특별시 광진구 중곡동,경상사고,0,0,1,0,차대차 - 추돌,안전운전불이행,젖음/습기,비,단일로 - 기타,승용,남,65세 이상,상해없음,승용,여,41-50세,경상
2017081600100041,2017년 8월,수요일,서울특별시 광진구 자양동,경상사고,0,0,1,0,차대차 - 추돌,안전운전불이행,건조,기타,교차로 - 교차로부근,승용,여,41-50세,상해없음,승용,남,61-64세,경상
2017081600100382,2017년 8월,수요일,서울특별시 광진구 화양동,경상사고,0,0,1,0,차대차 - 충돌,안전운전불이행,건조,맑음,교차로 - 교차로부근,이륜,남,65세 이상,경상,승용,남,31-40세,상해없음
2017081700100535,2017년 8월,목요일,서울특별시 광진구 능동,경상사고,0,0,1,0,차대사람 - 길가장자리구역통행중,안전운전불이행,건조,맑음,단일로 - 기타,승용,남,41-50세,상해없음,보행자,남,31-40세,경상
2017081800100104,2017년 8월,금요일,서울특별시 광진구 중곡동,중상사고,0,1,0,0,차대사람 - 횡단중,안전운전불이행,건조,맑음,단일로 - 기타,승용,여,31-40세,상해없음,보행자,여,51-60세,중상
2017081800100397,2017년 8월,금요일,서울특별시 광진구 군자동,중상사고,0,1,0,0,차대사람 - 횡단중,신호위반,젖음/습기,비,교차로 - 교차로부근,승용,남,65세 이상,상해없음,보행자,여,31-40세,중상
2017081800100506,2017년 8월,금요일,서울특별시 광진구 구의동,중상사고,0,1,0,0,차대차 - 충돌,안전운전불이행,건조,맑음,교차로 - 교차로안,승용,남,51-60세,상해없음,승용,남,61-64세,상해없음
2.01708E+15,2017년 8월,토요일,서울특별시 광진구 중곡동,경상사고,0,0,3,0,차대차 - 추돌,안전운전불이행,젖음/습기,맑음,단일로 - 기타,승용,남,65세 이상,상해없음,승용,남,21-30세,경상
2017082000100097,2017년 8월,일요일,서울특별시 광진구 화양동,중상사고,0,1,0,0,차대사람 - 기타,안전운전불이행,젖음/습기,비,교차로 - 교차로부근,승용,남,21-30세,상해없음,보행자,남,31-40세,중상
2017082000100177,2017년 8월,일요일,서울특별시 광진구 자양동,중상사고,0,1,0,0,차량단독 - 충돌,안전운전불이행,건조,맑음,단일로 - 기타,승용,남,21-30세,상해없음,,,,
2017082000100298,2017년 8월,일요일,서울특별시 광진구 중곡동,부상신고사고,0,0,0,1,차대차 - 기타,신호위반,젖음/습기,비,교차로 - 교차로안,승용,남,61-64세,상해없음,이륜,남,13-20세,부상신고
2017082100100417,2017년 8월,월요일,서울특별시 광진구 중곡동,경상사고,0,0,2,0,차대차 - 충돌,안전운전불이행,건조,맑음,교차로 - 교차로부근,승용,남,31-40세,경상,화물,남,41-50세,경상
2017082100100539,2017년 8월,월요일,서울특별시 광진구 구의동,경상사고,0,0,1,0,차대사람 - 기타,안전운전불이행,건조,맑음,미분류 - 미분류,승용,남,21-30세,상해없음,보행자,남,41-50세,경상
2017082100100611,2017년 8월,월요일,서울특별시 광진구 구의동,중상사고,0,2,0,0,차대차 - 충돌,교차로운행방법위반,건조,맑음,교차로 - 교차로안,승용,여,31-40세,상해없음,승용,여,51-60세,중상
2017082200100281,2017년 8월,화요일,서울특별시 광진구 화양동,경상사고,0,0,1,0,차대차 - 기타,안전운전불이행,건조,맑음,단일로 - 기타,승용,남,65세 이상,상해없음,승용,남,31-40세,경상
2017082200100378,2017년 8월,화요일,서울특별시 광진구 중곡동,중상사고,0,1,0,0,차대사람 - 횡단중,안전운전불이행,건조,맑음,단일로 - 기타,자전거,남,65세 이상,상해없음,보행자,남,41-50세,중상
2017082200100426,2017년 8월,화요일,서울특별시 광진구 자양동,중상사고,0,1,0,0,차대사람 - 횡단중,신호위반,건조,맑음,교차로 - 교차로횡단보도내,승용,남,41-50세,상해없음,보행자,남,41-50세,중상
2017082300100063,2017년 8월,수요일,서울특별시 광진구 중곡동,중상사고,0,1,1,0,차대차 - 충돌,안전운전불이행,건조,맑음,교차로 - 교차로안,승용,여,61-64세,상해없음,이륜,남,21-30세,경상
2017082300100392,2017년 8월,수요일,서울특별시 광진구 자양동,중상사고,0,1,2,0,차대차 - 충돌,안전운전불이행,건조,맑음,단일로 - 기타,화물,남,65세 이상,기타불명,승용,남,41-50세,중상
2017082300100625,2017년 8월,수요일,서울특별시 광진구 광장동,경상사고,0,0,1,0,차대차 - 충돌,안전거리미확보,건조,맑음,단일로 - 기타,기타불명,기타불명,기타불명,기타불명,승용,남,31-40세,경상
2017082400100118,2017년 8월,목요일,서울특별시 광진구 화양동,중상사고,0,1,2,0,차대차 - 충돌,안전거리미확보,젖음/습기,흐림,단일로 - 기타,승용,남,65세 이상,상해없음,승합,남,65세 이상,경상
2017082400100436,2017년 8월,목요일,서울특별시 광진구 구의동,중상사고,0,1,0,0,차대차 - 충돌,안전운전불이행,건조,맑음,교차로 - 교차로안,이륜,남,21-30세,중상,승용,남,41-50세,상해없음
2017082400100485,2017년 8월,목요일,서울특별시 광진구 광장동,경상사고,0,0,1,0,차대사람 - 기타,안전운전불이행,건조,맑음,단일로 - 기타,승합,남,41-50세,상해없음,보행자,남,51-60세,경상
2017082500100017,2017년 8월,금요일,서울특별시 광진구 군자동,경상사고,0,0,1,0,차대사람 - 횡단중,안전운전불이행,건조,맑음,단일로 - 기타,이륜,남,20세 이하,상해없음,보행자,여,21-30세,경상
2017082500100018,2017년 8월,금요일,서울특별시 광진구 광장동,경상사고,0,0,1,0,차대사람 - 기타,안전운전불이행,건조,맑음,단일로 - 기타,승용,남,31-40세,상해없음,보행자,남,21-30세,경상
2017082500100213,2017년 8월,금요일,서울특별시 광진구 구의동,경상사고,0,0,1,0,차대차 - 기타,안전거리미확보,건조,맑음,단일로 - 기타,승용,남,51-60세,상해없음,승용,남,51-60세,상해없음
2017082500100386,2017년 8월,금요일,서울특별시 광진구 중곡동,경상사고,0,0,1,0,차대사람 - 기타,안전운전불이행,건조,맑음,기타 - 기타,승용,남,51-60세,상해없음,보행자,남,12세 이하,경상
2017082500100578,2017년 8월,금요일,서울특별시 광진구 군자동,중상사고,0,1,0,0,차대사람 - 횡단중,안전운전불이행,건조,맑음,단일로 - 기타,화물,남,41-50세,상해없음,보행자,여,65세 이상,중상