사고번호,발생년월,요일,시군구,사고내용,사망자수,중상자수,경상자수,부상신고자수,사고유형,법규위반,노면상태,기상상태,도로형태,가해운전자 차종,가해운전자 성별,가해운전자 연령대,가해운전자 상해정도,피해운전자 차종,피해운전자 성별,피해운전자 연령대,피해운전자 상해정도
2017122500100253,2017년 12월,월요일,서울특별시 광진구 능동,경상사고,0,0,1,0,차대차 - 기타,안전거리미확보,건조,맑음,단일로 - 기타,승용,남,61-64세,상해없음,이륜,남,51-60세,경상
2017122500100309,2017년 12월,월요일,서울특별시 광진구 중곡동,중상사고,0,1,0,0,차대사람 - 횡단중,안전운전불이행,건조,기타,단일로 - 기타,화물,남,31-40세,상해없음,보행자,남,41-50세,중상
2017122700100287,2017년 12월,수요일,서울특별시 광진구 광장동,부상신고사고,0,0,0,1,차대차 - 추돌,안전운전불이행,건조,맑음,단일로 - 기타,화물,남,41-50세,상해없음,화물,남,51-60세,부상신고
2017122700100429,2017년 12월,수요일,서울특별시 광진구 화양동,경상사고,0,0,1,0,차대사람 - 기타,안전운전불이행,기타,기타,단일로 - 기타,승용,남,21-30세,상해없음,보행자,여,21-30세,경상
2017122800100057,2017년 12월,목요일,서울특별시 광진구 능동,중상사고,0,2,8,0,차대차 - 충돌,신호위반,건조,맑음,교차로 - 교차로안,승용,남,61-64세,경상,승합,남,41-50세,경상
2017122800100058,2017년 12월,목요일,서울특별시 광진구 자양동,경상사고,0,0,2,0,차대차 - 충돌,안전거리미확보,건조,맑음,단일로 - 기타,승용,남,51-60세,상해없음,승용,남,51-60세,경상
2017122800100321,2017년 12월,목요일,서울특별시 광진구 자양동,부상신고사고,0,0,0,1,차대사람 - 기타,안전운전불이행,건조,맑음,기타 - 기타,승용,남,51-60세,상해없음,보행자,여,51-60세,부상신고
2.01712E+15,2017년 12월,금요일,서울특별시 광진구 중곡동,경상사고,0,0,6,0,차대차 - 기타,신호위반,건조,맑음,교차로 - 교차로부근,승용,남,65세 이상,상해없음,승용,여,41-50세,경상
2017123000100414,2017년 12월,토요일,서울특별시 광진구 자양동,경상사고,0,0,3,0,차대차 - 기타,안전운전불이행,건조,맑음,교차로 - 교차로안,승용,남,21-30세,상해없음,승용,남,31-40세,경상
2017123100100023,2017년 12월,일요일,서울특별시 광진구 화양동,중상사고,0,1,0,0,차대사람 - 기타,안전운전불이행,건조,맑음,단일로 - 기타,승용,남,65세 이상,상해없음,보행자,남,61-64세,중상
2017123100100069,2017년 12월,일요일,서울특별시 광진구 화양동,중상사고,0,1,0,0,차대차 - 기타,안전거리미확보,젖음/습기,맑음,단일로 - 기타,승용,남,61-64세,상해없음,원동기,남,31-40세,중상
2017123100100106,2017년 12월,일요일,서울특별시 광진구 중곡동,중상사고,0,1,4,0,차대차 - 충돌,안전운전불이행,서리/결빙,흐림,단일로 - 기타,화물,남,65세 이상,상해없음,승용,남,41-50세,중상
2018010100100025,2018년 1월,월요일,서울특별시 광진구 광장동,중상사고,0,1,0,0,차대차 - 충돌,신호위반,건조,맑음,교차로 - 교차로안,이륜,남,20세 이하,중상,승용,남,51-60세,상해없음
2018010100100253,2018년 1월,월요일,서울특별시 광진구 중곡동,중상사고,0,1,0,0,차대사람 - 기타,안전운전불이행,건조,맑음,단일로 - 기타,승용,여,41-50세,상해없음,보행자,여,41-50세,중상
2018010200100211,2018년 1월,화요일,서울특별시 광진구 능동,중상사고,0,1,0,0,차대사람 - 횡단중,안전운전불이행,건조,맑음,교차로 - 교차로부근,승합,남,51-60세,상해없음,보행자,남,65세 이상,중상
2018010200100212,2018년 1월,화요일,서울특별시 광진구 구의동,중상사고,0,1,0,0,차대차 - 추돌,안전운전불이행,건조,맑음,단일로 - 기타,승용,남,61-64세,상해없음,자전거,남,13-20세,중상
2018010300100105,2018년 1월,수요일,서울특별시 광진구 자양동,중상사고,0,1,0,0,차대사람 - 보도통행중,안전운전불이행,건조,맑음,주차장 - 주차장,승용,여,51-60세,상해없음,보행자,여,31-40세,중상
2018010300100257,2018년 1월,수요일,서울특별시 광진구 자양동,경상사고,0,0,1,0,차대사람 - 기타,안전운전불이행,건조,맑음,단일로 - 기타,승용,여,21-30세,기타불명,보행자,여,13-20세,경상
2018010300100307,2018년 1월,수요일,서울특별시 광진구 자양동,부상신고사고,0,0,0,1,차량단독 - 전도전복,안전운전불이행,서리/결빙,맑음,단일로 - 기타,원동기,남,21-30세,부상신고,,,,
2018010400100422,2018년 1월,목요일,서울특별시 광진구 중곡동,경상사고,0,0,1,0,차대차 - 추돌,안전운전불이행,건조,기타,단일로 - 기타,승용,남,51-60세,상해없음,승용,남,41-50세,경상
2018010500100001,2018년 1월,금요일,서울특별시 광진구 자양동,경상사고,0,0,1,0,차대차 - 충돌,안전운전불이행,건조,맑음,교차로 - 교차로안,승용,남,51-60세,상해없음,화물,남,21-30세,경상
2018010500100051,2018년 1월,금요일,서울특별시 광진구 능동,경상사고,0,0,1,0,차대차 - 충돌,신호위반,건조,맑음,교차로 - 교차로안,승용,남,41-50세,상해없음,승용,여,41-50세,경상
2018010500100256,2018년 1월,금요일,서울특별시 광진구 능동,경상사고,0,0,1,0,차대차 - 추돌,안전운전불이행,건조,맑음,단일로 - 기타,이륜,남,20세 이하,상해없음,승용,여,41-50세,경상
2.01801E+15,2018년 1월,금요일,서울특별시 광진구 군자동,경상사고,0,0,2,0,차대차 - 기타,안전운전불이행,건조,맑음,단일로 - 기타,승용,남,41-50세,상해없음,승용,남,41-50세,경상
2018010600100128,2018년 1월,토요일,서울특별시 광진구 자양동,경상사고,0,0,1,0,차대차 - 추돌,안전운전불이행,건조,맑음,단일로 - 기타,화물,남,61-64세,상해없음,화물,남,31-40세,경상
2.01801E+15,2018년 1월,토요일,서울특별시 광진구 자양동,중상사고,0,1,0,0,차대사람 - 차도통행중,안전운전불이행,건조,맑음,교차로 - 교차로부근,승용,남,51-60세,상해없음,보행자,남,21-30세,중상
2018010600100494,2018년 1월,토요일,서울특별시 광진구 자양동,경상사고,0,0,1,0,차대차 - 추돌,안전운전불이행,건조,맑음,단일로 - 기타,승용,남,41-50세,상해없음,화물,남,41-50세,상해없음
2018010700100002,2018년 1월,일요일,서울특별시 광진구 광장동,경상사고,0,0,1,0,차대차 - 충돌,안전운전불이행,건조,흐림,단일로 - 기타,승용,남,65세 이상,상해없음,승용,남,51-60세,경상
2.01801E+15,2018년 1월,일요일,서울특별시 광진구 중곡동,중상사고,0,1,0,0,차대차 - 충돌,중앙선침범,건조,맑음,교차로 - 교차로부근,승용,남,31-40세,상해없음,이륜,남,51-60세,중상
2018010700100057,2018년 1월,일요일,서울특별시 광진구 자양동,경상사고,0,0,2,0,차대차 - 추돌,안전운전불이행,건조,맑음,교차로 - 교차로부근,승용,남,21-30세,상해없음,승용,남,51-60세,경상
2018010700100108,2018년 1월,일요일,서울특별시 광진구 구의동,경상사고,0,0,1,0,차대차 - 충돌,안전운전불이행,건조,맑음,교차로 - 교차로안,승합,남,61-64세,상해없음,원동기,남,21-30세,경상
2.01801E+15,2018년 1월,일요일,서울특별시 광진구 중곡동,중상사고,0,1,1,0,차대차 - 충돌,신호위반,건조,맑음,교차로 - 교차로안,승용,남,65세 이상,상해없음,승용,여,51-60세,중상
2018010900100377,2018년 1월,화요일,서울특별시 광진구 자양동,경상사고,0,0,1,0,차대차 - 추돌,안전운전불이행,건조,맑음,단일로 - 기타,승용,남,31-40세,상해없음,승용,남,65세 이상,경상
2018011000100093,2018년 1월,수요일,서울특별시 광진구 광장동,경상사고,0,0,1,0,차대차 - 충돌,안전운전불이행,젖음/습기,맑음,교차로 - 교차로안,승용,여,65세 이상,상해없음,승용,남,31-40세,경상
2018011000100275,2018년 1월,수요일,서울특별시 광진구 화양동,경상사고,0,0,1,0,차대사람 - 횡단중,신호위반,건조,맑음,교차로 - 교차로부근,원동기,남,65세 이상,상해없음,보행자,남,65세 이상,경상
2018011000100579,2018년 1월,수요일,서울특별시 광진구 중곡동,경상사고,0,0,2,0,차대차 - 충돌,교차로운행방법위반,건조,맑음,교차로 - 교차로안,승용,남,65세 이상,경상,승용,남,41-50세,경상
2.01801E+15,2018년 1월,수요일,서울특별시 광진구 군자동,중상사고,0,1,0,0,차대차 - 기타,안전운전불이행,서리/결빙,기타,단일로 - 기타,이륜,남,20세 이하,중상,승용,남,21-30세,상해없음
2018011000100711,2018년 1월,수요일,서울특별시 광진구 자양동,중상사고,0,1,0,0,차대차 - 기타,안전운전불이행,서리/결빙,흐림,단일로 - 기타,원동기,남,41-50세,중상,승용,남,21-30세,상해없음
2018011000100712,2018년 1월,수요일,서울특별시 광진구 자양동,경상사고,0,0,1,0,차대차 - 충돌,직진우회전진행방해,건조,맑음,교차로 - 교차로안,승용,남,31-40세,상해없음,승용,남,51-60세,상해없음
2018011100100218,2018년 1월,목요일,서울특별시 광진구 중곡동,경상사고,0,0,1,0,차대사람 - 횡단중,안전운전불이행,건조,맑음,단일로 - 기타,승용,남,51-60세,상해없음,보행자,남,12세 이하,경상
2.01801E+15,2018년 1월,목요일,서울특별시 광진구 중곡동,경상사고,0,0,1,0,차대차 - 충돌,안전운전불이행,건조,맑음,단일로 - 기타,승용,여,31-40세,상해없음,자전거,여,21-30세,경상
2018011100100618,2018년 1월,목요일,서울특별시 광진구 광장동,중상사고,0,1,0,0,차대차 - 충돌,안전거리미확보,건조,맑음,단일로 - 기타,승용,남,21-30세,상해없음,승용,남,31-40세,중상
2018011100100619,2018년 1월,목요일,서울특별시 광진구 광장동,중상사고,0,1,3,0,차대차 - 충돌,안전거리미확보,건조,맑음,단일로 - 기타,승용,남,31-40세,상해없음,승용,여,21-30세,경상
2018011200100001,2018년 1월,금요일,서울특별시 광진구 화양동,경상사고,0,0,2,0,차대차 - 추돌,안전거리미확보,건조,맑음,단일로 - 기타,승용,남,31-40세,상해없음,승용,남,51-60세,경상
2018011200100179,2018년 1월,금요일,서울특별시 광진구 구의동,중상사고,0,1,0,0,차대차 - 기타,기타,건조,맑음,단일로 - 기타,승용,남,41-50세,상해없음,원동기,남,51-60세,중상
2018011200100318,2018년 1월,금요일,서울특별시 광진구 구의동,경상사고,0,0,1,0,차대차 - 충돌,직진우회전진행방해,건조,맑음,교차로 - 교차로안,승용,남,51-60세,상해없음,승용,여,41-50세,경상
2018011200100375,2018년 1월,금요일,서울특별시 광진구 군자동,경상사고,0,0,1,0,차대차 - 추돌,안전운전불이행,건조,맑음,단일로 - 기타,승용,남,41-50세,상해없음,승용,여,51-60세,경상
2018011300100033,2018년 1월,토요일,서울특별시 광진구 화양동,경상사고,0,0,1,0,차대차 - 충돌,안전거리미확보,건조,맑음,단일로 - 기타,승용,남,41-50세,상해없음,화물,남,41-50세,경상
2018011300100082,2018년 1월,토요일,서울특별시 광진구 자양동,경상사고,0,0,3,0,차량단독 - 충돌,안전운전불이행,젖음/습기,기타,단일로 - 기타,승용,남,51-60세,상해없음,,,,
2018011300100102,2018년 1월,토요일,서울특별시 광진구 화양동,중상사고,0,2,0,0,차대사람 - 기타,안전운전불이행,건조,맑음,단일로 - 기타,승용,남,31-40세,상해없음,보행자,남,31-40세,중상
2018011300100216,2018년 1월,토요일,서울특별시 광진구 자양동,부상신고사고,0,0,0,1,차대차 - 충돌,안전운전불이행,서리/결빙,눈,단일로 - 기타,기타불명,기타불명,기타불명,기타불명,자전거,여,51-60세,부상신고
2.01801E+15,2018년 1월,토요일,서울특별시 광진구 중곡동,중상사고,0,1,0,0,차대사람 - 횡단중,안전운전불이행,건조,맑음,교차로 - 교차로안,자전거,여,65세 이상,상해없음,보행자,여,61-64세,중상
2018011400100024,2018년 1월,일요일,서울특별시 광진구 자양동,경상사고,0,0,1,0,차대차 - 충돌,직진우회전진행방해,건조,맑음,교차로 - 교차로안,승용,남,61-64세,상해없음,승용,여,31-40세,경상
2018011400100066,2018년 1월,일요일,서울특별시 광진구 자양동,중상사고,0,1,0,0,차대사람 - 횡단중,안전운전불이행,건조,맑음,교차로 - 교차로횡단보도내,승용,남,65세 이상,상해없음,보행자,남,51-60세,중상
2018011400100341,2018년 1월,일요일,서울특별시 광진구 중곡동,경상사고,0,0,1,0,차대차 - 충돌,직진우회전진행방해,건조,맑음,교차로 - 교차로안,승용,남,65세 이상,상해없음,이륜,남,13-20세,경상
2018011400100409,2018년 1월,일요일,서울특별시 광진구 화양동,경상사고,0,0,2,0,차대차 - 추돌,안전운전불이행,건조,맑음,교차로 - 교차로부근,승용,남,51-60세,상해없음,승용,남,31-40세,경상
2018011500100001,2018년 1월,월요일,서울특별시 광진구 화양동,경상사고,0,0,1,0,차대차 - 기타,안전운전불이행,건조,맑음,교차로 - 교차로안,승용,남,41-50세,기타불명,이륜,남,13-20세,경상
2018011500100034,2018년 1월,월요일,서울특별시 광진구 능동,경상사고,0,0,1,0,차대차 - 충돌,안전운전불이행,건조,맑음,단일로 - 기타,승용,남,31-40세,상해없음,승용,남,41-50세,경상
2018011600100055,2018년 1월,화요일,서울특별시 광진구 군자동,경상사고,0,0,1,0,차대차 - 추돌,안전운전불이행,건조,맑음,단일로 - 기타,승용,남,61-64세,상해없음,승용,여,41-50세,경상
2.01801E+15,2018년 1월,화요일,서울특별시 광진구 광장동,경상사고,0,0,2,0,차대차 - 충돌,안전거리미확보,건조,맑음,단일로 - 기타,승용,남,65세 이상,상해없음,승합,남,31-40세,경상
2018011700100439,2018년 1월,수요일,서울특별시 광진구 중곡동,경상사고,0,0,1,1,차대차 - 추돌,안전운전불이행,건조,맑음,단일로 - 기타,승용,남,61-64세,상해없음,승용,남,65세 이상,부상신고
2018011800100148,2018년 1월,목요일,서울특별시 광진구 광장동,경상사고,0,0,1,0,차대차 - 추돌,안전운전불이행,건조,흐림,단일로 - 기타,승용,남,51-60세,상해없음,승용,여,41-50세,경상
2018011800100385,2018년 1월,목요일,서울특별시 광진구 중곡동,경상사고,0,0,1,0,차대사람 - 길가장자리구역통행중,안전운전불이행,건조,흐림,교차로 - 교차로안,승용,남,51-60세,상해없음,보행자,여,41-50세,경상
2018011800100437,2018년 1월,목요일,서울특별시 광진구 중곡동,경상사고,0,0,1,0,차대차 - 기타,안전운전불이행,서리/결빙,맑음,기타 - 기타,승합,남,61-64세,상해없음,이륜,남,41-50세,경상
2018011900100136,2018년 1월,금요일,서울특별시 광진구 자양동,부상신고사고,0,0,0,1,차대차 - 기타,안전운전불이행,건조,맑음,단일로 - 기타,자전거,남,31-40세,부상신고,기타불명,기타불명,기타불명,기타불명
2018011900100459,2018년 1월,금요일,서울특별시 광진구 중곡동,경상사고,0,0,1,0,차대차 - 충돌,안전거리미확보,건조,맑음,교차로 - 교차로부근,원동기,남,51-60세,경상,승용,남,65세 이상,상해없음
2018011900100588,2018년 1월,금요일,서울특별시 광진구 광장동,경상사고,0,0,1,0,차대차 - 추돌,안전운전불이행,건조,맑음,단일로 - 기타,승용,남,31-40세,상해없음,승용,여,61-64세,경상
2018011900100589,2018년 1월,금요일,서울특별시 광진구 군자동,경상사고,0,0,1,0,차대차 - 기타,기타,건조,맑음,교차로 - 교차로부근,승용,남,41-50세,상해없음,원동기,남,61-64세,경상
2018012000100003,2018년 1월,토요일,서울특별시 광진구 광장동,경상사고,0,0,1,0,차대차 - 충돌,안전운전불이행,건조,맑음,교차로 - 교차로부근,승용,남,51-60세,상해없음,승용,남,21-30세,경상
2018012000100004,2018년 1월,토요일,서울특별시 광진구 중곡동,중상사고,0,1,2,0,차대차 - 충돌,직진우회전진행방해,건조,맑음,교차로 - 교차로안,승용,남,61-64세,상해없음,승용,남,41-50세,경상
2018012000100122,2018년 1월,토요일,서울특별시 광진구 중곡동,중상사고,0,1,0,0,차대사람 - 기타,안전운전불이행,건조,맑음,단일로 - 기타,승용,남,51-60세,상해없음,보행자,남,41-50세,중상
2018012200100042,2018년 1월,월요일,서울특별시 광진구 구의동,중상사고,0,1,0,0,차대사람 - 횡단중,보행자보호의무위반,건조,맑음,교차로 - 교차로횡단보도내,승합,남,65세 이상,상해없음,보행자,여,41-50세,중상
2018012200100247,2018년 1월,월요일,서울특별시 광진구 구의동,경상사고,0,0,1,0,차대차 - 추돌,안전운전불이행,건조,맑음,교차로 - 교차로부근,승용,남,65세 이상,상해없음,승용,여,41-50세,경상
2018012300100114,2018년 1월,화요일,서울특별시 광진구 구의동,경상사고,0,0,1,0,차대차 - 충돌,안전운전불이행,건조,맑음,단일로 - 기타,화물,남,51-60세,상해없음,승용,남,31-40세,경상
2018012300100251,2018년 1월,화요일,서울특별시 광진구 자양동,경상사고,0,0,1,0,차대사람 - 길가장자리구역통행중,안전운전불이행,건조,맑음,단일로 - 기타,화물,남,31-40세,상해없음,보행자,여,41-50세,경상
2018012300100347,2018년 1월,화요일,서울특별시 광진구 중곡동,경상사고,0,0,1,0,차대차 - 추돌,안전운전불이행,건조,맑음,단일로 - 기타,승용,남,65세 이상,상해없음,원동기,남,51-60세,경상
2018012400100227,2018년 1월,수요일,서울특별시 광진구 화양동,경상사고,0,0,2,0,차대차 - 추돌,안전운전불이행,건조,맑음,단일로 - 기타,승용,남,51-60세,상해없음,승용,여,41-50세,경상
2018012500100166,2018년 1월,목요일,서울특별시 광진구 자양동,중상사고,0,1,0,0,차대사람 - 길가장자리구역통행중,안전운전불이행,건조,맑음,단일로 - 기타,승용,남,65세 이상,상해없음,보행자,남,65세 이상,중상
2018012500100274,2018년 1월,목요일,서울특별시 광진구 구의동,중상사고,0,1,0,0,차대차 - 충돌,교차로운행방법위반,건조,맑음,교차로 - 교차로안,승합,남,51-60세,상해없음,이륜,남,65세 이상,중상
2018012500100422,2018년 1월,목요일,서울특별시 광진구 자양동,중상사고,0,1,0,0,차대차 - 기타,직진우회전진행방해,건조,맑음,교차로 - 교차로안,승용,남,41-50세,상해없음,이륜,남,31-40세,중상
2.01801E+15,2018년 1월,금요일,서울특별시 광진구 능동,경상사고,0,0,1,0,차대차 - 충돌,교차로운행방법위반,건조,맑음,교차로 - 교차로부근,승용,남,65세 이상,상해없음,승용,남,51-60세,경상
2018012600100226,2018년 1월,금요일,서울특별시 광진구 화양동,경상사고,0,0,2,0,차대차 - 충돌,안전운전불이행,건조,맑음,단일로 - 기타,승용,여,21-30세,경상,승용,남,41-50세,경상
2018012600100372,2018년 1월,금요일,서울특별시 광진구 광장동,경상사고,0,0,1,0,차대차 - 추돌,안전운전불이행,건조,맑음,단일로 - 기타,기타불명,기타불명,기타불명,기타불명,승용,남,41-50세,경상
2018012600100404,2018년 1월,금요일,서울특별시 광진구 자양동,경상사고,0,0,1,0,차대차 - 기타,안전거리미확보,건조,맑음,단일로 - 기타,기타불명,기타불명,기타불명,기타불명,승합,남,51-60세,상해없음
2018012600100465,2018년 1월,금요일,서울특별시 광진구 능동,경상사고,0,0,1,0,차대차 - 추돌,안전운전불이행,건조,맑음,단일로 - 기타,승용,남,31-40세,상해없음,승용,남,21-30세,경상
2018012700100156,2018년 1월,토요일,서울특별시 광진구 자양동,경상사고,0,0,1,0,차대차 - 충돌,안전운전불이행,젖음/습기,맑음,단일로 - 기타,승용,남,31-40세,상해없음,승용,여,51-60세,경상
2018012700100209,2018년 1월,토요일,서울특별시 광진구 중곡동,중상사고,0,1,0,0,차대사람 - 기타,안전운전불이행,건조,맑음,교차로 - 교차로안,자전거,남,20세 이하,상해없음,보행자,여,65세 이상,중상
2018012700100352,2018년 1월,토요일,서울특별시 광진구 자양동,경상사고,0,0,1,0,차대차 - 충돌,안전운전불이행,건조,맑음,단일로 - 기타,승용,남,31-40세,상해없음,승용,남,41-50세,경상
2018012700100353,2018년 1월,토요일,서울특별시 광진구 구의동,중상사고,0,1,0,0,차대사람 - 기타,안전운전불이행,건조,맑음,단일로 - 기타,승합,남,61-64세,상해없음,보행자,여,65세 이상,중상
2018012900100054,2018년 1월,월요일,서울특별시 광진구 구의동,사망사고,1,0,0,0,차대사람 - 횡단중,신호위반,건조,맑음,단일로 - 기타,화물,남,61-64세,상해없음,보행자,남,21-30세,사망
2018012900100176,2018년 1월,월요일,서울특별시 광진구 광장동,경상사고,0,0,2,0,차대차 - 기타,기타,건조,맑음,단일로 - 기타,승용,남,65세 이상,기타불명,승용,여,41-50세,경상
2018012900100309,2018년 1월,월요일,서울특별시 광진구 화양동,경상사고,0,0,1,0,차대차 - 추돌,안전운전불이행,건조,맑음,단일로 - 기타,승용,남,61-64세,상해없음,승용,여,41-50세,경상
2018013000100024,2018년 1월,화요일,서울특별시 광진구 자양동,경상사고,0,0,3,0,차대차 - 추돌,안전운전불이행,건조,맑음,단일로 - 기타,승용,남,61-64세,상해없음,승용,남,41-50세,경상
2.01801E+15,2018년 1월,화요일,서울특별시 광진구 화양동,중상사고,0,1,0,0,차대사람 - 횡단중,안전운전불이행,건조,맑음,단일로 - 기타,승용,남,51-60세,상해없음,보행자,여,65세 이상,중상
2.01801E+15,2018년 1월,화요일,서울특별시 광진구 중곡동,경상사고,0,0,1,0,차대사람 - 길가장자리구역통행중,안전운전불이행,적설,눈,단일로 - 기타,승용,남,31-40세,상해없음,보행자,남,51-60세,경상
2018013000100487,2018년 1월,화요일,서울특별시 광진구 중곡동,경상사고,0,0,1,0,차대차 - 기타,안전운전불이행,서리/결빙,기타,교차로 - 교차로부근,승용,여,41-50세,상해없음,승합,남,41-50세,경상
2018013100100028,2018년 1월,수요일,서울특별시 광진구 구의동,중상사고,0,1,4,0,차대차 - 추돌,안전운전불이행,적설,눈,기타 - 기타,승용,남,51-60세,상해없음,승용,남,31-40세,경상
2018013100100029,2018년 1월,수요일,서울특별시 광진구 구의동,중상사고,0,1,3,0,차대차 - 기타,안전운전불이행,서리/결빙,기타,단일로 - 기타,화물,남,51-60세,중상,승용,남,65세 이상,경상
2.01801E+15,2018년 1월,수요일,서울특별시 광진구 구의동,경상사고,0,0,3,0,차대차 - 추돌,안전운전불이행,서리/결빙,눈,단일로 - 기타,승용,남,31-40세,상해없음,승용,남,51-60세,경상
2018013100100031,2018년 1월,수요일,서울특별시 광진구 구의동,경상사고,0,0,1,0,차대차 - 추돌,안전운전불이행,서리/결빙,눈,단일로 - 기타,승용,남,31-40세,상해없음,특수,남,31-40세,경상
2018013100100045,2018년 1월,수요일,서울특별시 광진구 중곡동,경상사고,0,0,1,0,차대차 - 추돌,안전운전불이행,서리/결빙,맑음,교차로 - 교차로부근,기타불명,기타불명,기타불명,기타불명,승용,남,41-50세,경상
2018013100100401,2018년 1월,수요일,서울특별시 광진구 구의동,경상사고,0,0,1,0,차대차 - 충돌,교차로운행방법위반,건조,맑음,교차로 - 교차로안,자전거,남,20세 이하,경상,승용,남,21-30세,상해없음
2.01802E+15,2018년 2월,목요일,서울특별시 광진구 자양동,경상사고,0,0,1,0,차대차 - 추돌,안전운전불이행,건조,맑음,단일로 - 교량,승용,남,65세 이상,상해없음,원동기,남,65세 이상,경상
2.01802E+15,2018년 2월,금요일,서울특별시 광진구 구의동,경상사고,0,0,1,0,차대차 - 충돌,안전운전불이행,건조,맑음,교차로 - 교차로부근,승용,남,51-60세,상해없음,승용,남,51-60세,상해없음
2018020300100223,2018년 2월,토요일,서울특별시 광진구 중곡동,경상사고,0,0,1,0,차대차 - 충돌,신호위반,건조,맑음,교차로 - 교차로안,화물,남,41-50세,상해없음,화물,남,51-60세,경상
2018020300100224,2018년 2월,토요일,서울특별시 광진구 자양동,경상사고,0,0,1,0,차대차 - 추돌,안전거리미확보,건조,맑음,단일로 - 교량,승용,남,61-64세,상해없음,승용,남,21-30세,경상
2018020300100609,2018년 2월,토요일,서울특별시 광진구 중곡동,경상사고,0,0,1,0,차대차 - 추돌,안전운전불이행,건조,맑음,교차로 - 교차로부근,승용,남,51-60세,기타불명,승용,남,51-60세,경상
2018020300100723,2018년 2월,토요일,서울특별시 광진구 화양동,경상사고,0,0,1,1,차대차 - 추돌,안전운전불이행,건조,맑음,단일로 - 기타,승용,남,41-50세,상해없음,승용,남,21-30세,경상
2.01802E+15,2018년 2월,일요일,서울특별시 광진구 자양동,중상사고,0,1,0,0,차대차 - 충돌,안전운전불이행,건조,맑음,단일로 - 기타,승용,남,41-50세,상해없음,승용,남,61-64세,중상
2018020500100003,2018년 2월,월요일,서울특별시 광진구 화양동,경상사고,0,0,1,0,차대차 - 추돌,안전운전불이행,건조,맑음,단일로 - 기타,승용,남,65세 이상,상해없음,승용,남,31-40세,경상
2018020500100078,2018년 2월,월요일,서울특별시 광진구 자양동,경상사고,0,0,3,0,차대차 - 충돌,안전거리미확보,건조,맑음,단일로 - 기타,승합,남,65세 이상,상해없음,승용,남,65세 이상,경상
2.01802E+15,2018년 2월,월요일,서울특별시 광진구 광장동,경상사고,0,0,1,0,차량단독 - 충돌,안전운전불이행,건조,맑음,단일로 - 교량,승용,남,61-64세,상해없음,,,,
2018020500100404,2018년 2월,월요일,서울특별시 광진구 군자동,경상사고,0,0,1,0,차대차 - 충돌,안전운전불이행,건조,맑음,단일로 - 기타,승용,남,65세 이상,상해없음,화물,남,31-40세,경상
2018020500100603,2018년 2월,월요일,서울특별시 광진구 군자동,중상사고,0,1,3,0,차대차 - 추돌,안전운전불이행,건조,맑음,단일로 - 기타,승용,남,65세 이상,상해없음,승용,남,51-60세,경상
2.01802E+15,2018년 2월,화요일,서울특별시 광진구 자양동,경상사고,0,0,1,0,차대차 - 추돌,안전운전불이행,건조,맑음,단일로 - 기타,승용,여,21-30세,상해없음,승용,남,61-64세,경상
2018020600100107,2018년 2월,화요일,서울특별시 광진구 화양동,경상사고,0,0,1,0,차대차 - 추돌,안전운전불이행,건조,맑음,단일로 - 기타,승용,남,31-40세,기타불명,승용,남,31-40세,경상
2018020600100253,2018년 2월,화요일,서울특별시 광진구 군자동,경상사고,0,0,1,0,차대사람 - 횡단중,보행자보호의무위반,건조,맑음,교차로 - 교차로부근,승용,남,21-30세,상해없음,보행자,여,51-60세,경상
2018020700100618,2018년 2월,수요일,서울특별시 광진구 군자동,중상사고,0,1,0,0,차대사람 - 횡단중,보행자보호의무위반,건조,맑음,교차로 - 교차로안,승용,남,21-30세,상해없음,보행자,남,51-60세,중상
2018020800100022,2018년 2월,목요일,서울특별시 광진구 군자동,중상사고,0,1,0,0,차대사람 - 횡단중,보행자보호의무위반,건조,맑음,교차로 - 교차로안,승용,남,41-50세,상해없음,보행자,남,51-60세,중상
2018020800100123,2018년 2월,목요일,서울특별시 광진구 자양동,중상사고,0,1,1,0,차대차 - 충돌,안전운전불이행,건조,맑음,교차로 - 교차로부근,승용,남,31-40세,경상,승용,남,61-64세,중상
2018020800100175,2018년 2월,목요일,서울특별시 광진구 화양동,경상사고,0,0,1,0,차량단독 - 기타,교차로운행방법위반,건조,맑음,교차로 - 교차로안,승용,남,65세 이상,상해없음,,,,
2018020800100212,2018년 2월,목요일,서울특별시 광진구 중곡동,경상사고,0,0,1,0,차대차 - 충돌,안전운전불이행,건조,맑음,교차로 - 교차로안,이륜,남,51-60세,상해없음,자전거,여,41-50세,경상
2018020800100213,2018년 2월,목요일,서울특별시 광진구 광장동,중상사고,0,1,2,0,차대차 - 추돌,안전운전불이행,건조,맑음,단일로 - 기타,승합,남,41-50세,상해없음,기타불명,기타불명,기타불명,기타불명
2018020800100249,2018년 2월,목요일,서울특별시 광진구 자양동,경상사고,0,0,1,0,차대사람 - 기타,안전운전불이행,건조,맑음,교차로 - 교차로안,화물,남,51-60세,상해없음,보행자,남,21-30세,경상
2018020800100283,2018년 2월,목요일,서울특별시 광진구 군자동,중상사고,0,1,1,0,차대사람 - 횡단중,신호위반,건조,맑음,단일로 - 기타,승용,여,31-40세,상해없음,보행자,여,51-60세,중상
2018020800100388,2018년 2월,목요일,서울특별시 광진구 화양동,중상사고,0,1,0,0,차대사람 - 횡단중,안전운전불이행,건조,맑음,교차로 - 교차로안,승용,여,51-60세,상해없음,보행자,남,21-30세,중상