사고번호,발생년월,요일,시군구,사고내용,사망자수,중상자수,경상자수,부상신고자수,사고유형,법규위반,노면상태,기상상태,도로형태,가해운전자 차종,가해운전자 성별,가해운전자 연령대,가해운전자 상해정도,피해운전자 차종,피해운전자 성별,피해운전자 연령대,피해운전자 상해정도
2018050700100099,2018년 5월,월요일,서울특별시 광진구 중곡동,경상사고,0,0,1,0,차대차 - 기타,안전거리미확보,건조,맑음,단일로 - 기타,승용,여,51-60세,상해없음,자전거,남,41-50세,경상
2.01805E+15,2018년 5월,화요일,서울특별시 광진구 화양동,경상사고,0,0,1,0,차대차 - 추돌,안전운전불이행,건조,맑음,단일로 - 기타,승합,여,41-50세,상해없음,승용,남,65세 이상,경상
2018050800100089,2018년 5월,화요일,서울특별시 광진구 광장동,경상사고,0,0,1,0,차대사람 - 차도통행중,안전운전불이행,건조,맑음,단일로 - 기타,승용,남,61-64세,상해없음,보행자,여,51-60세,경상
2018050800100128,2018년 5월,화요일,서울특별시 광진구 중곡동,경상사고,0,0,1,0,차대차 - 충돌,안전운전불이행,건조,맑음,단일로 - 기타,승용,여,41-50세,상해없음,승용,남,21-30세,경상
2018050800100162,2018년 5월,화요일,서울특별시 광진구 화양동,경상사고,0,0,1,0,차대차 - 기타,안전운전불이행,건조,맑음,교차로 - 교차로안,자전거,남,61-64세,경상,승용,남,65세 이상,상해없음
2.01805E+15,2018년 5월,수요일,서울특별시 광진구 능동,경상사고,0,0,1,0,차대차 - 추돌,안전운전불이행,건조,맑음,단일로 - 기타,승용,남,51-60세,상해없음,승용,남,51-60세,경상
2018050900100464,2018년 5월,수요일,서울특별시 광진구 자양동,중상사고,0,1,0,0,차대차 - 기타,안전운전불이행,건조,맑음,교차로 - 교차로안,승용,남,61-64세,상해없음,이륜,남,31-40세,중상
2018051000100099,2018년 5월,목요일,서울특별시 광진구 광장동,중상사고,0,1,0,0,차대사람 - 횡단중,신호위반,건조,맑음,교차로 - 교차로횡단보도내,승용,남,65세 이상,상해없음,보행자,여,21-30세,중상
2018051000100478,2018년 5월,목요일,서울특별시 광진구 군자동,경상사고,0,0,1,0,차대차 - 충돌,안전거리미확보,건조,맑음,단일로 - 기타,승용,남,21-30세,상해없음,승용,남,41-50세,경상
2018051000100587,2018년 5월,목요일,서울특별시 광진구 구의동,경상사고,0,0,1,0,차대차 - 충돌,차로위반,건조,맑음,단일로 - 기타,승용,남,51-60세,상해없음,이륜,남,41-50세,경상
2018051100100274,2018년 5월,금요일,서울특별시 광진구 자양동,경상사고,0,0,1,0,차대사람 - 길가장자리구역통행중,안전운전불이행,건조,맑음,단일로 - 기타,승용,여,31-40세,상해없음,보행자,여,65세 이상,경상
2018051100100376,2018년 5월,금요일,서울특별시 광진구 군자동,경상사고,0,0,1,0,차대사람 - 보도통행중,기타,건조,맑음,단일로 - 기타,기타불명,남,21-30세,상해없음,보행자,여,61-64세,경상
2.01805E+15,2018년 5월,금요일,서울특별시 광진구 구의동,중상사고,0,1,0,0,차대차 - 충돌,안전운전불이행,건조,흐림,단일로 - 기타,자전거,남,21-30세,중상,자전거,남,31-40세,상해없음
2018051200100071,2018년 5월,토요일,서울특별시 광진구 자양동,경상사고,0,0,1,0,차대사람 - 횡단중,안전운전불이행,건조,맑음,단일로 - 기타,승용,남,65세 이상,상해없음,보행자,여,41-50세,경상
2018051200100095,2018년 5월,토요일,서울특별시 광진구 중곡동,중상사고,0,1,1,0,차대차 - 충돌,안전운전불이행,젖음/습기,비,교차로 - 교차로안,승합,남,51-60세,상해없음,자전거,남,41-50세,중상
2.01805E+15,2018년 5월,토요일,서울특별시 광진구 자양동,경상사고,0,0,1,0,차대사람 - 기타,안전운전불이행,건조,맑음,단일로 - 기타,승용,남,51-60세,상해없음,보행자,남,51-60세,경상
2018051200100265,2018년 5월,토요일,서울특별시 광진구 구의동,중상사고,0,1,2,0,차대차 - 추돌,안전거리미확보,젖음/습기,비,단일로 - 터널,승용,남,61-64세,상해없음,승용,남,41-50세,중상
2018051300100045,2018년 5월,일요일,서울특별시 광진구 광장동,중상사고,0,1,4,0,차대차 - 추돌,안전운전불이행,적설,흐림,단일로 - 기타,승용,남,41-50세,상해없음,승용,남,51-60세,중상
2018051300100057,2018년 5월,일요일,서울특별시 광진구 자양동,경상사고,0,0,1,0,차량단독 - 충돌,안전운전불이행,적설,비,단일로 - 기타,승용,남,65세 이상,상해없음,,,,
2018051300100227,2018년 5월,일요일,서울특별시 광진구 화양동,경상사고,0,0,1,0,차대차 - 충돌,신호위반,건조,맑음,단일로 - 기타,승용,남,65세 이상,상해없음,자전거,남,31-40세,경상
2.01805E+15,2018년 5월,일요일,서울특별시 광진구 중곡동,중상사고,0,1,0,0,차대차 - 충돌,안전운전불이행,건조,맑음,기타 - 기타,자전거,남,41-50세,상해없음,자전거,남,12세 이하,중상
2018051300100435,2018년 5월,일요일,서울특별시 광진구 구의동,중상사고,0,1,0,0,차대차 - 충돌,안전운전불이행,건조,맑음,교차로 - 교차로안,이륜,남,31-40세,상해없음,이륜,남,41-50세,중상
2018051400100086,2018년 5월,월요일,서울특별시 광진구 자양동,경상사고,0,0,1,0,차대차 - 추돌,안전운전불이행,건조,맑음,단일로 - 기타,승용,남,31-40세,상해없음,승용,남,51-60세,상해없음
2018051400100279,2018년 5월,월요일,서울특별시 광진구 자양동,중상사고,0,1,0,0,차대차 - 기타,안전운전불이행,건조,맑음,단일로 - 기타,승용,남,41-50세,상해없음,자전거,여,65세 이상,중상
2018051400100352,2018년 5월,월요일,서울특별시 광진구 중곡동,경상사고,0,0,1,0,차대차 - 충돌,중앙선침범,건조,맑음,교차로 - 교차로부근,기타불명,기타불명,기타불명,기타불명,원동기,남,31-40세,경상
2018051500100046,2018년 5월,화요일,서울특별시 광진구 구의동,경상사고,0,0,1,0,차대차 - 충돌,안전운전불이행,건조,맑음,교차로 - 교차로부근,자전거,여,51-60세,경상,승용,남,31-40세,상해없음
2018051500100347,2018년 5월,화요일,서울특별시 광진구 중곡동,경상사고,0,0,2,0,차대차 - 추돌,안전운전불이행,건조,맑음,교차로 - 교차로안,기타불명,기타불명,기타불명,기타불명,자전거,남,12세 이하,경상
2018051500100547,2018년 5월,화요일,서울특별시 광진구 화양동,중상사고,0,1,0,0,차대차 - 충돌,안전운전불이행,건조,맑음,교차로 - 교차로안,이륜,남,21-30세,상해없음,원동기,여,21-30세,중상
2018051500100564,2018년 5월,화요일,서울특별시 광진구 자양동,경상사고,0,0,1,0,차대차 - 충돌,안전거리미확보,건조,맑음,단일로 - 기타,승용,남,31-40세,상해없음,이륜,남,21-30세,경상
2018051600100009,2018년 5월,수요일,서울특별시 광진구 자양동,중상사고,0,1,1,0,차대차 - 충돌,신호위반,건조,맑음,교차로 - 교차로안,승용,남,31-40세,상해없음,이륜,남,21-30세,경상
2018051700100033,2018년 5월,목요일,서울특별시 광진구 광장동,경상사고,0,0,1,0,차대차 - 추돌,안전운전불이행,젖음/습기,비,단일로 - 기타,기타불명,기타불명,기타불명,기타불명,화물,남,21-30세,경상
2018051700100053,2018년 5월,목요일,서울특별시 광진구 화양동,중상사고,0,2,4,1,차대차 - 충돌,신호위반,적설,비,교차로 - 교차로안,승합,남,51-60세,상해없음,승용,남,21-30세,경상
2018051700100071,2018년 5월,목요일,서울특별시 광진구 자양동,경상사고,0,0,3,0,차대차 - 추돌,안전거리미확보,젖음/습기,비,단일로 - 기타,승용,남,65세 이상,상해없음,승용,여,51-60세,경상
2018051700100375,2018년 5월,목요일,서울특별시 광진구 화양동,경상사고,0,0,2,0,차대차 - 기타,신호위반,건조,맑음,교차로 - 교차로안,승용,남,51-60세,상해없음,승용,여,51-60세,상해없음
2018051700100572,2018년 5월,목요일,서울특별시 광진구 구의동,경상사고,0,0,1,0,차대차 - 충돌,안전운전불이행,젖음/습기,비,단일로 - 기타,승용,남,51-60세,상해없음,이륜,남,21-30세,경상
2018051800100045,2018년 5월,금요일,서울특별시 광진구 중곡동,경상사고,0,0,1,0,차대차 - 추돌,안전거리미확보,젖음/습기,비,교차로 - 교차로안,승용,남,65세 이상,상해없음,승용,남,31-40세,경상
2018051800100127,2018년 5월,금요일,서울특별시 광진구 광장동,경상사고,0,0,1,0,차대차 - 추돌,안전운전불이행,건조,맑음,교차로 - 교차로부근,승용,남,65세 이상,상해없음,원동기,남,21-30세,경상
2018051800100225,2018년 5월,금요일,서울특별시 광진구 자양동,경상사고,0,0,1,0,차대차 - 추돌,안전운전불이행,건조,맑음,단일로 - 기타,승용,남,21-30세,상해없음,승용,남,41-50세,상해없음
2018051800100388,2018년 5월,금요일,서울특별시 광진구 광장동,중상사고,0,1,0,0,차대사람 - 횡단중,보행자보호의무위반,건조,맑음,교차로 - 교차로횡단보도내,승용,남,61-64세,상해없음,보행자,여,12세 이하,중상
2018051800100539,2018년 5월,금요일,서울특별시 광진구 화양동,중상사고,0,1,0,0,차대차 - 충돌,기타,건조,맑음,교차로 - 교차로안,승용,남,65세 이상,상해없음,원동기,남,21-30세,중상
2.01805E+15,2018년 5월,금요일,서울특별시 광진구 중곡동,경상사고,0,0,1,0,차대차 - 추돌,안전운전불이행,젖음/습기,흐림,교차로 - 교차로부근,승용,여,41-50세,상해없음,승용,남,21-30세,경상
2.01805E+15,2018년 5월,금요일,서울특별시 광진구 광장동,중상사고,0,1,1,0,차대사람 - 횡단중,보행자보호의무위반,건조,맑음,교차로 - 교차로횡단보도내,승용,남,65세 이상,상해없음,보행자,남,21-30세,중상
2018051800100581,2018년 5월,금요일,서울특별시 광진구 화양동,경상사고,0,0,1,0,차대사람 - 기타,안전운전불이행,건조,맑음,단일로 - 기타,승용,남,51-60세,기타불명,보행자,남,21-30세,경상
2018051900100029,2018년 5월,토요일,서울특별시 광진구 화양동,경상사고,0,0,1,0,차대차 - 충돌,안전운전불이행,건조,맑음,교차로 - 교차로안,승용,남,61-64세,상해없음,승용,남,21-30세,경상
2018052000100015,2018년 5월,일요일,서울특별시 광진구 군자동,경상사고,0,0,1,0,차대사람 - 횡단중,안전운전불이행,건조,맑음,교차로 - 교차로횡단보도내,승용,여,20세 이하,상해없음,보행자,여,21-30세,경상
2.01805E+15,2018년 5월,일요일,서울특별시 광진구 능동,경상사고,0,0,1,0,차대차 - 기타,안전운전불이행,건조,맑음,단일로 - 기타,승용,남,21-30세,상해없음,승합,남,51-60세,상해없음
2.01805E+15,2018년 5월,월요일,서울특별시 광진구 중곡동,경상사고,0,0,1,0,차대차 - 충돌,안전운전불이행,건조,맑음,단일로 - 기타,승용,남,41-50세,상해없음,화물,남,41-50세,경상
2018052100100231,2018년 5월,월요일,서울특별시 광진구 광장동,경상사고,0,0,1,0,차량단독 - 충돌,안전운전불이행,건조,맑음,단일로 - 기타,승합,남,41-50세,상해없음,,,,
2.01805E+15,2018년 5월,월요일,서울특별시 광진구 자양동,부상신고사고,0,0,0,1,차대차 - 추돌,안전운전불이행,건조,맑음,단일로 - 기타,승용,여,51-60세,상해없음,화물,남,21-30세,부상신고
2018052100100329,2018년 5월,월요일,서울특별시 광진구 능동,중상사고,0,1,0,0,차대차 - 추돌,차로위반,건조,맑음,단일로 - 기타,승용,여,31-40세,상해없음,이륜,남,51-60세,중상
2018052100100481,2018년 5월,월요일,서울특별시 광진구 자양동,부상신고사고,0,0,0,1,차대차 - 충돌,직진우회전진행방해,건조,맑음,교차로 - 교차로안,이륜,남,31-40세,부상신고,승용,남,51-60세,상해없음
2018052100100574,2018년 5월,월요일,서울특별시 광진구 자양동,경상사고,0,0,2,0,차대차 - 충돌,안전운전불이행,건조,맑음,교차로 - 교차로횡단보도내,승용,남,51-60세,상해없음,승용,남,31-40세,경상
2.01805E+15,2018년 5월,화요일,서울특별시 광진구 자양동,경상사고,0,0,1,0,차대차 - 기타,교차로운행방법위반,건조,맑음,교차로 - 교차로안,승용,남,51-60세,상해없음,원동기,남,21-30세,경상
2018052200100342,2018년 5월,화요일,서울특별시 광진구 구의동,경상사고,0,0,1,0,차대사람 - 횡단중,보행자보호의무위반,적설,비,교차로 - 교차로안,원동기,남,41-50세,상해없음,보행자,여,51-60세,경상
2.01805E+15,2018년 5월,화요일,서울특별시 광진구 중곡동,경상사고,0,0,2,0,차대차 - 충돌,중앙선침범,젖음/습기,비,단일로 - 기타,승용,남,51-60세,상해없음,화물,남,41-50세,경상
2018052200100546,2018년 5월,화요일,서울특별시 광진구 화양동,경상사고,0,0,1,0,차대차 - 충돌,안전운전불이행,건조,맑음,단일로 - 기타,이륜,남,21-30세,경상,승용,남,31-40세,상해없음
2018052200100579,2018년 5월,화요일,서울특별시 광진구 구의동,경상사고,0,0,1,0,차대사람 - 기타,안전운전불이행,젖음/습기,비,단일로 - 기타,승용,남,31-40세,상해없음,보행자,남,41-50세,경상
2018052300100065,2018년 5월,수요일,서울특별시 광진구 자양동,경상사고,0,0,1,0,차대차 - 충돌,신호위반,건조,맑음,단일로 - 기타,승용,남,61-64세,상해없음,자전거,남,61-64세,경상
2018052300100258,2018년 5월,수요일,서울특별시 광진구 자양동,경상사고,0,0,1,0,차대차 - 추돌,안전운전불이행,건조,맑음,단일로 - 기타,승용,남,65세 이상,상해없음,승용,여,41-50세,경상
2018052400100096,2018년 5월,목요일,서울특별시 광진구 자양동,경상사고,0,0,2,0,차대차 - 추돌,안전거리미확보,건조,맑음,단일로 - 교량,승용,남,51-60세,상해없음,승용,남,41-50세,경상
2018052500100018,2018년 5월,금요일,서울특별시 광진구 자양동,중상사고,0,2,0,0,차대차 - 추돌,안전운전불이행,건조,맑음,단일로 - 기타,승용,남,51-60세,상해없음,승용,남,21-30세,중상
2018052500100106,2018년 5월,금요일,서울특별시 광진구 군자동,경상사고,0,0,1,0,차대차 - 기타,기타,건조,맑음,단일로 - 기타,승용,남,65세 이상,상해없음,원동기,여,31-40세,경상
2.01805E+15,2018년 5월,금요일,서울특별시 광진구 구의동,경상사고,0,0,2,0,차대차 - 추돌,안전운전불이행,건조,맑음,단일로 - 기타,이륜,남,31-40세,상해없음,승용,남,31-40세,경상
2.01805E+15,2018년 5월,금요일,서울특별시 광진구 구의동,중상사고,0,2,0,0,차대차 - 충돌,신호위반,건조,맑음,교차로 - 교차로부근,이륜,남,31-40세,중상,승용,남,51-60세,중상
2018052500100438,2018년 5월,금요일,서울특별시 광진구 자양동,경상사고,0,0,1,0,차량단독 - 기타,기타,건조,맑음,단일로 - 기타,승합,남,51-60세,상해없음,,,,
2.01805E+15,2018년 5월,토요일,서울특별시 광진구 자양동,경상사고,0,0,1,0,차대차 - 기타,기타,건조,기타,단일로 - 기타,승용,남,41-50세,상해없음,자전거,남,31-40세,경상
2018052600100377,2018년 5월,토요일,서울특별시 광진구 광장동,중상사고,0,1,0,0,차대차 - 추돌,차로위반,건조,맑음,단일로 - 교량,이륜,남,51-60세,중상,승용,남,65세 이상,상해없음
2018052600100461,2018년 5월,토요일,서울특별시 광진구 광장동,중상사고,0,1,0,0,차대차 - 기타,신호위반,건조,맑음,단일로 - 교량,승용,남,41-50세,상해없음,자전거,남,31-40세,중상
2018052600100462,2018년 5월,토요일,서울특별시 광진구 자양동,경상사고,0,0,3,0,차대차 - 충돌,안전거리미확보,건조,맑음,단일로 - 기타,승용,여,21-30세,상해없음,승용,남,41-50세,상해없음
2018052600100511,2018년 5월,토요일,서울특별시 광진구 자양동,경상사고,0,0,1,0,차대차 - 추돌,안전거리미확보,건조,맑음,단일로 - 기타,승용,남,41-50세,상해없음,승용,남,65세 이상,상해없음
2.01805E+15,2018년 5월,토요일,서울특별시 광진구 구의동,경상사고,0,0,2,0,차대차 - 충돌,안전운전불이행,건조,맑음,교차로 - 교차로부근,승용,남,65세 이상,상해없음,승용,남,41-50세,경상
2018052700100001,2018년 5월,일요일,서울특별시 광진구 광장동,경상사고,0,0,2,0,차대차 - 추돌,안전운전불이행,건조,맑음,교차로 - 교차로부근,승용,남,31-40세,상해없음,승용,남,31-40세,경상
2018052800100534,2018년 5월,월요일,서울특별시 광진구 화양동,경상사고,0,0,1,0,차대차 - 추돌,안전운전불이행,건조,맑음,단일로 - 기타,승용,남,41-50세,상해없음,승용,남,41-50세,경상
2018052900100049,2018년 5월,화요일,서울특별시 광진구 구의동,경상사고,0,0,1,0,차대차 - 기타,교차로운행방법위반,건조,흐림,교차로 - 교차로안,승합,남,65세 이상,상해없음,자전거,남,13-20세,경상
2018052900100214,2018년 5월,화요일,서울특별시 광진구 자양동,경상사고,0,0,1,0,차대차 - 충돌,안전거리미확보,건조,맑음,단일로 - 기타,승용,남,31-40세,상해없음,승용,남,21-30세,경상
2018052900100339,2018년 5월,화요일,서울특별시 광진구 자양동,경상사고,0,0,1,0,차대사람 - 차도통행중,안전운전불이행,건조,맑음,단일로 - 기타,자전거,남,20세 이하,기타불명,보행자,여,51-60세,경상
2018052900100571,2018년 5월,화요일,서울특별시 광진구 자양동,중상사고,0,1,0,0,차대차 - 충돌,안전운전불이행,건조,맑음,단일로 - 기타,승용,남,31-40세,상해없음,자전거,남,31-40세,중상
2018053100100305,2018년 5월,목요일,서울특별시 광진구 중곡동,중상사고,0,1,0,0,차대차 - 충돌,신호위반,건조,맑음,교차로 - 교차로안,화물,남,61-64세,상해없음,이륜,남,21-30세,중상
2018053100100379,2018년 5월,목요일,서울특별시 광진구 군자동,경상사고,0,0,1,0,차대차 - 기타,안전거리미확보,건조,맑음,단일로 - 기타,이륜,남,65세 이상,경상,승용,남,31-40세,상해없음
2018053100100421,2018년 5월,목요일,서울특별시 광진구 중곡동,중상사고,0,2,0,0,차대차 - 충돌,안전운전불이행,건조,흐림,교차로 - 교차로안,승용,여,51-60세,상해없음,원동기,남,13-20세,중상
2018053100100517,2018년 5월,목요일,서울특별시 광진구 구의동,부상신고사고,0,0,0,1,차대차 - 추돌,안전운전불이행,건조,맑음,단일로 - 기타,이륜,남,21-30세,부상신고,승용,여,41-50세,상해없음
2018060100100293,2018년 6월,금요일,서울특별시 광진구 자양동,경상사고,0,0,1,0,차대차 - 기타,안전거리미확보,건조,맑음,단일로 - 교량,승용,남,31-40세,상해없음,승용,여,21-30세,경상
2018060100100589,2018년 6월,금요일,서울특별시 광진구 중곡동,중상사고,0,1,1,0,차대사람 - 횡단중,안전운전불이행,건조,맑음,교차로 - 교차로횡단보도내,원동기,남,21-30세,경상,보행자,남,51-60세,중상
2018060200100117,2018년 6월,토요일,서울특별시 광진구 광장동,중상사고,0,1,0,0,차대차 - 기타,신호위반,건조,맑음,단일로 - 기타,승용,여,51-60세,상해없음,원동기,남,51-60세,중상
2.01806E+15,2018년 6월,토요일,서울특별시 광진구 자양동,경상사고,0,0,1,0,차대차 - 추돌,안전운전불이행,건조,맑음,단일로 - 기타,승용,남,21-30세,상해없음,승용,남,41-50세,경상
2018060200100534,2018년 6월,토요일,서울특별시 광진구 중곡동,경상사고,0,0,1,0,차대사람 - 횡단중,안전운전불이행,건조,맑음,단일로 - 기타,승용,남,65세 이상,상해없음,보행자,여,65세 이상,경상
2018060200100578,2018년 6월,토요일,서울특별시 광진구 자양동,경상사고,0,0,1,0,차대차 - 기타,안전운전불이행,건조,맑음,단일로 - 기타,자전거,여,41-50세,상해없음,이륜,남,21-30세,경상
2018060200100604,2018년 6월,토요일,서울특별시 광진구 자양동,경상사고,0,0,1,0,차대사람 - 기타,안전운전불이행,건조,맑음,단일로 - 기타,승용,남,51-60세,상해없음,보행자,남,65세 이상,경상
2018060200100605,2018년 6월,토요일,서울특별시 광진구 광장동,중상사고,0,1,1,0,차대차 - 충돌,안전운전불이행,건조,맑음,단일로 - 기타,승용,남,41-50세,상해없음,승합,남,31-40세,중상
2.01806E+15,2018년 6월,일요일,서울특별시 광진구 구의동,중상사고,0,1,0,0,차량단독 - 기타,안전운전불이행,건조,맑음,교차로 - 교차로안,승용,남,51-60세,상해없음,,,,
2018060300100151,2018년 6월,일요일,서울특별시 광진구 구의동,경상사고,0,0,1,0,차대사람 - 기타,안전운전불이행,건조,맑음,단일로 - 기타,승용,여,21-30세,상해없음,보행자,남,12세 이하,경상
2018060300100175,2018년 6월,일요일,서울특별시 광진구 중곡동,경상사고,0,0,1,0,차대사람 - 기타,안전운전불이행,건조,맑음,단일로 - 기타,승용,남,51-60세,상해없음,보행자,남,31-40세,경상
2018060300100264,2018년 6월,일요일,서울특별시 광진구 구의동,경상사고,0,0,3,0,차대차 - 기타,안전거리미확보,건조,맑음,단일로 - 고가도로위,승용,여,31-40세,상해없음,승용,여,41-50세,경상
2018060300100486,2018년 6월,일요일,서울특별시 광진구 구의동,경상사고,0,0,2,0,차대차 - 충돌,신호위반,건조,맑음,교차로 - 교차로안,승용,여,51-60세,경상,이륜,여,21-30세,경상
2018060400100001,2018년 6월,월요일,서울특별시 광진구 군자동,중상사고,0,1,0,0,차량단독 - 전도전복,안전운전불이행,건조,맑음,단일로 - 기타,이륜,남,41-50세,중상,,,,
2.01806E+15,2018년 6월,월요일,서울특별시 광진구 자양동,부상신고사고,0,0,0,1,차대차 - 충돌,안전운전불이행,건조,맑음,교차로 - 교차로안,이륜,남,31-40세,부상신고,승용,여,31-40세,상해없음
2018060400100109,2018년 6월,월요일,서울특별시 광진구 중곡동,부상신고사고,0,0,0,1,차대차 - 충돌,교차로운행방법위반,건조,맑음,단일로 - 기타,자전거,남,20세 이하,부상신고,화물,남,51-60세,상해없음
2018060500100052,2018년 6월,화요일,서울특별시 광진구 중곡동,경상사고,0,0,1,0,차대차 - 기타,안전운전불이행,건조,맑음,단일로 - 기타,승용,남,41-50세,상해없음,승용,남,61-64세,경상
2018060500100148,2018년 6월,화요일,서울특별시 광진구 자양동,중상사고,0,1,0,0,차대차 - 충돌,안전거리미확보,건조,맑음,단일로 - 기타,승용,여,65세 이상,상해없음,승용,여,41-50세,중상
2018060500100192,2018년 6월,화요일,서울특별시 광진구 자양동,경상사고,0,0,1,0,차대차 - 추돌,안전운전불이행,건조,맑음,단일로 - 기타,승용,남,21-30세,상해없음,화물,남,51-60세,경상
2.01806E+15,2018년 6월,화요일,서울특별시 광진구 중곡동,경상사고,0,0,1,0,차대사람 - 기타,안전운전불이행,건조,맑음,교차로 - 교차로안,승용,남,51-60세,상해없음,보행자,여,51-60세,경상
2018060500100478,2018년 6월,화요일,서울특별시 광진구 구의동,경상사고,0,0,1,0,차대차 - 충돌,교차로운행방법위반,건조,맑음,교차로 - 교차로안,승용,남,65세 이상,상해없음,승용,여,21-30세,경상
2018060500100591,2018년 6월,화요일,서울특별시 광진구 군자동,경상사고,0,0,1,0,차대차 - 충돌,신호위반,건조,맑음,교차로 - 교차로안,승용,여,41-50세,상해없음,승용,남,61-64세,경상
2018060500100592,2018년 6월,화요일,서울특별시 광진구 광장동,경상사고,0,0,2,0,차대차 - 기타,안전운전불이행,건조,맑음,단일로 - 기타,승용,남,61-64세,상해없음,승용,남,41-50세,경상
2018060500100593,2018년 6월,화요일,서울특별시 광진구 자양동,경상사고,0,0,1,0,차대차 - 기타,기타,건조,맑음,단일로 - 기타,승용,여,51-60세,상해없음,원동기,남,21-30세,경상
2018060500100594,2018년 6월,화요일,서울특별시 광진구 중곡동,경상사고,0,0,1,0,차대차 - 충돌,안전운전불이행,건조,맑음,교차로 - 교차로안,자전거,여,41-50세,경상,승용,남,51-60세,상해없음
2018060600100001,2018년 6월,수요일,서울특별시 광진구 중곡동,중상사고,0,1,1,0,차대차 - 추돌,안전운전불이행,건조,맑음,단일로 - 기타,승용,남,65세 이상,상해없음,승용,남,51-60세,중상
2018060600100436,2018년 6월,수요일,서울특별시 광진구 화양동,경상사고,0,0,3,0,차대차 - 충돌,안전운전불이행,건조,맑음,교차로 - 교차로부근,이륜,남,21-30세,경상,승용,남,31-40세,경상
2018060600100517,2018년 6월,수요일,서울특별시 광진구 자양동,경상사고,0,0,1,0,차대차 - 기타,기타,건조,맑음,단일로 - 기타,승용,남,51-60세,상해없음,이륜,남,13-20세,경상
2018060700100317,2018년 6월,목요일,서울특별시 광진구 중곡동,경상사고,0,0,1,0,차대차 - 추돌,안전운전불이행,건조,맑음,교차로 - 교차로부근,승용,남,61-64세,상해없음,승용,남,31-40세,경상
2018060700100426,2018년 6월,목요일,서울특별시 광진구 자양동,경상사고,0,0,1,0,차대차 - 기타,안전거리미확보,건조,맑음,단일로 - 기타,승용,여,51-60세,상해없음,승용,남,65세 이상,경상
2018060800100107,2018년 6월,금요일,서울특별시 광진구 구의동,중상사고,0,1,0,0,차대차 - 충돌,안전운전불이행,건조,맑음,교차로 - 교차로안,승용,남,51-60세,상해없음,원동기,남,31-40세,중상
2018060800100108,2018년 6월,금요일,서울특별시 광진구 중곡동,경상사고,0,0,1,0,차대차 - 추돌,안전운전불이행,건조,맑음,교차로 - 교차로부근,승용,여,51-60세,상해없음,승합,남,41-50세,경상
2018060800100396,2018년 6월,금요일,서울특별시 광진구 중곡동,경상사고,0,0,1,0,차대차 - 충돌,신호위반,건조,맑음,교차로 - 교차로안,승용,남,51-60세,상해없음,이륜,남,21-30세,경상
2018060800100505,2018년 6월,금요일,서울특별시 광진구 자양동,경상사고,0,0,1,0,차대차 - 충돌,안전운전불이행,건조,맑음,교차로 - 교차로안,이륜,남,20세 이하,경상,승용,남,41-50세,상해없음
2018060900100095,2018년 6월,토요일,서울특별시 광진구 자양동,경상사고,0,0,1,0,차대차 - 기타,안전운전불이행,건조,맑음,단일로 - 기타,승용,남,51-60세,상해없음,승용,남,51-60세,경상
2018060900100342,2018년 6월,토요일,서울특별시 광진구 자양동,중상사고,0,1,0,0,차대차 - 충돌,안전거리미확보,건조,맑음,단일로 - 기타,승용,남,41-50세,상해없음,이륜,남,21-30세,중상
2018060900100403,2018년 6월,토요일,서울특별시 광진구 중곡동,경상사고,0,0,2,0,차대차 - 기타,안전운전불이행,건조,맑음,교차로 - 교차로안,승용,남,31-40세,경상,승합,남,51-60세,경상
2018060900100589,2018년 6월,토요일,서울특별시 광진구 화양동,경상사고,0,0,1,0,차대차 - 기타,안전거리미확보,건조,맑음,단일로 - 기타,승용,남,65세 이상,상해없음,이륜,남,21-30세,경상
2.01806E+15,2018년 6월,토요일,서울특별시 광진구 중곡동,부상신고사고,0,0,0,1,차대차 - 기타,안전거리미확보,젖음/습기,비,단일로 - 기타,원동기,남,31-40세,부상신고,기타불명,기타불명,기타불명,기타불명
2018061000100001,2018년 6월,일요일,서울특별시 광진구 자양동,경상사고,0,0,2,0,차대차 - 충돌,교차로운행방법위반,적설,비,교차로 - 교차로안,승용,남,65세 이상,상해없음,승용,남,51-60세,경상
2018061000100002,2018년 6월,일요일,서울특별시 광진구 화양동,중상사고,0,1,1,1,차대차 - 추돌,안전운전불이행,건조,맑음,단일로 - 기타,승용,남,21-30세,상해없음,승용,남,41-50세,중상
2018061000100028,2018년 6월,일요일,서울특별시 광진구 화양동,경상사고,0,0,1,0,차대사람 - 횡단중,보행자보호의무위반,젖음/습기,비,교차로 - 교차로횡단보도내,승용,남,65세 이상,상해없음,보행자,여,21-30세,경상
2018061000100185,2018년 6월,일요일,서울특별시 광진구 중곡동,중상사고,0,1,1,0,차대차 - 충돌,안전운전불이행,건조,맑음,단일로 - 기타,자전거,남,21-30세,경상,자전거,남,13-20세,중상
2018061000100264,2018년 6월,일요일,서울특별시 광진구 화양동,부상신고사고,0,0,0,1,차대사람 - 횡단중,안전운전불이행,건조,맑음,교차로 - 교차로부근,자전거,여,51-60세,부상신고,보행자,남,13-20세,상해없음
2.01806E+15,2018년 6월,일요일,서울특별시 광진구 자양동,경상사고,0,0,1,0,차대사람 - 횡단중,안전운전불이행,건조,맑음,단일로 - 기타,자전거,남,41-50세,상해없음,보행자,여,51-60세,경상
2.01806E+15,2018년 6월,월요일,서울특별시 광진구 자양동,중상사고,0,1,0,0,차대차 - 충돌,안전운전불이행,건조,맑음,단일로 - 기타,자전거,남,65세 이상,중상,승용,남,65세 이상,상해없음