사고번호,발생년월,요일,시군구,사고내용,사망자수,중상자수,경상자수,부상신고자수,사고유형,법규위반,노면상태,기상상태,도로형태,가해운전자 차종,가해운전자 성별,가해운전자 연령대,가해운전자 상해정도,피해운전자 차종,피해운전자 성별,피해운전자 연령대,피해운전자 상해정도
2018072200100268,2018년 7월,일요일,서울특별시 광진구 화양동,경상사고,0,0,1,0,차대차 - 충돌,안전운전불이행,건조,맑음,교차로 - 교차로안,승용,여,41-50세,상해없음,승용,남,21-30세,상해없음
2018072200100455,2018년 7월,일요일,서울특별시 광진구 중곡동,중상사고,0,1,0,2,차대차 - 추돌,안전운전불이행,건조,맑음,단일로 - 기타,승용,남,51-60세,상해없음,화물,남,41-50세,상해없음
2018072300100455,2018년 7월,월요일,서울특별시 광진구 자양동,경상사고,0,0,2,0,차대차 - 기타,신호위반,건조,맑음,교차로 - 교차로안,승용,여,51-60세,상해없음,승용,남,21-30세,상해없음
2018072300100542,2018년 7월,월요일,서울특별시 광진구 군자동,경상사고,0,0,1,0,차대차 - 충돌,안전운전불이행,건조,맑음,교차로 - 교차로부근,승용,남,21-30세,기타불명,승용,남,31-40세,경상
2018072300100596,2018년 7월,월요일,서울특별시 광진구 광장동,경상사고,0,0,3,0,차대차 - 추돌,과속,건조,맑음,단일로 - 기타,이륜,남,21-30세,상해없음,승용,남,31-40세,경상
2018072300100597,2018년 7월,월요일,서울특별시 광진구 구의동,경상사고,0,0,1,0,차대사람 - 기타,안전운전불이행,건조,맑음,교차로 - 교차로안,승용,여,20세 이하,상해없음,보행자,남,65세 이상,경상
2018072300100625,2018년 7월,월요일,서울특별시 광진구 자양동,중상사고,0,1,0,0,차대차 - 추돌,안전운전불이행,건조,맑음,단일로 - 기타,기타불명,기타불명,기타불명,기타불명,승용,남,51-60세,중상
2018072400100023,2018년 7월,화요일,서울특별시 광진구 화양동,경상사고,0,0,1,0,차대사람 - 횡단중,신호위반,건조,맑음,단일로 - 기타,승용,남,51-60세,상해없음,보행자,여,31-40세,경상
2.01807E+15,2018년 7월,화요일,서울특별시 광진구 자양동,중상사고,0,1,0,0,차대차 - 충돌,신호위반,건조,맑음,교차로 - 교차로안,승용,남,21-30세,상해없음,원동기,남,41-50세,중상
2018072400100576,2018년 7월,화요일,서울특별시 광진구 구의동,경상사고,0,0,1,0,차대차 - 충돌,안전거리미확보,건조,맑음,단일로 - 기타,승용,남,65세 이상,상해없음,승용,남,41-50세,경상
2018072400100658,2018년 7월,화요일,서울특별시 광진구 화양동,경상사고,0,0,1,0,차대사람 - 길가장자리구역통행중,안전운전불이행,건조,맑음,단일로 - 기타,화물,남,21-30세,기타불명,보행자,남,51-60세,경상
2018072500100497,2018년 7월,수요일,서울특별시 광진구 중곡동,경상사고,0,0,1,0,차대사람 - 보도통행중,안전운전불이행,건조,맑음,교차로 - 교차로부근,승용,남,61-64세,상해없음,보행자,여,61-64세,경상
2018072500100535,2018년 7월,수요일,서울특별시 광진구 중곡동,경상사고,0,0,1,0,차대차 - 충돌,안전운전불이행,건조,맑음,교차로 - 교차로안,이륜,남,31-40세,기타불명,승용,남,65세 이상,경상
2018072500100536,2018년 7월,수요일,서울특별시 광진구 자양동,경상사고,0,0,1,0,차대차 - 추돌,안전운전불이행,건조,맑음,단일로 - 기타,승용,남,51-60세,상해없음,승용,여,51-60세,경상
2018072600100016,2018년 7월,목요일,서울특별시 광진구 중곡동,경상사고,0,0,1,0,차대차 - 추돌,안전운전불이행,건조,맑음,단일로 - 기타,승용,남,21-30세,상해없음,승용,여,31-40세,경상
2018072600100337,2018년 7월,목요일,서울특별시 광진구 자양동,경상사고,0,0,1,0,차대차 - 충돌,안전거리미확보,건조,맑음,단일로 - 기타,승용,남,41-50세,상해없음,승용,남,31-40세,경상
2018072700100009,2018년 7월,금요일,서울특별시 광진구 화양동,경상사고,0,0,1,0,차대차 - 충돌,안전운전불이행,건조,맑음,단일로 - 기타,화물,남,51-60세,상해없음,이륜,남,41-50세,경상
2018072700100065,2018년 7월,금요일,서울특별시 광진구 구의동,부상신고사고,0,0,0,1,차대차 - 기타,차로위반,건조,맑음,단일로 - 기타,이륜,남,65세 이상,부상신고,화물,여,31-40세,상해없음
2018072700100364,2018년 7월,금요일,서울특별시 광진구 중곡동,중상사고,0,1,1,0,차대차 - 충돌,안전운전불이행,건조,맑음,단일로 - 기타,이륜,남,41-50세,중상,이륜,남,31-40세,경상
2018072700100404,2018년 7월,금요일,서울특별시 광진구 화양동,경상사고,0,0,1,0,차대차 - 충돌,안전운전불이행,건조,맑음,교차로 - 교차로안,승용,남,51-60세,상해없음,승용,남,21-30세,경상
2018072700100635,2018년 7월,금요일,서울특별시 광진구 화양동,경상사고,0,0,1,0,차대사람 - 기타,안전운전불이행,건조,맑음,단일로 - 기타,승용,남,21-30세,상해없음,보행자,남,21-30세,경상
2018072900100106,2018년 7월,일요일,서울특별시 광진구 광장동,경상사고,0,0,1,0,차대차 - 충돌,신호위반,건조,맑음,교차로 - 교차로부근,승용,남,61-64세,상해없음,이륜,남,41-50세,경상
2018072900100128,2018년 7월,일요일,서울특별시 광진구 구의동,경상사고,0,0,1,0,차대차 - 기타,중앙선침범,건조,맑음,단일로 - 기타,승용,남,41-50세,상해없음,승용,남,65세 이상,경상
2018072900100226,2018년 7월,일요일,서울특별시 광진구 구의동,경상사고,0,0,1,0,차량단독 - 기타,기타,건조,맑음,단일로 - 기타,승합,남,51-60세,상해없음,,,,
2018072900100285,2018년 7월,일요일,서울특별시 광진구 자양동,경상사고,0,0,2,0,차대차 - 충돌,직진우회전진행방해,건조,맑음,교차로 - 교차로안,승용,남,51-60세,상해없음,승용,여,21-30세,경상
2.01807E+15,2018년 7월,일요일,서울특별시 광진구 자양동,경상사고,0,0,3,0,차대차 - 추돌,안전운전불이행,건조,맑음,단일로 - 기타,승용,여,51-60세,상해없음,승용,남,31-40세,경상
2018072900100354,2018년 7월,일요일,서울특별시 광진구 자양동,경상사고,0,0,1,0,차대차 - 충돌,안전운전불이행,건조,맑음,단일로 - 기타,승용,남,21-30세,상해없음,자전거,여,41-50세,경상
2018073000100205,2018년 7월,월요일,서울특별시 광진구 자양동,경상사고,0,0,1,0,차대차 - 충돌,기타,건조,맑음,단일로 - 기타,승용,남,65세 이상,상해없음,원동기,남,41-50세,경상
2018073000100446,2018년 7월,월요일,서울특별시 광진구 자양동,경상사고,0,0,1,0,차대차 - 충돌,안전운전불이행,건조,맑음,교차로 - 교차로부근,승용,남,51-60세,상해없음,승용,여,51-60세,경상
2018073100100011,2018년 7월,화요일,서울특별시 광진구 구의동,중상사고,0,2,1,0,차대차 - 기타,신호위반,건조,맑음,교차로 - 교차로안,승용,남,21-30세,상해없음,승용,남,61-64세,중상
2018073100100407,2018년 7월,화요일,서울특별시 광진구 군자동,경상사고,0,0,2,0,차대차 - 충돌,직진우회전진행방해,건조,맑음,교차로 - 교차로안,화물,남,41-50세,상해없음,승용,남,65세 이상,경상
2018080100100064,2018년 8월,수요일,서울특별시 광진구 구의동,경상사고,0,0,1,0,차대차 - 충돌,안전운전불이행,건조,맑음,단일로 - 기타,자전거,여,51-60세,경상,화물,남,41-50세,상해없음
2018080100100115,2018년 8월,수요일,서울특별시 광진구 자양동,경상사고,0,0,1,0,차대차 - 추돌,안전거리미확보,건조,맑음,단일로 - 교량,승용,남,61-64세,상해없음,화물,남,51-60세,경상
2018080100100116,2018년 8월,수요일,서울특별시 광진구 광장동,경상사고,0,0,1,0,차대차 - 기타,안전거리미확보,건조,맑음,단일로 - 기타,승용,여,31-40세,상해없음,승합,남,61-64세,상해없음
2018080100100283,2018년 8월,수요일,서울특별시 광진구 구의동,경상사고,0,0,1,0,차대차 - 충돌,안전운전불이행,건조,맑음,교차로 - 교차로안,승용,남,31-40세,상해없음,화물,남,31-40세,상해없음
2018080100100624,2018년 8월,수요일,서울특별시 광진구 자양동,경상사고,0,0,2,0,차대차 - 충돌,교차로운행방법위반,건조,맑음,교차로 - 교차로안,화물,남,31-40세,상해없음,승용,남,31-40세,경상
2018080200100001,2018년 8월,목요일,서울특별시 광진구 광장동,중상사고,0,1,0,0,차대차 - 충돌,중앙선침범,건조,맑음,단일로 - 기타,승용,남,31-40세,상해없음,승용,남,51-60세,중상
2.01808E+15,2018년 8월,목요일,서울특별시 광진구 화양동,경상사고,0,0,1,0,차대사람 - 기타,안전운전불이행,건조,맑음,교차로 - 교차로안,승용,여,31-40세,상해없음,보행자,남,51-60세,경상
2018080200100592,2018년 8월,목요일,서울특별시 광진구 자양동,경상사고,0,0,1,0,차대차 - 기타,기타,건조,맑음,단일로 - 기타,승용,남,51-60세,상해없음,자전거,여,21-30세,경상
2018080200100615,2018년 8월,목요일,서울특별시 광진구 화양동,경상사고,0,0,1,0,차대사람 - 길가장자리구역통행중,안전운전불이행,건조,맑음,단일로 - 기타,승용,남,21-30세,상해없음,보행자,여,21-30세,경상
2018080300100156,2018년 8월,금요일,서울특별시 광진구 중곡동,경상사고,0,0,1,0,차대사람 - 길가장자리구역통행중,안전운전불이행,건조,맑음,단일로 - 기타,승용,남,65세 이상,상해없음,보행자,남,65세 이상,경상
2018080300100194,2018년 8월,금요일,서울특별시 광진구 군자동,중상사고,0,1,1,0,차대차 - 충돌,안전운전불이행,건조,맑음,교차로 - 교차로부근,승용,남,51-60세,상해없음,승합,남,41-50세,경상
2018080300100331,2018년 8월,금요일,서울특별시 광진구 광장동,부상신고사고,0,0,0,1,차량단독 - 충돌,안전운전불이행,건조,맑음,단일로 - 교량,승용,남,65세 이상,상해없음,,,,
2018080300100515,2018년 8월,금요일,서울특별시 광진구 자양동,경상사고,0,0,1,0,차대차 - 추돌,안전운전불이행,건조,맑음,단일로 - 기타,승용,남,21-30세,상해없음,이륜,남,21-30세,경상
2018080400100435,2018년 8월,토요일,서울특별시 광진구 자양동,경상사고,0,0,1,0,차대차 - 충돌,차로위반,건조,맑음,단일로 - 기타,승용,남,41-50세,상해없음,승용,남,61-64세,경상
2018080400100516,2018년 8월,토요일,서울특별시 광진구 화양동,경상사고,0,0,1,0,차대차 - 기타,기타,건조,맑음,단일로 - 기타,승용,남,61-64세,상해없음,이륜,남,13-20세,경상
2018080400100543,2018년 8월,토요일,서울특별시 광진구 화양동,경상사고,0,0,1,0,차대사람 - 길가장자리구역통행중,안전운전불이행,건조,맑음,단일로 - 기타,승용,여,21-30세,상해없음,보행자,남,31-40세,경상
2018080500100194,2018년 8월,일요일,서울특별시 광진구 중곡동,중상사고,0,1,0,0,차대차 - 충돌,안전운전불이행,건조,맑음,단일로 - 기타,승합,남,21-30세,상해없음,이륜,남,21-30세,중상
2018080600100056,2018년 8월,월요일,서울특별시 광진구 중곡동,경상사고,0,0,1,0,차대차 - 기타,교차로운행방법위반,젖음/습기,맑음,교차로 - 교차로안,자전거,남,31-40세,경상,화물,남,51-60세,상해없음
2018080600100423,2018년 8월,월요일,서울특별시 광진구 자양동,중상사고,0,1,0,0,차대사람 - 기타,안전운전불이행,건조,맑음,단일로 - 기타,승용,남,31-40세,상해없음,보행자,여,65세 이상,중상
2018080700100146,2018년 8월,화요일,서울특별시 광진구 자양동,경상사고,0,0,1,0,차대차 - 기타,안전운전불이행,건조,맑음,단일로 - 기타,승용,남,65세 이상,상해없음,승용,여,41-50세,경상
2018080700100481,2018년 8월,화요일,서울특별시 광진구 군자동,경상사고,0,0,1,0,차대차 - 추돌,안전운전불이행,건조,맑음,단일로 - 기타,승용,남,41-50세,상해없음,승용,남,41-50세,경상
2018080700100503,2018년 8월,화요일,서울특별시 광진구 군자동,중상사고,0,1,0,1,차대사람 - 횡단중,안전운전불이행,건조,맑음,단일로 - 기타,개인형이동수단(PM),남,31-40세,중상,보행자,여,65세 이상,부상신고
2018080700100557,2018년 8월,화요일,서울특별시 광진구 구의동,경상사고,0,0,1,0,차대차 - 기타,안전운전불이행,건조,맑음,단일로 - 기타,승용,남,21-30세,상해없음,승용,남,31-40세,경상
2018080800100034,2018년 8월,수요일,서울특별시 광진구 화양동,사망사고,1,0,0,0,차대사람 - 기타,안전운전불이행,건조,맑음,단일로 - 기타,승용,남,41-50세,상해없음,보행자,남,65세 이상,사망
2018080800100186,2018년 8월,수요일,서울특별시 광진구 자양동,경상사고,0,0,2,0,차대차 - 충돌,안전운전불이행,건조,맑음,단일로 - 기타,원동기,남,21-30세,경상,승용,여,61-64세,경상
2018080900100022,2018년 8월,목요일,서울특별시 광진구 중곡동,중상사고,0,1,0,0,차대사람 - 기타,안전운전불이행,건조,맑음,단일로 - 기타,승용,남,21-30세,상해없음,보행자,남,51-60세,중상
2018080900100373,2018년 8월,목요일,서울특별시 광진구 군자동,경상사고,0,0,1,0,차대차 - 충돌,안전운전불이행,젖음/습기,비,교차로 - 교차로안,이륜,남,31-40세,경상,화물,남,41-50세,상해없음
2018081000100138,2018년 8월,금요일,서울특별시 광진구 자양동,경상사고,0,0,1,0,차대차 - 충돌,직진우회전진행방해,건조,맑음,교차로 - 교차로안,승용,남,65세 이상,상해없음,승용,여,31-40세,상해없음
2018081000100139,2018년 8월,금요일,서울특별시 광진구 중곡동,경상사고,0,0,2,0,차대차 - 충돌,교차로운행방법위반,건조,맑음,단일로 - 기타,승용,남,41-50세,상해없음,승합,남,41-50세,경상
2018081000100414,2018년 8월,금요일,서울특별시 광진구 구의동,중상사고,0,1,0,0,차대차 - 충돌,직진우회전진행방해,건조,맑음,교차로 - 교차로부근,자전거,여,51-60세,중상,화물,남,31-40세,상해없음
2018081100100025,2018년 8월,토요일,서울특별시 광진구 자양동,부상신고사고,0,0,0,1,차대차 - 추돌,교차로운행방법위반,건조,맑음,교차로 - 교차로안,승용,여,41-50세,상해없음,승용,남,61-64세,부상신고
2018081100100222,2018년 8월,토요일,서울특별시 광진구 자양동,경상사고,0,0,1,1,차대차 - 추돌,안전거리미확보,건조,맑음,단일로 - 기타,승용,남,65세 이상,상해없음,화물,남,21-30세,경상
2018081100100525,2018년 8월,토요일,서울특별시 광진구 중곡동,중상사고,0,1,0,0,차대차 - 충돌,교차로운행방법위반,건조,맑음,교차로 - 교차로안,승용,남,41-50세,상해없음,이륜,남,21-30세,중상
2018081200100064,2018년 8월,일요일,서울특별시 광진구 중곡동,경상사고,0,0,1,0,차대차 - 충돌,안전운전불이행,건조,맑음,단일로 - 기타,이륜,남,41-50세,경상,승용,남,51-60세,상해없음
2018081300100019,2018년 8월,월요일,서울특별시 광진구 자양동,부상신고사고,0,0,0,1,차대차 - 충돌,안전운전불이행,젖음/습기,흐림,단일로 - 기타,이륜,남,31-40세,부상신고,기타불명,기타불명,기타불명,기타불명
2018081400100002,2018년 8월,화요일,서울특별시 광진구 군자동,경상사고,0,0,2,0,차대차 - 충돌,안전거리미확보,건조,맑음,단일로 - 기타,승용,남,61-64세,상해없음,이륜,남,13-20세,경상
2018081400100619,2018년 8월,화요일,서울특별시 광진구 자양동,중상사고,0,2,0,0,차대차 - 추돌,안전운전불이행,건조,맑음,단일로 - 기타,승용,남,51-60세,상해없음,승용,남,31-40세,중상
2018081500100332,2018년 8월,수요일,서울특별시 광진구 광장동,중상사고,0,1,1,0,차대차 - 충돌,안전거리미확보,건조,맑음,단일로 - 기타,승용,남,61-64세,상해없음,승용,여,41-50세,경상
2.01808E+15,2018년 8월,수요일,서울특별시 광진구 구의동,중상사고,0,1,1,1,차대차 - 기타,안전거리미확보,건조,맑음,단일로 - 기타,화물,여,51-60세,상해없음,승용,여,21-30세,경상
2018081500100448,2018년 8월,수요일,서울특별시 광진구 자양동,경상사고,0,0,1,0,차대차 - 충돌,직진우회전진행방해,건조,맑음,교차로 - 교차로안,승용,남,65세 이상,상해없음,이륜,남,31-40세,경상
2.01808E+15,2018년 8월,수요일,서울특별시 광진구 중곡동,중상사고,0,1,0,0,차대사람 - 차도통행중,안전운전불이행,건조,맑음,기타 - 기타,이륜,남,41-50세,상해없음,보행자,여,65세 이상,중상
2.01808E+15,2018년 8월,목요일,서울특별시 광진구 중곡동,경상사고,0,0,1,0,차대차 - 기타,교차로운행방법위반,건조,맑음,교차로 - 교차로안,승용,남,61-64세,상해없음,이륜,남,41-50세,경상
2018081600100489,2018년 8월,목요일,서울특별시 광진구 광장동,중상사고,0,1,0,0,차대차 - 기타,안전운전불이행,건조,맑음,단일로 - 기타,승용,남,65세 이상,상해없음,승용,남,51-60세,중상
2018081600100647,2018년 8월,목요일,서울특별시 광진구 광장동,부상신고사고,0,0,0,1,차대차 - 충돌,안전운전불이행,건조,맑음,단일로 - 기타,자전거,여,21-30세,부상신고,승합,남,41-50세,상해없음
2018081700100187,2018년 8월,금요일,서울특별시 광진구 화양동,중상사고,0,1,0,0,차대차 - 충돌,기타,건조,맑음,교차로 - 교차로부근,승용,남,41-50세,상해없음,이륜,남,21-30세,중상
2.01808E+15,2018년 8월,금요일,서울특별시 광진구 화양동,경상사고,0,0,1,0,차대차 - 추돌,안전운전불이행,건조,맑음,단일로 - 기타,승용,여,51-60세,상해없음,승용,남,31-40세,경상
2018081700100464,2018년 8월,금요일,서울특별시 광진구 군자동,경상사고,0,0,1,0,차대사람 - 기타,안전운전불이행,건조,맑음,단일로 - 기타,승용,여,31-40세,상해없음,보행자,남,31-40세,경상
2018081800100039,2018년 8월,토요일,서울특별시 광진구 중곡동,중상사고,0,1,0,0,차대차 - 추돌,안전운전불이행,건조,맑음,단일로 - 기타,승용,남,31-40세,상해없음,승용,남,41-50세,중상
2018081800100538,2018년 8월,토요일,서울특별시 광진구 광장동,중상사고,0,1,3,0,차대차 - 충돌,안전거리미확보,건조,맑음,단일로 - 기타,건설기계,남,51-60세,상해없음,승용,남,51-60세,중상
2018081900100019,2018년 8월,일요일,서울특별시 광진구 광장동,경상사고,0,0,1,0,차대사람 - 횡단중,안전운전불이행,건조,맑음,교차로 - 교차로안,승용,남,21-30세,상해없음,보행자,여,21-30세,경상
2018081900100076,2018년 8월,일요일,서울특별시 광진구 자양동,경상사고,0,0,1,0,차대차 - 충돌,안전운전불이행,건조,맑음,단일로 - 기타,건설기계,남,51-60세,상해없음,승용,남,41-50세,경상
2018081900100125,2018년 8월,일요일,서울특별시 광진구 중곡동,경상사고,0,0,1,0,차량단독 - 기타,기타,건조,맑음,교차로 - 교차로부근,승용,남,65세 이상,상해없음,,,,
2.01808E+15,2018년 8월,일요일,서울특별시 광진구 광장동,경상사고,0,0,1,0,차대차 - 충돌,교차로운행방법위반,건조,맑음,교차로 - 교차로안,승용,남,41-50세,상해없음,승용,남,65세 이상,경상
2018081900100278,2018년 8월,일요일,서울특별시 광진구 자양동,경상사고,0,0,1,0,차대차 - 충돌,직진우회전진행방해,건조,맑음,교차로 - 교차로안,이륜,남,31-40세,경상,승용,남,31-40세,상해없음
2018081900100401,2018년 8월,일요일,서울특별시 광진구 화양동,중상사고,0,1,1,0,차대차 - 기타,안전운전불이행,건조,맑음,교차로 - 교차로안,승용,남,61-64세,상해없음,승용,남,31-40세,중상
2.01808E+15,2018년 8월,월요일,서울특별시 광진구 화양동,중상사고,0,3,1,0,차대차 - 추돌,안전운전불이행,건조,맑음,교차로 - 교차로부근,승용,남,21-30세,상해없음,승용,남,61-64세,경상
2018082000100115,2018년 8월,월요일,서울특별시 광진구 중곡동,중상사고,0,1,0,0,차대사람 - 기타,안전운전불이행,건조,맑음,단일로 - 기타,승용,남,21-30세,상해없음,보행자,여,51-60세,중상
2.01808E+15,2018년 8월,월요일,서울특별시 광진구 화양동,중상사고,0,1,0,0,차대차 - 기타,기타,건조,맑음,단일로 - 기타,승용,남,61-64세,상해없음,이륜,남,31-40세,중상
2018082000100447,2018년 8월,월요일,서울특별시 광진구 중곡동,경상사고,0,0,1,0,차대차 - 충돌,안전운전불이행,건조,맑음,교차로 - 교차로안,승용,여,51-60세,상해없음,이륜,남,21-30세,경상
2018082000100593,2018년 8월,월요일,서울특별시 광진구 자양동,경상사고,0,0,1,0,차대차 - 기타,기타,건조,맑음,단일로 - 기타,승용,남,51-60세,상해없음,승용,남,65세 이상,경상
2018082100100019,2018년 8월,화요일,서울특별시 광진구 중곡동,부상신고사고,0,0,0,1,차대차 - 충돌,신호위반,건조,맑음,교차로 - 교차로안,이륜,남,51-60세,부상신고,승용,여,31-40세,상해없음
2018082100100029,2018년 8월,화요일,서울특별시 광진구 중곡동,경상사고,0,0,2,0,차대차 - 충돌,안전운전불이행,건조,맑음,교차로 - 교차로안,승용,남,65세 이상,상해없음,승용,남,61-64세,상해없음
2018082100100312,2018년 8월,화요일,서울특별시 광진구 자양동,중상사고,0,1,0,0,차대사람 - 길가장자리구역통행중,안전운전불이행,건조,맑음,단일로 - 기타,화물,남,41-50세,상해없음,보행자,여,61-64세,중상
2018082100100497,2018년 8월,화요일,서울특별시 광진구 군자동,중상사고,0,1,0,0,차대사람 - 횡단중,안전운전불이행,건조,맑음,단일로 - 기타,승용,남,61-64세,상해없음,보행자,여,65세 이상,중상
2018082200100001,2018년 8월,수요일,서울특별시 광진구 화양동,경상사고,0,0,1,0,차대차 - 기타,안전거리미확보,건조,기타,단일로 - 기타,승합,남,51-60세,경상,승용,남,21-30세,상해없음
2018082200100058,2018년 8월,수요일,서울특별시 광진구 군자동,경상사고,0,0,2,0,차대차 - 충돌,안전거리미확보,건조,맑음,단일로 - 기타,승용,남,21-30세,상해없음,승용,남,51-60세,상해없음
2018082200100522,2018년 8월,수요일,서울특별시 광진구 능동,중상사고,0,1,0,0,차대사람 - 기타,안전운전불이행,건조,맑음,기타 - 기타,승용,남,51-60세,상해없음,보행자,남,21-30세,중상
2018082300100485,2018년 8월,목요일,서울특별시 광진구 화양동,중상사고,0,1,0,0,차대사람 - 횡단중,신호위반,건조,맑음,단일로 - 기타,승용,남,31-40세,상해없음,보행자,여,21-30세,중상
2018082400100208,2018년 8월,금요일,서울특별시 광진구 화양동,경상사고,0,0,1,0,차대차 - 충돌,안전운전불이행,건조,맑음,단일로 - 기타,승용,남,51-60세,상해없음,승용,남,31-40세,경상
2018082500100035,2018년 8월,토요일,서울특별시 광진구 구의동,경상사고,0,0,1,0,차대차 - 충돌,신호위반,건조,맑음,단일로 - 기타,승용,여,31-40세,상해없음,자전거,여,41-50세,경상
2018082500100172,2018년 8월,토요일,서울특별시 광진구 구의동,경상사고,0,0,1,0,차대차 - 충돌,안전운전불이행,건조,맑음,단일로 - 기타,승용,남,65세 이상,상해없음,승용,여,41-50세,경상
2018082500100353,2018년 8월,토요일,서울특별시 광진구 구의동,부상신고사고,0,0,0,1,차대차 - 기타,교차로운행방법위반,건조,맑음,교차로 - 교차로안,이륜,남,20세 이하,부상신고,승용,여,41-50세,상해없음
2018082500100473,2018년 8월,토요일,서울특별시 광진구 구의동,부상신고사고,0,0,0,1,차대차 - 기타,안전운전불이행,건조,기타,교차로 - 교차로안,기타불명,기타불명,기타불명,기타불명,이륜,남,13-20세,부상신고
2018082600100001,2018년 8월,일요일,서울특별시 광진구 군자동,경상사고,0,0,2,0,차대차 - 충돌,직진우회전진행방해,건조,맑음,교차로 - 교차로안,승용,남,51-60세,상해없음,승용,남,41-50세,경상
2018082600100067,2018년 8월,일요일,서울특별시 광진구 자양동,중상사고,0,1,1,0,차대차 - 추돌,안전운전불이행,건조,맑음,단일로 - 기타,승용,남,51-60세,상해없음,승용,남,41-50세,중상
2018082600100212,2018년 8월,일요일,서울특별시 광진구 구의동,중상사고,0,1,4,0,차대차 - 충돌,안전거리미확보,건조,맑음,단일로 - 기타,승용,남,31-40세,경상,승용,남,21-30세,경상
2018082600100245,2018년 8월,일요일,서울특별시 광진구 화양동,경상사고,0,0,2,0,차대차 - 충돌,안전운전불이행,건조,맑음,단일로 - 기타,승용,남,65세 이상,상해없음,승용,남,31-40세,경상
2018082600100445,2018년 8월,일요일,서울특별시 광진구 자양동,경상사고,0,0,4,0,차대차 - 충돌,차로위반,젖음/습기,흐림,단일로 - 교량,승용,남,41-50세,상해없음,승용,여,41-50세,경상
2018082600100471,2018년 8월,일요일,서울특별시 광진구 구의동,경상사고,0,0,1,0,차대사람 - 차도통행중,안전운전불이행,젖음/습기,흐림,단일로 - 기타,승합,여,51-60세,상해없음,보행자,여,31-40세,경상
2018082600100494,2018년 8월,일요일,서울특별시 광진구 중곡동,경상사고,0,0,2,0,차대차 - 충돌,중앙선침범,젖음/습기,비,단일로 - 기타,승용,남,21-30세,상해없음,승용,남,51-60세,경상
2018082700100055,2018년 8월,월요일,서울특별시 광진구 자양동,경상사고,0,0,1,0,차대차 - 추돌,안전운전불이행,건조,맑음,교차로 - 교차로부근,승용,남,51-60세,상해없음,승용,남,31-40세,경상
2018082700100056,2018년 8월,월요일,서울특별시 광진구 자양동,중상사고,0,1,0,0,차대사람 - 횡단중,안전운전불이행,젖음/습기,비,단일로 - 기타,승용,남,51-60세,상해없음,보행자,여,51-60세,중상
2018082700100115,2018년 8월,월요일,서울특별시 광진구 자양동,경상사고,0,0,2,0,차대차 - 충돌,안전거리미확보,젖음/습기,비,단일로 - 기타,승용,여,31-40세,상해없음,승용,여,41-50세,경상
2018082700100164,2018년 8월,월요일,서울특별시 광진구 자양동,중상사고,0,1,1,0,차대차 - 기타,안전운전불이행,젖음/습기,비,단일로 - 기타,승합,남,51-60세,상해없음,승용,여,51-60세,상해없음
2018082700100165,2018년 8월,월요일,서울특별시 광진구 화양동,경상사고,0,0,1,0,차대차 - 기타,안전운전불이행,건조,맑음,단일로 - 기타,승합,남,65세 이상,상해없음,이륜,남,21-30세,경상
2018082700100203,2018년 8월,월요일,서울특별시 광진구 광장동,경상사고,0,0,1,0,차대차 - 추돌,안전거리미확보,젖음/습기,비,단일로 - 기타,승용,남,51-60세,상해없음,승용,여,31-40세,경상
2018082700100311,2018년 8월,월요일,서울특별시 광진구 구의동,경상사고,0,0,1,0,차대사람 - 기타,안전운전불이행,젖음/습기,비,단일로 - 기타,승용,여,21-30세,상해없음,보행자,여,51-60세,경상
2018082800100128,2018년 8월,화요일,서울특별시 광진구 화양동,경상사고,0,0,1,0,차대사람 - 횡단중,안전운전불이행,건조,맑음,단일로 - 기타,승용,남,61-64세,상해없음,보행자,여,21-30세,경상
2018082800100335,2018년 8월,화요일,서울특별시 광진구 중곡동,중상사고,0,1,0,0,차대사람 - 길가장자리구역통행중,안전운전불이행,젖음/습기,비,교차로 - 교차로안,승용,남,41-50세,상해없음,보행자,남,65세 이상,중상
2.01808E+15,2018년 8월,화요일,서울특별시 광진구 구의동,경상사고,0,0,1,0,차대차 - 충돌,안전거리미확보,젖음/습기,흐림,단일로 - 기타,승용,남,51-60세,상해없음,승용,남,61-64세,경상
2018082800100551,2018년 8월,화요일,서울특별시 광진구 능동,경상사고,0,0,2,0,차대차 - 추돌,차로위반,젖음/습기,비,단일로 - 기타,승용,남,65세 이상,상해없음,승용,남,31-40세,경상
2.01808E+15,2018년 8월,화요일,서울특별시 광진구 자양동,경상사고,0,0,1,0,차대차 - 추돌,안전운전불이행,젖음/습기,비,교차로 - 교차로안,승용,남,51-60세,상해없음,승용,남,51-60세,경상
2018082900100002,2018년 8월,수요일,서울특별시 광진구 능동,중상사고,0,1,0,0,차대사람 - 횡단중,안전운전불이행,젖음/습기,비,단일로 - 기타,승용,남,51-60세,상해없음,보행자,여,21-30세,중상
2018082900100222,2018년 8월,수요일,서울특별시 광진구 화양동,중상사고,0,1,0,0,차대사람 - 보도통행중,기타,젖음/습기,흐림,기타 - 기타,승용,여,41-50세,상해없음,보행자,여,65세 이상,중상
2018083000100097,2018년 8월,목요일,서울특별시 광진구 능동,경상사고,0,0,1,0,차대차 - 충돌,안전운전불이행,건조,맑음,단일로 - 기타,승용,남,31-40세,상해없음,자전거,남,21-30세,경상