사고번호,발생년월,요일,시군구,사고내용,사망자수,중상자수,경상자수,부상신고자수,사고유형,법규위반,노면상태,기상상태,도로형태,가해운전자 차종,가해운전자 성별,가해운전자 연령대,가해운전자 상해정도,피해운전자 차종,피해운전자 성별,피해운전자 연령대,피해운전자 상해정도
2018101300100103,2018년 10월,토요일,서울특별시 광진구 구의동,경상사고,0,0,1,0,차대차 - 추돌,안전운전불이행,건조,맑음,교차로 - 교차로부근,기타불명,기타불명,기타불명,기타불명,승용,남,65세 이상,상해없음
2018101300100292,2018년 10월,토요일,서울특별시 광진구 중곡동,부상신고사고,0,0,0,1,차대차 - 충돌,안전거리미확보,건조,맑음,단일로 - 기타,승용,여,31-40세,상해없음,승용,여,31-40세,부상신고
2018101300100431,2018년 10월,토요일,서울특별시 광진구 중곡동,경상사고,0,0,3,0,차대차 - 추돌,안전운전불이행,건조,맑음,교차로 - 교차로안,승용,남,51-60세,상해없음,승용,남,31-40세,상해없음
2018101400100029,2018년 10월,일요일,서울특별시 광진구 광장동,경상사고,0,0,1,0,차대차 - 추돌,안전운전불이행,건조,맑음,교차로 - 교차로부근,승용,남,31-40세,상해없음,승용,남,61-64세,경상
2018101400100402,2018년 10월,일요일,서울특별시 광진구 광장동,중상사고,0,1,1,0,차대사람 - 횡단중,안전운전불이행,건조,맑음,단일로 - 기타,승용,남,65세 이상,상해없음,보행자,남,51-60세,경상
2018101400100445,2018년 10월,일요일,서울특별시 광진구 화양동,중상사고,0,1,0,0,차대차 - 추돌,안전거리미확보,건조,맑음,단일로 - 기타,승용,남,65세 이상,상해없음,이륜,남,31-40세,중상
2018101400100469,2018년 10월,일요일,서울특별시 광진구 구의동,경상사고,0,0,1,0,차대차 - 충돌,기타,건조,맑음,교차로 - 교차로안,이륜,남,20세 이하,상해없음,화물,여,51-60세,상해없음
2.0181E+15,2018년 10월,월요일,서울특별시 광진구 구의동,중상사고,0,1,0,0,차대사람 - 기타,안전운전불이행,건조,맑음,단일로 - 기타,이륜,남,51-60세,상해없음,보행자,남,41-50세,중상
2018101500100511,2018년 10월,월요일,서울특별시 광진구 구의동,경상사고,0,0,2,0,차대차 - 기타,중앙선침범,건조,맑음,교차로 - 교차로부근,기타불명,기타불명,기타불명,기타불명,기타불명,기타불명,기타불명,기타불명
2018101600100339,2018년 10월,화요일,서울특별시 광진구 구의동,중상사고,0,1,0,0,차대차 - 충돌,안전운전불이행,건조,맑음,교차로 - 교차로안,승용,남,65세 이상,상해없음,원동기,여,51-60세,중상
2018101600100587,2018년 10월,화요일,서울특별시 광진구 구의동,경상사고,0,0,2,0,차대차 - 충돌,안전거리미확보,건조,맑음,단일로 - 기타,승용,여,51-60세,기타불명,승용,남,21-30세,경상
2.0181E+15,2018년 10월,수요일,서울특별시 광진구 화양동,경상사고,0,0,1,0,차대차 - 충돌,안전운전불이행,건조,맑음,단일로 - 기타,자전거,여,31-40세,경상,화물,남,51-60세,상해없음
2018101700100254,2018년 10월,수요일,서울특별시 광진구 중곡동,경상사고,0,0,1,0,차대사람 - 길가장자리구역통행중,안전운전불이행,건조,맑음,단일로 - 기타,기타불명,기타불명,기타불명,기타불명,보행자,여,61-64세,경상
2018101700100541,2018년 10월,수요일,서울특별시 광진구 자양동,경상사고,0,0,2,1,차대차 - 충돌,교차로운행방법위반,건조,맑음,교차로 - 교차로안,승용,남,41-50세,경상,승용,남,51-60세,부상신고
2018101800100583,2018년 10월,목요일,서울특별시 광진구 화양동,중상사고,0,1,0,0,차대차 - 충돌,중앙선침범,건조,맑음,단일로 - 기타,승용,남,41-50세,상해없음,이륜,남,31-40세,중상
2018101900100325,2018년 10월,금요일,서울특별시 광진구 구의동,경상사고,0,0,1,0,차대차 - 추돌,신호위반,건조,맑음,교차로 - 교차로안,승용,남,61-64세,상해없음,승용,남,31-40세,경상
2018101900100687,2018년 10월,금요일,서울특별시 광진구 자양동,경상사고,0,0,2,0,차대차 - 충돌,안전운전불이행,건조,맑음,교차로 - 교차로부근,화물,남,51-60세,상해없음,승용,남,41-50세,경상
2018101900100757,2018년 10월,금요일,서울특별시 광진구 광장동,경상사고,0,0,1,0,차대차 - 기타,차로위반,건조,맑음,교차로 - 교차로부근,원동기,남,41-50세,상해없음,승용,남,61-64세,경상
2018102000100323,2018년 10월,토요일,서울특별시 광진구 광장동,경상사고,0,0,3,0,차대차 - 충돌,안전운전불이행,건조,맑음,단일로 - 기타,승용,남,31-40세,경상,승용,남,21-30세,경상
2018102000100453,2018년 10월,토요일,서울특별시 광진구 군자동,경상사고,0,0,2,0,차대차 - 충돌,안전운전불이행,건조,맑음,교차로 - 교차로부근,이륜,남,31-40세,상해없음,승용,남,31-40세,경상
2018102000100506,2018년 10월,토요일,서울특별시 광진구 자양동,부상신고사고,0,0,0,4,차대차 - 추돌,안전거리미확보,건조,맑음,단일로 - 기타,승용,남,41-50세,상해없음,승용,남,31-40세,부상신고
2018102000100507,2018년 10월,토요일,서울특별시 광진구 화양동,경상사고,0,0,1,0,차대사람 - 길가장자리구역통행중,안전운전불이행,건조,맑음,교차로 - 교차로부근,승용,남,65세 이상,상해없음,보행자,여,31-40세,경상
2018102000100622,2018년 10월,토요일,서울특별시 광진구 자양동,경상사고,0,0,1,0,차대차 - 충돌,안전거리미확보,건조,맑음,단일로 - 교량,승용,남,31-40세,상해없음,승용,남,61-64세,경상
2.0181E+15,2018년 10월,토요일,서울특별시 광진구 화양동,경상사고,0,0,1,0,차대차 - 충돌,안전운전불이행,건조,맑음,단일로 - 기타,승용,남,21-30세,상해없음,이륜,남,21-30세,상해없음
2018102100100018,2018년 10월,일요일,서울특별시 광진구 화양동,중상사고,0,1,0,0,차대사람 - 기타,안전운전불이행,건조,맑음,단일로 - 기타,승용,남,20세 이하,상해없음,보행자,여,21-30세,중상
2018102100100075,2018년 10월,일요일,서울특별시 광진구 자양동,경상사고,0,0,1,0,차대사람 - 횡단중,보행자보호의무위반,건조,맑음,단일로 - 교량,승용,남,65세 이상,상해없음,보행자,남,51-60세,경상
2018102100100091,2018년 10월,일요일,서울특별시 광진구 화양동,경상사고,0,0,1,0,차대사람 - 기타,안전운전불이행,건조,맑음,단일로 - 기타,기타불명,기타불명,기타불명,기타불명,보행자,남,13-20세,경상
2018102100100129,2018년 10월,일요일,서울특별시 광진구 중곡동,경상사고,0,0,1,0,차대차 - 충돌,신호위반,건조,맑음,교차로 - 교차로안,승용,남,51-60세,상해없음,승용,남,51-60세,경상
2018102100100248,2018년 10월,일요일,서울특별시 광진구 화양동,경상사고,0,0,3,0,차대차 - 추돌,안전거리미확보,건조,맑음,교차로 - 교차로부근,승용,남,65세 이상,상해없음,승용,남,31-40세,경상
2018102100100355,2018년 10월,일요일,서울특별시 광진구 중곡동,경상사고,0,0,1,0,차대차 - 기타,안전거리미확보,건조,맑음,교차로 - 교차로안,승용,여,31-40세,상해없음,승용,여,51-60세,경상
2018102100100443,2018년 10월,일요일,서울특별시 광진구 화양동,경상사고,0,0,2,0,차대차 - 추돌,안전운전불이행,건조,맑음,교차로 - 교차로부근,화물,남,31-40세,상해없음,승용,남,51-60세,경상
2018102300100086,2018년 10월,화요일,서울특별시 광진구 자양동,경상사고,0,0,1,0,차량단독 - 기타,안전운전불이행,건조,맑음,단일로 - 기타,승합,남,65세 이상,상해없음,,,,
2018102300100348,2018년 10월,화요일,서울특별시 광진구 능동,경상사고,0,0,1,0,차대차 - 추돌,안전운전불이행,건조,맑음,단일로 - 기타,승용,남,65세 이상,상해없음,승용,남,51-60세,경상
2018102300100495,2018년 10월,화요일,서울특별시 광진구 자양동,경상사고,0,0,2,0,차대차 - 충돌,안전운전불이행,건조,맑음,교차로 - 교차로부근,승용,남,51-60세,상해없음,승용,여,41-50세,경상
2018102400100095,2018년 10월,수요일,서울특별시 광진구 구의동,경상사고,0,0,1,0,차대사람 - 횡단중,안전운전불이행,건조,맑음,단일로 - 기타,승용,남,31-40세,상해없음,보행자,여,13-20세,경상
2018102400100284,2018년 10월,수요일,서울특별시 광진구 중곡동,경상사고,0,0,1,0,차대차 - 충돌,중앙선침범,건조,맑음,교차로 - 교차로안,자전거,남,20세 이하,경상,승용,남,51-60세,상해없음
2018102500100372,2018년 10월,목요일,서울특별시 광진구 구의동,경상사고,0,0,1,0,차대차 - 기타,안전운전불이행,건조,맑음,교차로 - 교차로안,승용,남,65세 이상,상해없음,승용,남,31-40세,경상
2018102600100286,2018년 10월,금요일,서울특별시 광진구 군자동,중상사고,0,1,0,0,차대차 - 충돌,안전운전불이행,건조,맑음,교차로 - 교차로부근,승용,여,31-40세,상해없음,원동기,남,21-30세,중상
2018102600100442,2018년 10월,금요일,서울특별시 광진구 자양동,중상사고,0,1,0,0,차대차 - 충돌,기타,건조,맑음,단일로 - 기타,승용,남,61-64세,상해없음,자전거,남,31-40세,중상
2018102700100001,2018년 10월,토요일,서울특별시 광진구 구의동,중상사고,0,2,0,0,차대차 - 충돌,신호위반,건조,맑음,교차로 - 교차로안,승용,남,65세 이상,상해없음,승용,여,51-60세,중상
2018102700100055,2018년 10월,토요일,서울특별시 광진구 화양동,경상사고,0,0,1,0,차대차 - 추돌,안전거리미확보,건조,맑음,단일로 - 기타,승용,남,51-60세,상해없음,화물,남,61-64세,상해없음
2.0181E+15,2018년 10월,토요일,서울특별시 광진구 자양동,중상사고,0,2,0,0,차대차 - 추돌,안전운전불이행,건조,맑음,단일로 - 기타,승용,남,21-30세,상해없음,승용,여,41-50세,중상
2018102700100425,2018년 10월,토요일,서울특별시 광진구 자양동,경상사고,0,0,3,0,차대차 - 기타,안전운전불이행,건조,맑음,단일로 - 기타,승용,여,21-30세,상해없음,승용,남,41-50세,경상
2018102700100426,2018년 10월,토요일,서울특별시 광진구 광장동,경상사고,0,0,1,0,차대차 - 충돌,안전거리미확보,건조,맑음,기타 - 기타,승용,남,41-50세,상해없음,승용,남,41-50세,경상
2018102800100152,2018년 10월,일요일,서울특별시 광진구 자양동,경상사고,0,0,1,0,차대차 - 충돌,중앙선침범,젖음/습기,흐림,교차로 - 교차로안,자전거,남,65세 이상,경상,승용,남,41-50세,상해없음
2018102800100206,2018년 10월,일요일,서울특별시 광진구 자양동,경상사고,0,0,1,0,차대차 - 충돌,안전운전불이행,건조,맑음,교차로 - 교차로부근,자전거,여,31-40세,경상,승용,남,65세 이상,상해없음
2018102900100403,2018년 10월,월요일,서울특별시 광진구 중곡동,중상사고,0,1,0,0,차대사람 - 길가장자리구역통행중,안전운전불이행,건조,맑음,단일로 - 기타,자전거,남,20세 이하,상해없음,보행자,여,61-64세,중상
2.0181E+15,2018년 10월,월요일,서울특별시 광진구 구의동,중상사고,0,1,0,0,차대차 - 추돌,안전운전불이행,건조,맑음,단일로 - 기타,승용,남,51-60세,상해없음,승용,남,61-64세,중상
2018103000100603,2018년 10월,화요일,서울특별시 광진구 자양동,중상사고,0,1,1,0,차대차 - 추돌,안전거리미확보,건조,맑음,단일로 - 기타,승용,남,65세 이상,상해없음,승용,남,31-40세,중상
2018103100100073,2018년 10월,수요일,서울특별시 광진구 자양동,경상사고,0,0,1,2,차대차 - 기타,안전거리미확보,건조,맑음,단일로 - 기타,승용,남,31-40세,상해없음,승용,여,21-30세,경상
2018103100100212,2018년 10월,수요일,서울특별시 광진구 군자동,경상사고,0,0,1,0,차대차 - 충돌,직진우회전진행방해,건조,맑음,교차로 - 교차로안,승용,남,41-50세,상해없음,승용,여,41-50세,경상
2018103100100466,2018년 10월,수요일,서울특별시 광진구 화양동,중상사고,0,1,0,0,차대사람 - 길가장자리구역통행중,안전운전불이행,건조,맑음,단일로 - 기타,화물,남,51-60세,상해없음,보행자,여,21-30세,중상
2018103100100592,2018년 10월,수요일,서울특별시 광진구 구의동,경상사고,0,0,1,0,차대사람 - 차도통행중,안전운전불이행,건조,맑음,교차로 - 교차로안,승용,남,61-64세,상해없음,보행자,남,51-60세,경상
2.01811E+15,2018년 11월,목요일,서울특별시 광진구 중곡동,중상사고,0,1,0,0,차대차 - 추돌,안전운전불이행,건조,맑음,단일로 - 기타,승용,남,65세 이상,상해없음,승용,남,51-60세,상해없음
2018110100100283,2018년 11월,목요일,서울특별시 광진구 구의동,경상사고,0,0,2,0,차대차 - 추돌,안전운전불이행,건조,맑음,교차로 - 교차로부근,이륜,남,20세 이하,상해없음,이륜,남,31-40세,경상
2.01811E+15,2018년 11월,목요일,서울특별시 광진구 구의동,경상사고,0,0,1,0,차대차 - 충돌,중앙선침범,건조,맑음,단일로 - 기타,자전거,남,65세 이상,경상,승용,남,61-64세,상해없음
2018110100100401,2018년 11월,목요일,서울특별시 광진구 자양동,중상사고,0,1,0,0,차대사람 - 횡단중,안전운전불이행,건조,맑음,교차로 - 교차로부근,화물,남,41-50세,상해없음,보행자,여,65세 이상,중상
2018110100100444,2018년 11월,목요일,서울특별시 광진구 중곡동,경상사고,0,0,1,0,차대차 - 충돌,안전운전불이행,건조,맑음,단일로 - 기타,자전거,남,20세 이하,경상,화물,남,61-64세,상해없음
2018110100100489,2018년 11월,목요일,서울특별시 광진구 중곡동,경상사고,0,0,1,0,차대차 - 충돌,중앙선침범,건조,맑음,단일로 - 기타,승용,남,51-60세,상해없음,승용,남,21-30세,경상
2018110200100199,2018년 11월,금요일,서울특별시 광진구 화양동,경상사고,0,0,1,0,차대사람 - 횡단중,안전운전불이행,건조,맑음,단일로 - 기타,화물,남,31-40세,상해없음,보행자,여,21-30세,경상
2018110200100237,2018년 11월,금요일,서울특별시 광진구 화양동,부상신고사고,0,0,0,1,차대차 - 추돌,안전운전불이행,건조,맑음,교차로 - 교차로부근,화물,남,51-60세,상해없음,이륜,남,41-50세,부상신고
2018110200100369,2018년 11월,금요일,서울특별시 광진구 화양동,중상사고,0,1,0,0,차대차 - 충돌,차로위반,건조,맑음,교차로 - 교차로부근,승용,남,51-60세,상해없음,이륜,남,21-30세,중상
2018110200100406,2018년 11월,금요일,서울특별시 광진구 자양동,경상사고,0,0,2,0,차대차 - 추돌,차로위반,건조,맑음,단일로 - 기타,승용,남,61-64세,상해없음,화물,남,65세 이상,상해없음
2018110200100407,2018년 11월,금요일,서울특별시 광진구 군자동,경상사고,0,0,1,0,차대차 - 추돌,안전거리미확보,건조,맑음,단일로 - 기타,화물,남,65세 이상,상해없음,승용,남,21-30세,경상
2.01811E+15,2018년 11월,금요일,서울특별시 광진구 자양동,경상사고,0,0,1,0,차대차 - 충돌,교차로운행방법위반,건조,맑음,교차로 - 교차로부근,승합,남,41-50세,상해없음,승용,남,41-50세,경상
2018110200100659,2018년 11월,금요일,서울특별시 광진구 구의동,경상사고,0,0,2,0,차대차 - 충돌,안전운전불이행,건조,맑음,단일로 - 기타,승용,여,21-30세,상해없음,승용,남,61-64세,경상
2018110300100539,2018년 11월,토요일,서울특별시 광진구 자양동,경상사고,0,0,2,0,차대차 - 충돌,안전거리미확보,건조,맑음,단일로 - 기타,승용,여,31-40세,상해없음,승용,남,21-30세,경상
2018110400100014,2018년 11월,일요일,서울특별시 광진구 능동,경상사고,0,0,1,0,차대차 - 충돌,신호위반,건조,맑음,교차로 - 교차로안,이륜,남,21-30세,상해없음,이륜,남,41-50세,경상
2018110400100044,2018년 11월,일요일,서울특별시 광진구 능동,경상사고,0,0,1,0,차량단독 - 기타,안전운전불이행,건조,맑음,교차로 - 교차로부근,승용,남,51-60세,상해없음,,,,
2018110400100531,2018년 11월,일요일,서울특별시 광진구 화양동,경상사고,0,0,1,0,차대차 - 충돌,안전거리미확보,건조,맑음,단일로 - 기타,승용,남,61-64세,상해없음,이륜,남,21-30세,경상
2018110500100067,2018년 11월,월요일,서울특별시 광진구 구의동,부상신고사고,0,0,0,1,차대차 - 추돌,안전운전불이행,건조,맑음,단일로 - 기타,승용,남,21-30세,상해없음,화물,남,41-50세,부상신고
2018110500100176,2018년 11월,월요일,서울특별시 광진구 중곡동,경상사고,0,0,1,0,차대차 - 충돌,안전거리미확보,건조,맑음,단일로 - 기타,승용,남,31-40세,상해없음,이륜,남,31-40세,경상
2018110600100255,2018년 11월,화요일,서울특별시 광진구 구의동,중상사고,0,1,0,0,차대사람 - 차도통행중,보행자보호의무위반,건조,맑음,단일로 - 기타,승합,남,31-40세,상해없음,보행자,남,51-60세,중상
2018110600100256,2018년 11월,화요일,서울특별시 광진구 구의동,경상사고,0,0,1,0,차대사람 - 보도통행중,기타,건조,맑음,기타 - 기타,승용,남,31-40세,상해없음,보행자,남,65세 이상,경상
2018110600100539,2018년 11월,화요일,서울특별시 광진구 자양동,부상신고사고,0,0,0,1,차대차 - 충돌,안전운전불이행,건조,맑음,교차로 - 교차로부근,자전거,남,51-60세,부상신고,화물,남,41-50세,상해없음
2018110600100608,2018년 11월,화요일,서울특별시 광진구 광장동,중상사고,0,1,1,0,차대차 - 충돌,안전거리미확보,건조,흐림,단일로 - 기타,승용,남,41-50세,상해없음,승용,남,51-60세,중상
2.01811E+15,2018년 11월,수요일,서울특별시 광진구 화양동,부상신고사고,0,0,0,1,차대차 - 충돌,안전운전불이행,건조,맑음,교차로 - 교차로안,승용,남,21-30세,상해없음,승용,남,31-40세,부상신고
2018110700100245,2018년 11월,수요일,서울특별시 광진구 구의동,경상사고,0,0,1,0,차대차 - 충돌,신호위반,건조,맑음,교차로 - 교차로안,이륜,남,21-30세,경상,승용,남,65세 이상,상해없음
2018110700100337,2018년 11월,수요일,서울특별시 광진구 화양동,중상사고,0,1,0,0,차대차 - 충돌,안전거리미확보,건조,맑음,단일로 - 기타,승용,남,65세 이상,상해없음,승합,남,41-50세,중상
2018110800100073,2018년 11월,목요일,서울특별시 광진구 군자동,경상사고,0,0,2,0,차대차 - 추돌,안전운전불이행,젖음/습기,비,교차로 - 교차로부근,승용,남,65세 이상,상해없음,승용,남,51-60세,경상
2018110800100146,2018년 11월,목요일,서울특별시 광진구 자양동,경상사고,0,0,1,0,차대차 - 기타,안전운전불이행,젖음/습기,비,교차로 - 교차로안,승용,여,31-40세,상해없음,이륜,남,31-40세,경상
2018110800100675,2018년 11월,목요일,서울특별시 광진구 화양동,중상사고,0,1,0,0,차대사람 - 횡단중,안전운전불이행,젖음/습기,비,단일로 - 기타,이륜,남,41-50세,상해없음,보행자,여,41-50세,중상
2018110900100273,2018년 11월,금요일,서울특별시 광진구 광장동,중상사고,0,1,0,0,차대차 - 충돌,보행자보호의무위반,건조,맑음,교차로 - 교차로부근,승용,여,31-40세,상해없음,개인형이동수단(PM),남,51-60세,중상
2.01811E+15,2018년 11월,금요일,서울특별시 광진구 중곡동,중상사고,0,1,0,0,차대사람 - 횡단중,안전운전불이행,건조,맑음,교차로 - 교차로부근,승용,여,51-60세,상해없음,보행자,남,65세 이상,중상
2018110900100335,2018년 11월,금요일,서울특별시 광진구 광장동,경상사고,0,0,3,0,차대차 - 추돌,중앙선침범,건조,맑음,교차로 - 교차로안,승용,남,61-64세,상해없음,승용,남,61-64세,경상
2018110900100365,2018년 11월,금요일,서울특별시 광진구 자양동,부상신고사고,0,0,0,1,차대사람 - 기타,안전운전불이행,건조,맑음,단일로 - 기타,이륜,남,21-30세,부상신고,보행자,남,21-30세,상해없음
2018110900100694,2018년 11월,금요일,서울특별시 광진구 능동,경상사고,0,0,1,0,차대차 - 기타,안전거리미확보,건조,맑음,단일로 - 기타,이륜,남,21-30세,상해없음,승용,남,61-64세,경상
2018111000100022,2018년 11월,토요일,서울특별시 광진구 화양동,경상사고,0,0,1,0,차대사람 - 기타,안전운전불이행,건조,흐림,단일로 - 기타,기타불명,기타불명,기타불명,기타불명,보행자,남,21-30세,경상
2018111000100032,2018년 11월,토요일,서울특별시 광진구 자양동,중상사고,0,1,0,0,차대차 - 추돌,안전운전불이행,건조,맑음,단일로 - 기타,승용,남,31-40세,상해없음,승용,남,41-50세,중상
2018111000100151,2018년 11월,토요일,서울특별시 광진구 구의동,중상사고,0,1,1,0,차대차 - 충돌,교차로운행방법위반,건조,맑음,교차로 - 교차로안,화물,남,31-40세,상해없음,승용,여,41-50세,중상
2018111000100152,2018년 11월,토요일,서울특별시 광진구 자양동,경상사고,0,0,1,0,차대차 - 충돌,안전운전불이행,건조,맑음,단일로 - 기타,화물,남,41-50세,상해없음,승용,남,31-40세,경상
2018111000100246,2018년 11월,토요일,서울특별시 광진구 중곡동,중상사고,0,1,0,0,차대사람 - 횡단중,신호위반,건조,맑음,교차로 - 교차로횡단보도내,이륜,남,31-40세,상해없음,보행자,남,12세 이하,중상
2018111100100017,2018년 11월,일요일,서울특별시 광진구 자양동,경상사고,0,0,3,0,차대차 - 추돌,안전운전불이행,건조,맑음,교차로 - 교차로부근,승용,남,21-30세,상해없음,승용,남,31-40세,경상
2018111100100261,2018년 11월,일요일,서울특별시 광진구 자양동,중상사고,0,1,2,0,차대차 - 추돌,안전거리미확보,건조,맑음,단일로 - 기타,승용,남,65세 이상,상해없음,승용,남,31-40세,경상
2018111100100373,2018년 11월,일요일,서울특별시 광진구 자양동,중상사고,0,2,0,0,차대차 - 충돌,교차로운행방법위반,건조,맑음,교차로 - 교차로안,승용,남,51-60세,상해없음,승용,남,31-40세,중상
2018111200100325,2018년 11월,월요일,서울특별시 광진구 군자동,중상사고,0,1,0,0,차대사람 - 횡단중,신호위반,건조,맑음,단일로 - 기타,승용,여,21-30세,상해없음,보행자,여,13-20세,중상
2018111300100001,2018년 11월,화요일,서울특별시 광진구 구의동,경상사고,0,0,1,0,차대차 - 추돌,안전운전불이행,건조,맑음,단일로 - 기타,승용,남,65세 이상,상해없음,승용,남,65세 이상,경상
2018111300100277,2018년 11월,화요일,서울특별시 광진구 능동,경상사고,0,0,1,0,차대차 - 충돌,안전운전불이행,건조,맑음,단일로 - 기타,승용,여,65세 이상,상해없음,승용,남,65세 이상,상해없음
2018111300100278,2018년 11월,화요일,서울특별시 광진구 중곡동,중상사고,0,1,0,0,차대사람 - 횡단중,안전운전불이행,건조,맑음,단일로 - 기타,승합,남,51-60세,상해없음,보행자,여,65세 이상,중상
2018111300100507,2018년 11월,화요일,서울특별시 광진구 광장동,경상사고,0,0,1,0,차대사람 - 보도통행중,신호위반,건조,맑음,교차로 - 교차로횡단보도내,화물,남,51-60세,상해없음,보행자,여,12세 이하,경상
2018111300100599,2018년 11월,화요일,서울특별시 광진구 자양동,경상사고,0,0,1,0,차대차 - 기타,안전거리미확보,건조,맑음,단일로 - 기타,승용,여,31-40세,상해없음,이륜,남,31-40세,경상
2018111400100059,2018년 11월,수요일,서울특별시 광진구 자양동,경상사고,0,0,1,0,차대차 - 기타,안전운전불이행,건조,맑음,단일로 - 기타,자전거,남,20세 이하,경상,승용,남,65세 이상,상해없음
2018111400100213,2018년 11월,수요일,서울특별시 광진구 중곡동,중상사고,0,1,0,0,차대차 - 충돌,신호위반,건조,맑음,단일로 - 기타,이륜,남,41-50세,중상,화물,남,61-64세,상해없음
2018111400100254,2018년 11월,수요일,서울특별시 광진구 자양동,사망사고,1,0,0,0,차대차 - 충돌,안전운전불이행,건조,맑음,단일로 - 교량,자전거,남,65세 이상,사망,승용,여,41-50세,상해없음
2.01811E+15,2018년 11월,수요일,서울특별시 광진구 자양동,중상사고,0,1,0,0,차대차 - 충돌,안전운전불이행,건조,맑음,교차로 - 교차로안,자전거,여,61-64세,중상,승용,여,65세 이상,상해없음
2018111400100346,2018년 11월,수요일,서울특별시 광진구 자양동,경상사고,0,0,1,0,차대차 - 충돌,안전운전불이행,건조,맑음,단일로 - 기타,기타불명,기타불명,기타불명,기타불명,자전거,남,12세 이하,경상
2018111400100484,2018년 11월,수요일,서울특별시 광진구 구의동,경상사고,0,0,1,0,차대차 - 충돌,직진우회전진행방해,건조,맑음,교차로 - 교차로안,승용,여,31-40세,상해없음,이륜,남,13-20세,경상
2018111400100611,2018년 11월,수요일,서울특별시 광진구 자양동,경상사고,0,0,2,0,차대차 - 추돌,안전운전불이행,건조,맑음,단일로 - 기타,승용,남,51-60세,상해없음,승용,남,21-30세,경상
2018111500100101,2018년 11월,목요일,서울특별시 광진구 자양동,경상사고,0,0,1,0,차대차 - 충돌,안전거리미확보,건조,맑음,단일로 - 기타,승용,여,31-40세,상해없음,승용,남,31-40세,경상
2018111500100173,2018년 11월,목요일,서울특별시 광진구 자양동,중상사고,0,1,3,0,차대차 - 추돌,안전운전불이행,건조,맑음,단일로 - 교량,승용,남,61-64세,상해없음,승용,여,51-60세,경상
2018111500100259,2018년 11월,목요일,서울특별시 광진구 자양동,중상사고,0,2,0,0,차대차 - 충돌,안전운전불이행,건조,맑음,교차로 - 교차로안,승합,남,41-50세,상해없음,승용,여,51-60세,중상
2018111600100109,2018년 11월,금요일,서울특별시 광진구 구의동,경상사고,0,0,1,0,차대차 - 충돌,안전거리미확보,건조,맑음,단일로 - 기타,화물,남,31-40세,상해없음,승용,여,21-30세,경상
2.01811E+15,2018년 11월,금요일,서울특별시 광진구 군자동,중상사고,0,1,0,0,차대차 - 충돌,불법유턴,건조,맑음,교차로 - 교차로부근,이륜,여,51-60세,중상,승용,남,41-50세,상해없음
2018111600100652,2018년 11월,금요일,서울특별시 광진구 화양동,경상사고,0,0,1,0,차대사람 - 길가장자리구역통행중,안전운전불이행,건조,맑음,단일로 - 기타,승용,남,21-30세,상해없음,보행자,남,31-40세,경상
2018111700100039,2018년 11월,토요일,서울특별시 광진구 광장동,중상사고,0,1,1,0,차대차 - 충돌,안전운전불이행,건조,맑음,교차로 - 교차로부근,승용,남,31-40세,상해없음,승용,남,61-64세,중상
2018111700100091,2018년 11월,토요일,서울특별시 광진구 자양동,경상사고,0,0,4,0,차대차 - 기타,안전운전불이행,건조,맑음,단일로 - 기타,화물,남,41-50세,상해없음,승용,남,41-50세,경상
2018111700100579,2018년 11월,토요일,서울특별시 광진구 광장동,경상사고,0,0,1,0,차대차 - 충돌,안전거리미확보,건조,맑음,단일로 - 기타,승용,남,21-30세,상해없음,승용,남,51-60세,경상
2018111800100013,2018년 11월,일요일,서울특별시 광진구 구의동,경상사고,0,0,1,0,차대차 - 충돌,안전거리미확보,건조,맑음,단일로 - 기타,승용,남,61-64세,상해없음,승용,남,41-50세,경상
2.01811E+15,2018년 11월,일요일,서울특별시 광진구 중곡동,경상사고,0,0,1,0,차대차 - 충돌,기타,건조,맑음,교차로 - 교차로안,승용,여,41-50세,상해없음,이륜,남,31-40세,경상
2018111800100229,2018년 11월,일요일,서울특별시 광진구 중곡동,중상사고,0,1,0,0,차대차 - 기타,기타,건조,맑음,교차로 - 교차로횡단보도내,승용,남,65세 이상,상해없음,자전거,남,61-64세,중상
2018111800100376,2018년 11월,일요일,서울특별시 광진구 화양동,경상사고,0,0,1,0,차대사람 - 횡단중,안전운전불이행,건조,맑음,교차로 - 교차로부근,승용,남,21-30세,상해없음,보행자,여,21-30세,경상
2018111800100401,2018년 11월,일요일,서울특별시 광진구 광장동,경상사고,0,0,1,0,차대차 - 충돌,차로위반,건조,맑음,교차로 - 교차로부근,승용,남,31-40세,상해없음,승용,여,61-64세,경상
2018111900100018,2018년 11월,월요일,서울특별시 광진구 화양동,부상신고사고,0,0,0,1,차대사람 - 횡단중,안전운전불이행,건조,맑음,단일로 - 기타,화물,남,65세 이상,상해없음,보행자,남,51-60세,부상신고
2018111900100299,2018년 11월,월요일,서울특별시 광진구 구의동,경상사고,0,0,1,0,차대차 - 충돌,안전운전불이행,건조,맑음,교차로 - 교차로횡단보도내,승용,여,21-30세,상해없음,승용,남,31-40세,경상
2.01811E+15,2018년 11월,화요일,서울특별시 광진구 구의동,경상사고,0,0,1,0,차대차 - 추돌,안전운전불이행,건조,맑음,교차로 - 교차로안,승용,남,61-64세,상해없음,승용,남,61-64세,경상