사고번호,발생년월,요일,시군구,사고내용,사망자수,중상자수,경상자수,부상신고자수,사고유형,법규위반,노면상태,기상상태,도로형태,가해운전자 차종,가해운전자 성별,가해운전자 연령대,가해운전자 상해정도,피해운전자 차종,피해운전자 성별,피해운전자 연령대,피해운전자 상해정도
2019031300100551,2019년 3월,수요일,서울특별시 광진구 광장동,경상사고,0,0,1,0,차대차 - 충돌,안전거리미확보,건조,맑음,단일로 - 기타,승용,남,41-50세,상해없음,승용,여,61-64세,경상
2019031300100644,2019년 3월,수요일,서울특별시 광진구 구의동,중상사고,0,1,0,0,차대사람 - 횡단중,신호위반,건조,맑음,교차로 - 교차로횡단보도내,기타불명,기타불명,기타불명,기타불명,보행자,남,61-64세,중상
2019031400100489,2019년 3월,목요일,서울특별시 광진구 군자동,경상사고,0,0,1,0,차대차 - 충돌,교차로운행방법위반,건조,맑음,단일로 - 기타,화물,남,51-60세,상해없음,자전거,남,41-50세,경상
2019031500100277,2019년 3월,금요일,서울특별시 광진구 중곡동,경상사고,0,0,1,0,차량단독 - 전도전복,안전운전불이행,건조,맑음,단일로 - 기타,자전거,남,65세 이상,경상,,,,
2019031600100453,2019년 3월,토요일,서울특별시 광진구 광장동,중상사고,0,1,0,0,차대차 - 기타,안전운전불이행,건조,맑음,교차로 - 교차로안,원동기,남,61-64세,중상,승용,남,51-60세,기타불명
2019031700100164,2019년 3월,일요일,서울특별시 광진구 구의동,경상사고,0,0,2,0,차대차 - 충돌,안전운전불이행,건조,맑음,단일로 - 기타,승용,여,41-50세,상해없음,승용,남,65세 이상,상해없음
2019031700100224,2019년 3월,일요일,서울특별시 광진구 구의동,경상사고,0,0,1,0,차대사람 - 기타,기타,건조,맑음,단일로 - 교량,승합,남,51-60세,상해없음,보행자,남,65세 이상,경상
2019031700100361,2019년 3월,일요일,서울특별시 광진구 자양동,경상사고,0,0,1,0,차대사람 - 보도통행중,안전운전불이행,건조,맑음,단일로 - 기타,승용,남,31-40세,상해없음,보행자,여,65세 이상,경상
2019031700100442,2019년 3월,일요일,서울특별시 광진구 자양동,경상사고,0,0,1,0,차대차 - 충돌,차로위반,건조,맑음,기타 - 기타,승용,여,21-30세,상해없음,승용,남,21-30세,경상
2019031800100084,2019년 3월,월요일,서울특별시 광진구 광장동,경상사고,0,0,1,0,차대차 - 추돌,안전운전불이행,건조,맑음,단일로 - 기타,승용,남,51-60세,상해없음,승용,남,41-50세,경상
2019031800100298,2019년 3월,월요일,서울특별시 광진구 중곡동,중상사고,0,1,0,0,차대차 - 충돌,기타,건조,맑음,단일로 - 기타,화물,남,31-40세,상해없음,이륜,남,31-40세,중상
2019031900100346,2019년 3월,화요일,서울특별시 광진구 광장동,중상사고,0,1,0,0,차대차 - 충돌,차로위반,건조,맑음,단일로 - 기타,승용,남,41-50세,상해없음,승용,남,51-60세,중상
2019032000100128,2019년 3월,수요일,서울특별시 광진구 광장동,경상사고,0,0,2,0,차대차 - 충돌,안전운전불이행,건조,맑음,기타 - 기타,승용,남,65세 이상,상해없음,승용,여,41-50세,경상
2019032000100306,2019년 3월,수요일,서울특별시 광진구 광장동,경상사고,0,0,1,0,차대차 - 충돌,안전운전불이행,건조,맑음,단일로 - 기타,승용,남,51-60세,상해없음,승용,남,41-50세,경상
2019032000100379,2019년 3월,수요일,서울특별시 광진구 구의동,중상사고,0,1,0,0,차대사람 - 횡단중,보행자보호의무위반,젖음/습기,비,교차로 - 교차로부근,화물,남,61-64세,상해없음,보행자,여,41-50세,중상
2019032100100017,2019년 3월,목요일,서울특별시 광진구 중곡동,경상사고,0,0,1,0,차대차 - 충돌,안전거리미확보,젖음/습기,비,단일로 - 기타,승용,남,51-60세,상해없음,승용,남,51-60세,경상
2019032100100321,2019년 3월,목요일,서울특별시 광진구 자양동,경상사고,0,0,1,0,차대사람 - 길가장자리구역통행중,안전운전불이행,건조,맑음,단일로 - 기타,승용,여,51-60세,상해없음,보행자,남,51-60세,경상
2019032100100384,2019년 3월,목요일,서울특별시 광진구 자양동,경상사고,0,0,1,0,차대사람 - 횡단중,안전운전불이행,건조,맑음,단일로 - 기타,승용,남,21-30세,상해없음,보행자,여,12세 이하,경상
2019032100100499,2019년 3월,목요일,서울특별시 광진구 자양동,중상사고,0,1,0,0,차대사람 - 기타,안전운전불이행,건조,맑음,단일로 - 기타,승용,여,21-30세,기타불명,보행자,여,51-60세,중상
2019032200100178,2019년 3월,금요일,서울특별시 광진구 화양동,경상사고,0,0,1,0,차대차 - 추돌,교차로운행방법위반,건조,맑음,교차로 - 교차로안,승용,남,51-60세,상해없음,승용,남,21-30세,경상
2019032200100201,2019년 3월,금요일,서울특별시 광진구 중곡동,경상사고,0,0,1,0,차대차 - 추돌,안전운전불이행,건조,맑음,교차로 - 교차로안,승용,여,61-64세,상해없음,화물,남,65세 이상,경상
2.01903E+15,2019년 3월,토요일,서울특별시 광진구 중곡동,중상사고,0,1,0,0,차대사람 - 횡단중,안전운전불이행,건조,맑음,단일로 - 기타,승용,남,61-64세,상해없음,보행자,여,51-60세,중상
2019032300100074,2019년 3월,토요일,서울특별시 광진구 능동,경상사고,0,0,1,0,차대차 - 충돌,안전운전불이행,건조,맑음,단일로 - 기타,승용,남,41-50세,상해없음,승용,남,21-30세,경상
2019032300100197,2019년 3월,토요일,서울특별시 광진구 광장동,중상사고,0,1,0,0,차대차 - 추돌,안전거리미확보,건조,맑음,단일로 - 기타,승용,여,31-40세,상해없음,승용,남,31-40세,중상
2019032300100394,2019년 3월,토요일,서울특별시 광진구 자양동,경상사고,0,0,1,0,차대차 - 충돌,안전운전불이행,건조,맑음,단일로 - 기타,승용,여,31-40세,상해없음,승용,남,21-30세,경상
2019032300100535,2019년 3월,토요일,서울특별시 광진구 구의동,경상사고,0,0,1,0,차대사람 - 기타,안전운전불이행,건조,맑음,단일로 - 기타,자전거,남,65세 이상,상해없음,보행자,여,51-60세,경상
2019032300100536,2019년 3월,토요일,서울특별시 광진구 화양동,중상사고,0,1,0,0,차대사람 - 횡단중,안전운전불이행,건조,맑음,교차로 - 교차로안,승용,남,31-40세,상해없음,보행자,여,41-50세,중상
2019032300100611,2019년 3월,토요일,서울특별시 광진구 구의동,경상사고,0,0,1,0,차량단독 - 기타,안전운전불이행,건조,맑음,교차로 - 교차로부근,승용,남,51-60세,상해없음,,,,
2019032400100056,2019년 3월,일요일,서울특별시 광진구 화양동,경상사고,0,0,1,0,차대사람 - 차도통행중,안전운전불이행,건조,맑음,단일로 - 기타,특수,남,41-50세,상해없음,보행자,여,13-20세,경상
2.01903E+15,2019년 3월,일요일,서울특별시 광진구 중곡동,경상사고,0,0,1,0,차대차 - 충돌,신호위반,건조,맑음,단일로 - 기타,승용,남,41-50세,상해없음,원동기,남,51-60세,경상
2019032400100475,2019년 3월,일요일,서울특별시 광진구 중곡동,경상사고,0,0,1,0,차대차 - 충돌,안전운전불이행,건조,맑음,교차로 - 교차로부근,승용,남,51-60세,상해없음,승용,남,31-40세,경상
2019032500100394,2019년 3월,월요일,서울특별시 광진구 자양동,중상사고,0,1,3,0,차대차 - 충돌,교차로운행방법위반,건조,맑음,교차로 - 교차로안,승용,여,31-40세,상해없음,승합,남,31-40세,중상
2019032500100476,2019년 3월,월요일,서울특별시 광진구 화양동,경상사고,0,0,1,0,차대사람 - 기타,안전운전불이행,건조,맑음,단일로 - 기타,승용,남,21-30세,상해없음,보행자,남,21-30세,경상
2019032600100375,2019년 3월,화요일,서울특별시 광진구 군자동,경상사고,0,0,2,0,차대차 - 추돌,안전운전불이행,건조,맑음,단일로 - 기타,승용,남,65세 이상,상해없음,승용,여,61-64세,경상
2019032600100416,2019년 3월,화요일,서울특별시 광진구 자양동,경상사고,0,0,1,0,차대차 - 충돌,차로위반,건조,맑음,단일로 - 기타,승합,남,31-40세,상해없음,승용,남,21-30세,경상
2019032700100018,2019년 3월,수요일,서울특별시 광진구 자양동,경상사고,0,0,1,0,차대차 - 충돌,안전운전불이행,건조,맑음,교차로 - 교차로안,승용,남,51-60세,상해없음,승용,남,41-50세,경상
2.01903E+15,2019년 3월,수요일,서울특별시 광진구 구의동,경상사고,0,0,1,0,차대차 - 추돌,교차로운행방법위반,건조,맑음,교차로 - 교차로부근,화물,남,65세 이상,상해없음,승용,남,21-30세,경상
2.01903E+15,2019년 3월,목요일,서울특별시 광진구 중곡동,중상사고,0,1,0,0,차대차 - 충돌,안전운전불이행,건조,맑음,단일로 - 기타,승용,남,65세 이상,상해없음,이륜,남,65세 이상,중상
2.01903E+15,2019년 3월,목요일,서울특별시 광진구 중곡동,경상사고,0,0,1,0,차대사람 - 기타,기타,건조,맑음,교차로 - 교차로안,승용,남,51-60세,상해없음,보행자,남,12세 이하,경상
2019032800100422,2019년 3월,목요일,서울특별시 광진구 화양동,경상사고,0,0,1,0,차대차 - 기타,안전운전불이행,건조,맑음,단일로 - 기타,승용,여,31-40세,상해없음,승합,남,41-50세,상해없음
2019032900100181,2019년 3월,금요일,서울특별시 광진구 구의동,경상사고,0,0,1,0,차대차 - 충돌,신호위반,건조,맑음,교차로 - 교차로횡단보도내,승용,남,41-50세,상해없음,이륜,남,21-30세,경상
2019033000100047,2019년 3월,토요일,서울특별시 광진구 화양동,경상사고,0,0,1,0,차대차 - 충돌,안전운전불이행,젖음/습기,비,단일로 - 기타,승용,남,51-60세,기타불명,이륜,남,21-30세,경상
2019033000100048,2019년 3월,토요일,서울특별시 광진구 군자동,경상사고,0,0,1,0,차대차 - 추돌,안전운전불이행,젖음/습기,비,단일로 - 기타,승용,남,41-50세,기타불명,승용,남,51-60세,경상
2019033000100049,2019년 3월,토요일,서울특별시 광진구 광장동,경상사고,0,0,1,0,차대사람 - 차도통행중,안전운전불이행,건조,맑음,단일로 - 기타,승용,남,61-64세,상해없음,보행자,남,41-50세,경상
2019033000100391,2019년 3월,토요일,서울특별시 광진구 자양동,부상신고사고,0,0,0,1,차대차 - 추돌,안전운전불이행,건조,맑음,단일로 - 기타,승용,남,65세 이상,상해없음,이륜,남,41-50세,부상신고
2.01903E+15,2019년 3월,토요일,서울특별시 광진구 중곡동,중상사고,0,1,0,0,차대사람 - 횡단중,안전운전불이행,젖음/습기,비,단일로 - 기타,승용,남,65세 이상,상해없음,보행자,남,41-50세,중상
2019033100100138,2019년 3월,일요일,서울특별시 광진구 자양동,경상사고,0,0,1,0,차대사람 - 길가장자리구역통행중,신호위반,건조,맑음,단일로 - 기타,이륜,남,21-30세,상해없음,보행자,여,12세 이하,경상
2019033100100346,2019년 3월,일요일,서울특별시 광진구 화양동,경상사고,0,0,1,0,차대사람 - 기타,안전운전불이행,건조,맑음,단일로 - 기타,승용,남,21-30세,상해없음,보행자,남,31-40세,경상
2019040200100352,2019년 4월,화요일,서울특별시 광진구 화양동,경상사고,0,0,1,0,차대사람 - 길가장자리구역통행중,안전운전불이행,건조,맑음,단일로 - 기타,승용,여,51-60세,상해없음,보행자,여,21-30세,경상
2019040200100505,2019년 4월,화요일,서울특별시 광진구 화양동,중상사고,0,1,0,0,차대차 - 충돌,신호위반,건조,맑음,교차로 - 교차로안,화물,여,31-40세,상해없음,이륜,남,21-30세,중상
2019040200100506,2019년 4월,화요일,서울특별시 광진구 군자동,경상사고,0,0,1,0,차대차 - 기타,기타,건조,맑음,단일로 - 기타,승용,남,65세 이상,상해없음,이륜,남,41-50세,경상
2019040200100507,2019년 4월,화요일,서울특별시 광진구 능동,경상사고,0,0,1,0,차대차 - 충돌,안전운전불이행,건조,맑음,기타 - 기타,자전거,남,21-30세,경상,승용,남,31-40세,상해없음
2019040300100171,2019년 4월,수요일,서울특별시 광진구 중곡동,중상사고,0,2,0,0,차대차 - 기타,안전운전불이행,건조,맑음,교차로 - 교차로안,승합,남,51-60세,상해없음,이륜,남,21-30세,중상
2019040300100172,2019년 4월,수요일,서울특별시 광진구 광장동,경상사고,0,0,1,0,차대차 - 추돌,안전운전불이행,건조,맑음,단일로 - 기타,화물,남,61-64세,상해없음,승용,남,41-50세,경상
2019040300100306,2019년 4월,수요일,서울특별시 광진구 화양동,경상사고,0,0,1,0,차대차 - 추돌,안전운전불이행,건조,맑음,단일로 - 기타,승용,남,41-50세,상해없음,승용,남,65세 이상,상해없음
2019040400100043,2019년 4월,목요일,서울특별시 광진구 중곡동,경상사고,0,0,2,0,차대차 - 충돌,교차로운행방법위반,건조,맑음,교차로 - 교차로안,이륜,남,21-30세,경상,이륜,남,51-60세,경상
2019040400100126,2019년 4월,목요일,서울특별시 광진구 구의동,경상사고,0,0,1,0,차대차 - 추돌,안전운전불이행,건조,맑음,단일로 - 기타,승용,남,41-50세,상해없음,승용,남,41-50세,경상
2019040400100178,2019년 4월,목요일,서울특별시 광진구 자양동,중상사고,0,1,0,0,차량단독 - 기타,기타,건조,맑음,기타 - 기타,승합,남,65세 이상,상해없음,,,,
2019040400100564,2019년 4월,목요일,서울특별시 광진구 중곡동,경상사고,0,0,1,0,차대차 - 기타,중앙선침범,건조,맑음,단일로 - 기타,승용,남,61-64세,상해없음,승용,남,41-50세,경상
2019040400100607,2019년 4월,목요일,서울특별시 광진구 화양동,경상사고,0,0,1,0,차대사람 - 횡단중,신호위반,건조,맑음,교차로 - 교차로부근,승용,여,41-50세,상해없음,보행자,여,21-30세,경상
2019040400100628,2019년 4월,목요일,서울특별시 광진구 자양동,경상사고,0,0,1,0,차대차 - 기타,교차로운행방법위반,건조,맑음,교차로 - 교차로부근,승용,남,51-60세,상해없음,승용,여,51-60세,경상
2019040500100096,2019년 4월,금요일,서울특별시 광진구 자양동,중상사고,0,1,0,0,차대차 - 충돌,차로위반,건조,맑음,단일로 - 기타,승용,남,41-50세,상해없음,이륜,남,21-30세,중상
2019040500100664,2019년 4월,금요일,서울특별시 광진구 구의동,경상사고,0,0,1,0,차대차 - 기타,안전거리미확보,기타,맑음,교차로 - 교차로부근,승용,남,51-60세,상해없음,승용,남,31-40세,경상
2019040500100665,2019년 4월,금요일,서울특별시 광진구 중곡동,중상사고,0,1,0,0,차대차 - 충돌,중앙선침범,건조,맑음,교차로 - 교차로부근,자전거,남,21-30세,상해없음,자전거,남,21-30세,중상
2019040600100484,2019년 4월,토요일,서울특별시 광진구 구의동,중상사고,0,2,0,0,차량단독 - 충돌,안전운전불이행,건조,맑음,단일로 - 기타,승용,남,65세 이상,상해없음,,,,
2019040600100554,2019년 4월,토요일,서울특별시 광진구 화양동,경상사고,0,0,1,0,차대사람 - 기타,안전운전불이행,건조,맑음,교차로 - 교차로안,승용,남,65세 이상,상해없음,보행자,여,21-30세,경상
2019040700100044,2019년 4월,일요일,서울특별시 광진구 군자동,경상사고,0,0,2,0,차대차 - 추돌,안전거리미확보,건조,맑음,교차로 - 교차로안,승용,남,65세 이상,상해없음,승용,남,61-64세,경상
2019040700100194,2019년 4월,일요일,서울특별시 광진구 화양동,경상사고,0,0,1,0,차대사람 - 차도통행중,안전운전불이행,건조,맑음,교차로 - 교차로안,승용,남,41-50세,상해없음,보행자,남,21-30세,경상
2019040800100529,2019년 4월,월요일,서울특별시 광진구 자양동,경상사고,0,0,1,0,차대사람 - 기타,안전운전불이행,건조,맑음,단일로 - 기타,승용,남,61-64세,상해없음,보행자,남,31-40세,경상
2019040800100618,2019년 4월,월요일,서울특별시 광진구 화양동,경상사고,0,0,1,0,차대차 - 추돌,안전운전불이행,건조,맑음,단일로 - 기타,승용,남,21-30세,상해없음,이륜,남,13-20세,경상
2019040900100059,2019년 4월,화요일,서울특별시 광진구 중곡동,부상신고사고,0,0,0,1,차량단독 - 전도전복,안전운전불이행,건조,맑음,단일로 - 기타,이륜,남,21-30세,부상신고,,,,
2019040900100078,2019년 4월,화요일,서울특별시 광진구 자양동,경상사고,0,0,1,0,차대차 - 충돌,안전거리미확보,건조,맑음,단일로 - 교량,승용,남,65세 이상,상해없음,승용,남,31-40세,상해없음
2019040900100379,2019년 4월,화요일,서울특별시 광진구 군자동,경상사고,0,0,1,0,차대차 - 충돌,안전거리미확보,젖음/습기,비,단일로 - 기타,승용,남,21-30세,경상,승용,남,51-60세,상해없음
2.01904E+15,2019년 4월,화요일,서울특별시 광진구 구의동,경상사고,0,0,1,0,차대사람 - 길가장자리구역통행중,안전운전불이행,젖음/습기,비,단일로 - 기타,승용,여,41-50세,상해없음,보행자,남,21-30세,경상
2019041000100033,2019년 4월,수요일,서울특별시 광진구 중곡동,경상사고,0,0,1,0,차대차 - 충돌,신호위반,젖음/습기,비,교차로 - 교차로안,승용,남,41-50세,상해없음,승용,남,51-60세,경상
2019041000100133,2019년 4월,수요일,서울특별시 광진구 군자동,경상사고,0,0,1,0,차대사람 - 길가장자리구역통행중,안전운전불이행,건조,맑음,단일로 - 기타,승용,여,65세 이상,상해없음,보행자,여,21-30세,경상
2019041000100299,2019년 4월,수요일,서울특별시 광진구 광장동,경상사고,0,0,1,0,차대차 - 충돌,안전운전불이행,건조,맑음,단일로 - 기타,승용,남,31-40세,상해없음,승용,여,51-60세,경상
2019041000100327,2019년 4월,수요일,서울특별시 광진구 구의동,경상사고,0,0,1,0,차대차 - 충돌,안전운전불이행,건조,맑음,단일로 - 기타,승용,남,65세 이상,상해없음,승용,여,51-60세,경상
2019041000100506,2019년 4월,수요일,서울특별시 광진구 군자동,경상사고,0,0,1,0,차대차 - 추돌,안전거리미확보,건조,맑음,단일로 - 기타,기타불명,기타불명,기타불명,기타불명,이륜,남,31-40세,경상
2019041100100033,2019년 4월,목요일,서울특별시 광진구 화양동,경상사고,0,0,1,0,차대차 - 충돌,신호위반,건조,맑음,교차로 - 교차로안,승용,남,65세 이상,상해없음,자전거,남,51-60세,경상
2019041100100064,2019년 4월,목요일,서울특별시 광진구 자양동,중상사고,0,1,0,0,차대차 - 추돌,안전운전불이행,건조,맑음,단일로 - 기타,자전거,기타불명,기타불명,기타불명,자전거,여,51-60세,중상
2019041100100167,2019년 4월,목요일,서울특별시 광진구 중곡동,중상사고,0,1,0,0,차대차 - 충돌,불법유턴,건조,맑음,단일로 - 기타,승용,남,31-40세,상해없음,이륜,남,41-50세,중상
2019041100100282,2019년 4월,목요일,서울특별시 광진구 자양동,경상사고,0,0,1,0,차대사람 - 횡단중,안전운전불이행,건조,맑음,교차로 - 교차로안,기타불명,기타불명,기타불명,기타불명,보행자,남,31-40세,경상
2019041100100313,2019년 4월,목요일,서울특별시 광진구 구의동,경상사고,0,0,3,0,차대차 - 충돌,안전운전불이행,건조,맑음,교차로 - 교차로안,승용,남,21-30세,상해없음,승용,여,31-40세,경상
2019041200100474,2019년 4월,금요일,서울특별시 광진구 자양동,중상사고,0,1,0,0,차대차 - 기타,중앙선침범,건조,맑음,교차로 - 교차로안,승용,여,41-50세,상해없음,이륜,남,21-30세,중상
2019041200100519,2019년 4월,금요일,서울특별시 광진구 중곡동,경상사고,0,0,2,0,차대차 - 충돌,안전운전불이행,건조,맑음,교차로 - 교차로안,승용,남,65세 이상,상해없음,승용,남,31-40세,경상
2019041200100658,2019년 4월,금요일,서울특별시 광진구 군자동,경상사고,0,0,1,0,차대차 - 충돌,안전거리미확보,건조,맑음,단일로 - 교량,승용,남,51-60세,상해없음,승용,남,65세 이상,경상
2019041200100659,2019년 4월,금요일,서울특별시 광진구 화양동,중상사고,0,1,1,0,차대차 - 추돌,안전운전불이행,건조,맑음,단일로 - 기타,승용,남,51-60세,상해없음,승용,남,21-30세,중상
2019041300100041,2019년 4월,토요일,서울특별시 광진구 자양동,중상사고,0,1,0,0,차대사람 - 횡단중,안전운전불이행,건조,맑음,교차로 - 교차로횡단보도내,승용,남,65세 이상,상해없음,보행자,여,51-60세,중상
2019041400100115,2019년 4월,일요일,서울특별시 광진구 광장동,경상사고,0,0,1,0,차대차 - 추돌,안전운전불이행,건조,맑음,단일로 - 기타,승용,남,21-30세,상해없음,승용,남,31-40세,경상
2019041400100203,2019년 4월,일요일,서울특별시 광진구 화양동,부상신고사고,0,0,0,1,차대사람 - 횡단중,안전운전불이행,건조,흐림,교차로 - 교차로횡단보도내,승용,남,31-40세,상해없음,보행자,여,13-20세,부상신고
2019041400100283,2019년 4월,일요일,서울특별시 광진구 화양동,경상사고,0,0,1,0,차대차 - 충돌,교차로운행방법위반,건조,맑음,교차로 - 교차로안,승용,남,31-40세,상해없음,승용,남,31-40세,경상
2019041400100358,2019년 4월,일요일,서울특별시 광진구 자양동,경상사고,0,0,1,0,차대사람 - 기타,안전운전불이행,건조,맑음,단일로 - 기타,승용,남,41-50세,기타불명,보행자,남,61-64세,경상
2019041500100053,2019년 4월,월요일,서울특별시 광진구 자양동,중상사고,0,1,0,0,차대차 - 기타,안전운전불이행,건조,맑음,단일로 - 교량,자전거,남,61-64세,중상,화물,남,51-60세,상해없음
2019041500100166,2019년 4월,월요일,서울특별시 광진구 중곡동,경상사고,0,0,2,0,차대차 - 추돌,안전운전불이행,건조,맑음,단일로 - 기타,화물,남,61-64세,상해없음,승용,남,51-60세,경상
2019041500100204,2019년 4월,월요일,서울특별시 광진구 구의동,중상사고,0,1,0,0,차대차 - 충돌,교차로운행방법위반,건조,맑음,교차로 - 교차로안,승용,여,31-40세,상해없음,승용,남,51-60세,중상
2019041500100261,2019년 4월,월요일,서울특별시 광진구 광장동,중상사고,0,1,0,0,차대사람 - 기타,안전운전불이행,건조,맑음,교차로 - 교차로부근,승용,여,31-40세,상해없음,보행자,여,61-64세,중상
2019041500100336,2019년 4월,월요일,서울특별시 광진구 화양동,부상신고사고,0,0,0,1,차량단독 - 기타,안전운전불이행,기타,맑음,교차로 - 교차로안,이륜,남,21-30세,부상신고,,,,
2019041500100337,2019년 4월,월요일,서울특별시 광진구 구의동,경상사고,0,0,1,0,차대차 - 추돌,안전거리미확보,건조,맑음,단일로 - 기타,이륜,남,41-50세,상해없음,승용,남,21-30세,경상
2019041500100432,2019년 4월,월요일,서울특별시 광진구 중곡동,중상사고,0,1,0,0,차대사람 - 기타,안전운전불이행,건조,맑음,단일로 - 기타,화물,남,65세 이상,상해없음,보행자,여,12세 이하,중상
2019041500100544,2019년 4월,월요일,서울특별시 광진구 구의동,중상사고,0,1,0,0,차대사람 - 보도통행중,기타,건조,맑음,단일로 - 기타,승용,남,51-60세,상해없음,보행자,여,12세 이하,중상
2.01904E+15,2019년 4월,화요일,서울특별시 광진구 자양동,경상사고,0,0,1,0,차대사람 - 기타,안전운전불이행,건조,맑음,단일로 - 기타,기타불명,기타불명,기타불명,기타불명,보행자,여,12세 이하,경상
2019041600100349,2019년 4월,화요일,서울특별시 광진구 능동,경상사고,0,0,1,0,차대사람 - 횡단중,신호위반,건조,맑음,교차로 - 교차로횡단보도내,승용,남,31-40세,상해없음,보행자,여,21-30세,경상
2019041600100466,2019년 4월,화요일,서울특별시 광진구 자양동,경상사고,0,0,1,0,차대차 - 충돌,신호위반,건조,맑음,교차로 - 교차로안,자전거,여,51-60세,경상,승용,남,51-60세,상해없음
2019041600100558,2019년 4월,화요일,서울특별시 광진구 자양동,경상사고,0,0,3,0,차대차 - 충돌,안전거리미확보,건조,맑음,교차로 - 교차로부근,승합,남,51-60세,상해없음,승용,여,61-64세,경상
2019041600100601,2019년 4월,화요일,서울특별시 광진구 자양동,경상사고,0,0,1,0,차대차 - 기타,직진우회전진행방해,건조,맑음,교차로 - 교차로안,이륜,남,21-30세,경상,승용,남,51-60세,상해없음
2019041600100684,2019년 4월,화요일,서울특별시 광진구 화양동,부상신고사고,0,0,0,1,차대사람 - 기타,안전운전불이행,건조,맑음,단일로 - 기타,화물,남,41-50세,상해없음,보행자,남,41-50세,부상신고
2019041700100019,2019년 4월,수요일,서울특별시 광진구 구의동,경상사고,0,0,1,0,차대차 - 추돌,안전운전불이행,기타,맑음,기타 - 기타,승용,남,61-64세,상해없음,이륜,남,21-30세,경상
2019041700100522,2019년 4월,수요일,서울특별시 광진구 화양동,경상사고,0,0,3,0,차대차 - 추돌,안전운전불이행,건조,맑음,단일로 - 기타,승용,남,31-40세,상해없음,승용,남,65세 이상,경상
2019041700100625,2019년 4월,수요일,서울특별시 광진구 구의동,경상사고,0,0,1,0,차대사람 - 기타,안전운전불이행,건조,맑음,단일로 - 기타,승용,남,65세 이상,상해없음,보행자,여,21-30세,경상
2019041700100647,2019년 4월,수요일,서울특별시 광진구 능동,경상사고,0,0,3,0,차대차 - 충돌,불법유턴,건조,맑음,단일로 - 기타,승용,남,65세 이상,상해없음,승용,남,51-60세,경상
2019041800100189,2019년 4월,목요일,서울특별시 광진구 구의동,경상사고,0,0,1,0,차대차 - 충돌,안전거리미확보,건조,맑음,단일로 - 기타,승용,남,31-40세,상해없음,승용,여,21-30세,경상
2019041800100228,2019년 4월,목요일,서울특별시 광진구 광장동,중상사고,0,1,0,0,차대차 - 충돌,안전운전불이행,건조,맑음,단일로 - 기타,승용,여,21-30세,상해없음,승용,남,65세 이상,상해없음
2019041800100466,2019년 4월,목요일,서울특별시 광진구 광장동,경상사고,0,0,1,0,차대차 - 추돌,안전운전불이행,건조,맑음,교차로 - 교차로부근,승합,여,31-40세,상해없음,승용,여,51-60세,경상
2019041900100301,2019년 4월,금요일,서울특별시 광진구 군자동,경상사고,0,0,1,0,차대차 - 기타,안전운전불이행,건조,맑음,단일로 - 기타,승용,여,51-60세,상해없음,승용,남,65세 이상,경상
2019041900100455,2019년 4월,금요일,서울특별시 광진구 군자동,경상사고,0,0,1,0,차대차 - 충돌,안전운전불이행,건조,맑음,단일로 - 기타,승용,남,61-64세,상해없음,승용,남,31-40세,경상
2019041900100456,2019년 4월,금요일,서울특별시 광진구 자양동,경상사고,0,0,1,0,차대사람 - 기타,교차로운행방법위반,건조,맑음,교차로 - 교차로부근,승용,남,21-30세,상해없음,보행자,여,21-30세,경상
2019041900100507,2019년 4월,금요일,서울특별시 광진구 자양동,경상사고,0,0,1,0,차대차 - 기타,안전운전불이행,건조,맑음,단일로 - 기타,자전거,남,65세 이상,경상,자전거,여,51-60세,상해없음
2019041900100595,2019년 4월,금요일,서울특별시 광진구 구의동,경상사고,0,0,2,0,차대차 - 충돌,안전운전불이행,건조,맑음,단일로 - 기타,승용,남,21-30세,상해없음,승용,남,21-30세,경상
2019042100100034,2019년 4월,일요일,서울특별시 광진구 중곡동,경상사고,0,0,2,0,차대차 - 기타,차로위반,젖음/습기,흐림,단일로 - 기타,승용,남,41-50세,상해없음,승용,남,61-64세,경상
2019042100100049,2019년 4월,일요일,서울특별시 광진구 자양동,중상사고,0,1,2,0,차대차 - 추돌,안전운전불이행,젖음/습기,비,단일로 - 기타,승용,남,21-30세,상해없음,승용,남,61-64세,중상
2019042100100243,2019년 4월,일요일,서울특별시 광진구 광장동,경상사고,0,0,1,0,차대차 - 추돌,안전운전불이행,건조,맑음,교차로 - 교차로부근,승용,남,65세 이상,상해없음,이륜,남,41-50세,경상
2019042100100369,2019년 4월,일요일,서울특별시 광진구 중곡동,중상사고,0,1,0,1,차대사람 - 차도통행중,안전운전불이행,건조,맑음,단일로 - 기타,이륜,남,21-30세,부상신고,보행자,여,41-50세,중상
2019042100100471,2019년 4월,일요일,서울특별시 광진구 자양동,경상사고,0,0,1,0,차대차 - 충돌,교차로운행방법위반,건조,맑음,교차로 - 교차로부근,승용,여,65세 이상,상해없음,승용,여,41-50세,경상
2019042200100399,2019년 4월,월요일,서울특별시 광진구 자양동,경상사고,0,0,1,0,차대차 - 충돌,안전거리미확보,건조,맑음,단일로 - 기타,승용,남,31-40세,상해없음,원동기,남,13-20세,경상
2019042300100088,2019년 4월,화요일,서울특별시 광진구 군자동,중상사고,0,2,5,0,차대차 - 추돌,안전운전불이행,건조,맑음,교차로 - 교차로부근,승용,남,21-30세,상해없음,승합,남,51-60세,경상
2019042300100406,2019년 4월,화요일,서울특별시 광진구 중곡동,중상사고,0,1,0,0,차대사람 - 기타,보행자보호의무위반,건조,맑음,교차로 - 교차로횡단보도내,승용,남,65세 이상,상해없음,보행자,남,65세 이상,중상