사고번호,발생년월,요일,시군구,사고내용,사망자수,중상자수,경상자수,부상신고자수,사고유형,법규위반,노면상태,기상상태,도로형태,가해운전자 차종,가해운전자 성별,가해운전자 연령대,가해운전자 상해정도,피해운전자 차종,피해운전자 성별,피해운전자 연령대,피해운전자 상해정도
2019052900100208,2019년 5월,수요일,서울특별시 광진구 구의동,경상사고,0,0,1,0,차대사람 - 기타,안전운전불이행,건조,맑음,단일로 - 기타,승용,여,31-40세,상해없음,보행자,여,41-50세,경상
2019052900100599,2019년 5월,수요일,서울특별시 광진구 중곡동,경상사고,0,0,1,0,차대차 - 충돌,안전운전불이행,건조,맑음,단일로 - 기타,승용,남,65세 이상,상해없음,이륜,남,41-50세,경상
2019053100100445,2019년 5월,금요일,서울특별시 광진구 중곡동,중상사고,0,1,0,0,차대차 - 추돌,안전운전불이행,건조,맑음,단일로 - 기타,승용,남,51-60세,상해없음,승용,남,65세 이상,중상
2019060200100098,2019년 6월,일요일,서울특별시 광진구 능동,중상사고,0,1,0,0,차대차 - 충돌,안전운전불이행,건조,맑음,단일로 - 기타,자전거,남,65세 이상,상해없음,이륜,남,31-40세,중상
2019060200100389,2019년 6월,일요일,서울특별시 광진구 중곡동,경상사고,0,0,1,0,차대사람 - 기타,안전운전불이행,건조,맑음,단일로 - 기타,승용,여,41-50세,상해없음,보행자,여,21-30세,경상
2019060200100417,2019년 6월,일요일,서울특별시 광진구 구의동,경상사고,0,0,2,0,차대차 - 충돌,신호위반,건조,맑음,단일로 - 기타,승용,여,65세 이상,상해없음,승용,남,21-30세,경상
2019060300100269,2019년 6월,월요일,서울특별시 광진구 중곡동,경상사고,0,0,1,0,차대차 - 충돌,직진우회전진행방해,건조,맑음,교차로 - 교차로안,승용,남,31-40세,상해없음,이륜,남,41-50세,경상
2019060300100379,2019년 6월,월요일,서울특별시 광진구 군자동,중상사고,0,1,0,0,차대차 - 충돌,안전거리미확보,건조,맑음,단일로 - 기타,승용,남,51-60세,상해없음,승용,남,51-60세,상해없음
2019060400100162,2019년 6월,화요일,서울특별시 광진구 자양동,경상사고,0,0,1,0,차대차 - 추돌,안전운전불이행,건조,맑음,단일로 - 기타,승용,남,31-40세,상해없음,승용,여,31-40세,경상
2019060400100299,2019년 6월,화요일,서울특별시 광진구 자양동,경상사고,0,0,1,0,차대사람 - 기타,안전운전불이행,건조,맑음,단일로 - 기타,자전거,여,51-60세,상해없음,보행자,여,41-50세,경상
2019060500100111,2019년 6월,수요일,서울특별시 광진구 구의동,부상신고사고,0,0,0,1,차대사람 - 길가장자리구역통행중,안전운전불이행,건조,맑음,교차로 - 교차로안,승용,남,31-40세,상해없음,보행자,남,41-50세,부상신고
2019060500100339,2019년 6월,수요일,서울특별시 광진구 군자동,경상사고,0,0,1,0,차대차 - 충돌,안전운전불이행,건조,맑음,교차로 - 교차로안,자전거,여,51-60세,경상,승용,여,51-60세,상해없음
2.01906E+15,2019년 6월,수요일,서울특별시 광진구 군자동,중상사고,0,1,0,0,차대사람 - 횡단중,보행자보호의무위반,건조,맑음,교차로 - 교차로횡단보도내,승용,남,51-60세,상해없음,보행자,여,31-40세,중상
2019060600100244,2019년 6월,목요일,서울특별시 광진구 자양동,경상사고,0,0,3,0,차대차 - 충돌,차로위반,건조,맑음,단일로 - 기타,화물,남,21-30세,상해없음,승용,여,31-40세,경상
2019060600100316,2019년 6월,목요일,서울특별시 광진구 화양동,경상사고,0,0,1,0,차량단독 - 전도전복,안전운전불이행,젖음/습기,비,교차로 - 교차로안,이륜,남,31-40세,경상,,,,
2019060600100373,2019년 6월,목요일,서울특별시 광진구 구의동,경상사고,0,0,1,0,차대사람 - 횡단중,안전운전불이행,젖음/습기,비,단일로 - 기타,개인형이동수단(PM),남,21-30세,상해없음,보행자,남,12세 이하,경상
2019060700100068,2019년 6월,금요일,서울특별시 광진구 중곡동,중상사고,0,1,1,0,차대차 - 충돌,신호위반,젖음/습기,비,교차로 - 교차로안,승용,남,61-64세,상해없음,승합,남,51-60세,경상
2019060700100557,2019년 6월,금요일,서울특별시 광진구 구의동,부상신고사고,0,0,0,1,차대사람 - 차도통행중,안전운전불이행,건조,맑음,단일로 - 기타,이륜,남,21-30세,상해없음,보행자,남,21-30세,부상신고
2019060700100596,2019년 6월,금요일,서울특별시 광진구 화양동,경상사고,0,0,1,0,차대차 - 충돌,신호위반,건조,맑음,교차로 - 교차로부근,이륜,남,31-40세,경상,승용,남,41-50세,기타불명
2019060800100246,2019년 6월,토요일,서울특별시 광진구 구의동,경상사고,0,0,1,0,차대차 - 충돌,안전운전불이행,건조,맑음,교차로 - 교차로안,승용,남,41-50세,상해없음,자전거,여,21-30세,경상
2019060800100346,2019년 6월,토요일,서울특별시 광진구 군자동,경상사고,0,0,5,0,차대차 - 추돌,안전운전불이행,건조,맑음,단일로 - 기타,승용,남,65세 이상,상해없음,승합,남,51-60세,경상
2019060800100612,2019년 6월,토요일,서울특별시 광진구 광장동,경상사고,0,0,1,0,차대차 - 충돌,안전운전불이행,건조,맑음,교차로 - 교차로안,원동기,남,41-50세,경상,승합,남,65세 이상,상해없음
2019061000100201,2019년 6월,월요일,서울특별시 광진구 자양동,경상사고,0,0,2,0,차대차 - 추돌,안전운전불이행,건조,맑음,단일로 - 기타,승용,남,21-30세,상해없음,승용,남,51-60세,경상
2019061000100265,2019년 6월,월요일,서울특별시 광진구 자양동,경상사고,0,0,1,0,차대차 - 충돌,불법유턴,건조,맑음,단일로 - 기타,자전거,여,21-30세,경상,승용,여,51-60세,상해없음
2019061000100456,2019년 6월,월요일,서울특별시 광진구 자양동,경상사고,0,0,1,0,차대차 - 충돌,안전운전불이행,건조,맑음,단일로 - 기타,자전거,남,20세 이하,경상,승용,남,31-40세,상해없음
2019061000100495,2019년 6월,월요일,서울특별시 광진구 화양동,경상사고,0,0,2,0,차대차 - 충돌,신호위반,건조,맑음,교차로 - 교차로안,이륜,남,20세 이하,상해없음,승용,남,31-40세,경상
2019061000100627,2019년 6월,월요일,서울특별시 광진구 화양동,중상사고,0,1,0,0,차량단독 - 기타,안전운전불이행,건조,맑음,단일로 - 기타,승합,남,41-50세,상해없음,,,,
2019061000100652,2019년 6월,월요일,서울특별시 광진구 중곡동,경상사고,0,0,1,0,차대차 - 충돌,차로위반,건조,맑음,단일로 - 기타,승용,남,61-64세,상해없음,승용,남,31-40세,경상
2019061100100407,2019년 6월,화요일,서울특별시 광진구 중곡동,부상신고사고,0,0,0,1,차대사람 - 횡단중,안전운전불이행,건조,맑음,단일로 - 기타,승용,여,51-60세,상해없음,보행자,남,12세 이하,부상신고
2019061200100086,2019년 6월,수요일,서울특별시 광진구 능동,경상사고,0,0,1,0,차대차 - 기타,안전운전불이행,기타,맑음,단일로 - 기타,승용,남,65세 이상,상해없음,자전거,여,61-64세,경상
2019061200100106,2019년 6월,수요일,서울특별시 광진구 구의동,경상사고,0,0,2,0,차대차 - 충돌,안전운전불이행,건조,맑음,주차장 - 주차장,승용,여,51-60세,상해없음,승용,여,41-50세,경상
2019061200100107,2019년 6월,수요일,서울특별시 광진구 중곡동,경상사고,0,0,5,0,차대차 - 기타,신호위반,건조,맑음,기타 - 기타,승용,남,51-60세,상해없음,승합,여,51-60세,경상
2019061200100152,2019년 6월,수요일,서울특별시 광진구 화양동,중상사고,0,1,0,0,차대차 - 기타,신호위반,건조,맑음,교차로 - 교차로안,승합,남,21-30세,상해없음,승합,남,51-60세,상해없음
2019061200100495,2019년 6월,수요일,서울특별시 광진구 화양동,경상사고,0,0,1,0,차대사람 - 기타,안전운전불이행,건조,맑음,단일로 - 기타,승용,남,31-40세,상해없음,보행자,남,41-50세,경상
2019061200100531,2019년 6월,수요일,서울특별시 광진구 광장동,중상사고,0,1,0,0,차대차 - 충돌,안전운전불이행,건조,맑음,교차로 - 교차로부근,승용,여,41-50세,상해없음,승용,남,61-64세,중상
2019061300100423,2019년 6월,목요일,서울특별시 광진구 구의동,경상사고,0,0,1,0,차대차 - 충돌,교차로운행방법위반,건조,맑음,교차로 - 교차로안,자전거,남,65세 이상,경상,승합,남,51-60세,상해없음
2019061300100538,2019년 6월,목요일,서울특별시 광진구 화양동,경상사고,0,0,1,0,차대차 - 충돌,차로위반,건조,맑음,교차로 - 교차로안,승용,남,65세 이상,상해없음,승용,남,21-30세,경상
2019061400100288,2019년 6월,금요일,서울특별시 광진구 능동,경상사고,0,0,1,0,차량단독 - 기타,안전운전불이행,건조,맑음,단일로 - 기타,승합,남,41-50세,상해없음,,,,
2.01906E+15,2019년 6월,금요일,서울특별시 광진구 광장동,경상사고,0,0,3,0,차대차 - 추돌,신호위반,건조,맑음,단일로 - 기타,승용,남,61-64세,상해없음,승합,남,41-50세,상해없음
2019061400100693,2019년 6월,금요일,서울특별시 광진구 광장동,경상사고,0,0,1,0,차대차 - 충돌,안전운전불이행,건조,맑음,단일로 - 기타,승용,여,21-30세,상해없음,승용,여,51-60세,경상
2019061500100034,2019년 6월,토요일,서울특별시 광진구 화양동,경상사고,0,0,1,0,차대사람 - 기타,안전운전불이행,건조,맑음,단일로 - 기타,승용,남,61-64세,상해없음,보행자,남,21-30세,경상
2019061500100058,2019년 6월,토요일,서울특별시 광진구 군자동,중상사고,0,1,0,0,차대사람 - 차도통행중,안전운전불이행,건조,맑음,단일로 - 기타,이륜,남,21-30세,상해없음,보행자,여,51-60세,중상
2019061500100271,2019년 6월,토요일,서울특별시 광진구 자양동,부상신고사고,0,0,0,2,차대차 - 충돌,기타,건조,맑음,교차로 - 교차로안,승용,남,31-40세,상해없음,승용,남,21-30세,부상신고
2019061500100495,2019년 6월,토요일,서울특별시 광진구 광장동,경상사고,0,0,1,0,차대차 - 추돌,안전운전불이행,건조,맑음,단일로 - 기타,승용,남,31-40세,상해없음,승용,여,41-50세,경상
2019061700100219,2019년 6월,월요일,서울특별시 광진구 구의동,경상사고,0,0,2,0,차대차 - 충돌,안전운전불이행,건조,맑음,단일로 - 기타,이륜,남,20세 이하,경상,이륜,남,51-60세,경상
2019061700100255,2019년 6월,월요일,서울특별시 광진구 중곡동,경상사고,0,0,1,0,차대사람 - 기타,안전운전불이행,건조,맑음,교차로 - 교차로안,승합,남,21-30세,상해없음,보행자,여,41-50세,경상
2.01906E+15,2019년 6월,화요일,서울특별시 광진구 자양동,부상신고사고,0,0,0,1,차량단독 - 기타,안전운전불이행,건조,흐림,단일로 - 기타,승용,남,51-60세,상해없음,,,,
2019061800100069,2019년 6월,화요일,서울특별시 광진구 중곡동,중상사고,0,1,0,0,차대사람 - 기타,안전운전불이행,젖음/습기,비,단일로 - 기타,승용,남,65세 이상,상해없음,보행자,남,65세 이상,중상
2019061800100106,2019년 6월,화요일,서울특별시 광진구 구의동,경상사고,0,0,1,0,차대차 - 추돌,안전운전불이행,건조,맑음,교차로 - 교차로안,승용,남,65세 이상,상해없음,승용,여,41-50세,경상
2019061800100339,2019년 6월,화요일,서울특별시 광진구 중곡동,경상사고,0,0,1,0,차대차 - 충돌,신호위반,건조,맑음,단일로 - 기타,승용,여,51-60세,상해없음,자전거,남,12세 이하,경상
2019061800100363,2019년 6월,화요일,서울특별시 광진구 능동,중상사고,0,1,0,0,차대차 - 충돌,안전거리미확보,젖음/습기,흐림,단일로 - 기타,승용,남,61-64세,상해없음,승용,남,41-50세,중상
2019061800100514,2019년 6월,화요일,서울특별시 광진구 구의동,중상사고,0,1,0,0,차대사람 - 횡단중,신호위반,젖음/습기,비,단일로 - 기타,원동기,남,21-30세,상해없음,보행자,남,12세 이하,중상
2019061900100261,2019년 6월,수요일,서울특별시 광진구 자양동,부상신고사고,0,0,0,1,차대차 - 충돌,안전운전불이행,건조,맑음,단일로 - 기타,자전거,남,61-64세,부상신고,화물,남,31-40세,상해없음
2019061900100314,2019년 6월,수요일,서울특별시 광진구 구의동,경상사고,0,0,1,0,차대사람 - 기타,안전운전불이행,건조,맑음,단일로 - 기타,승용,남,65세 이상,상해없음,보행자,남,12세 이하,경상
2019061900100513,2019년 6월,수요일,서울특별시 광진구 중곡동,부상신고사고,0,0,0,1,차대차 - 충돌,직진우회전진행방해,건조,맑음,교차로 - 교차로안,이륜,남,21-30세,상해없음,이륜,남,31-40세,부상신고
2019062000100177,2019년 6월,목요일,서울특별시 광진구 중곡동,경상사고,0,0,1,0,차대차 - 기타,신호위반,건조,맑음,교차로 - 교차로안,화물,남,61-64세,상해없음,이륜,남,61-64세,경상
2019062000100361,2019년 6월,목요일,서울특별시 광진구 자양동,경상사고,0,0,1,0,차대차 - 충돌,신호위반,건조,맑음,교차로 - 교차로안,승용,남,21-30세,상해없음,원동기,남,41-50세,경상
2019062000100605,2019년 6월,목요일,서울특별시 광진구 자양동,경상사고,0,0,2,0,차대사람 - 기타,안전운전불이행,젖음/습기,비,단일로 - 기타,자전거,남,21-30세,상해없음,보행자,여,21-30세,경상
2019062100100038,2019년 6월,금요일,서울특별시 광진구 화양동,경상사고,0,0,1,0,차대차 - 기타,안전운전불이행,건조,맑음,단일로 - 기타,원동기,남,21-30세,상해없음,승용,남,61-64세,경상
2019062100100083,2019년 6월,금요일,서울특별시 광진구 자양동,경상사고,0,0,1,0,차대차 - 충돌,안전운전불이행,건조,맑음,교차로 - 교차로부근,승용,남,31-40세,상해없음,승용,여,21-30세,경상
2019062100100215,2019년 6월,금요일,서울특별시 광진구 자양동,부상신고사고,0,0,0,1,차대차 - 충돌,신호위반,건조,맑음,교차로 - 교차로안,자전거,남,41-50세,부상신고,승용,남,51-60세,상해없음
2019062100100276,2019년 6월,금요일,서울특별시 광진구 중곡동,중상사고,0,1,0,0,차대사람 - 기타,안전운전불이행,건조,맑음,단일로 - 기타,승합,남,41-50세,상해없음,보행자,여,65세 이상,중상
2.01906E+15,2019년 6월,금요일,서울특별시 광진구 자양동,경상사고,0,0,1,0,차대차 - 충돌,안전운전불이행,건조,맑음,단일로 - 기타,승용,남,21-30세,상해없음,승용,여,21-30세,경상
2019062100100437,2019년 6월,금요일,서울특별시 광진구 군자동,경상사고,0,0,1,0,차대차 - 충돌,교차로운행방법위반,건조,맑음,교차로 - 교차로안,화물,남,61-64세,상해없음,승용,여,41-50세,경상
2019062100100639,2019년 6월,금요일,서울특별시 광진구 화양동,경상사고,0,0,1,0,차대차 - 추돌,안전운전불이행,건조,맑음,단일로 - 기타,승용,남,51-60세,상해없음,이륜,남,21-30세,경상
2.01906E+15,2019년 6월,토요일,서울특별시 광진구 자양동,중상사고,0,1,0,0,차대차 - 충돌,안전운전불이행,건조,맑음,단일로 - 기타,자전거,여,41-50세,상해없음,자전거,남,41-50세,중상
2.01906E+15,2019년 6월,토요일,서울특별시 광진구 중곡동,경상사고,0,0,1,0,차대차 - 충돌,안전운전불이행,건조,맑음,교차로 - 교차로부근,승용,남,31-40세,상해없음,승용,여,31-40세,경상
2019062200100687,2019년 6월,토요일,서울특별시 광진구 광장동,경상사고,0,0,1,0,차대사람 - 횡단중,안전운전불이행,건조,맑음,단일로 - 기타,승용,남,21-30세,상해없음,보행자,남,41-50세,경상
2019062300100117,2019년 6월,일요일,서울특별시 광진구 중곡동,경상사고,0,0,1,0,차대차 - 기타,안전운전불이행,건조,맑음,단일로 - 기타,승용,남,51-60세,상해없음,기타불명,기타불명,기타불명,기타불명
2019062300100568,2019년 6월,일요일,서울특별시 광진구 화양동,경상사고,0,0,1,0,차대사람 - 기타,안전운전불이행,건조,맑음,단일로 - 기타,승용,남,21-30세,상해없음,보행자,여,31-40세,경상
2019062300100569,2019년 6월,일요일,서울특별시 광진구 화양동,중상사고,0,1,0,0,차대차 - 충돌,신호위반,건조,맑음,교차로 - 교차로부근,이륜,여,31-40세,중상,승용,남,21-30세,상해없음
2019062400100383,2019년 6월,월요일,서울특별시 광진구 화양동,경상사고,0,0,1,0,차대차 - 충돌,안전운전불이행,건조,맑음,단일로 - 기타,건설기계,남,41-50세,상해없음,승합,남,51-60세,경상
2019062400100594,2019년 6월,월요일,서울특별시 광진구 화양동,중상사고,0,1,0,0,차대차 - 기타,안전운전불이행,건조,맑음,단일로 - 기타,원동기,남,51-60세,상해없음,원동기,남,21-30세,중상
2019062400100625,2019년 6월,월요일,서울특별시 광진구 능동,경상사고,0,0,2,0,차대차 - 충돌,차로위반,건조,맑음,단일로 - 기타,승용,남,51-60세,상해없음,승용,여,31-40세,경상
2019062500100023,2019년 6월,화요일,서울특별시 광진구 자양동,경상사고,0,0,2,0,차대사람 - 횡단중,신호위반,건조,맑음,교차로 - 교차로횡단보도내,승용,남,51-60세,상해없음,보행자,남,13-20세,경상
2019062500100084,2019년 6월,화요일,서울특별시 광진구 광장동,경상사고,0,0,3,0,차대차 - 추돌,안전운전불이행,건조,맑음,단일로 - 고가도로위,승용,남,21-30세,상해없음,화물,남,61-64세,경상
2019062600100186,2019년 6월,수요일,서울특별시 광진구 화양동,경상사고,0,0,1,0,차대차 - 충돌,안전운전불이행,건조,맑음,단일로 - 기타,이륜,남,41-50세,경상,특수,남,41-50세,상해없음
2019062600100327,2019년 6월,수요일,서울특별시 광진구 자양동,경상사고,0,0,1,1,차대사람 - 횡단중,안전운전불이행,건조,맑음,단일로 - 기타,이륜,남,41-50세,부상신고,보행자,남,51-60세,경상
2019062700100648,2019년 6월,목요일,서울특별시 광진구 구의동,경상사고,0,0,1,0,차대차 - 충돌,안전운전불이행,건조,맑음,교차로 - 교차로안,승용,남,65세 이상,상해없음,승용,남,51-60세,경상
2019062800100183,2019년 6월,금요일,서울특별시 광진구 중곡동,경상사고,0,0,1,0,차대차 - 충돌,직진우회전진행방해,건조,맑음,교차로 - 교차로안,승용,남,51-60세,상해없음,이륜,남,21-30세,경상
2019062900100069,2019년 6월,토요일,서울특별시 광진구 군자동,중상사고,0,1,1,0,차대차 - 충돌,신호위반,젖음/습기,비,교차로 - 교차로안,승용,남,21-30세,상해없음,승용,남,65세 이상,중상
2.01906E+15,2019년 6월,토요일,서울특별시 광진구 중곡동,경상사고,0,0,2,0,차대사람 - 횡단중,보행자보호의무위반,젖음/습기,흐림,교차로 - 교차로횡단보도내,승용,남,41-50세,상해없음,보행자,여,65세 이상,경상
2019062900100216,2019년 6월,토요일,서울특별시 광진구 군자동,경상사고,0,0,2,0,차대차 - 충돌,교차로운행방법위반,건조,맑음,교차로 - 교차로안,승용,남,41-50세,상해없음,승용,남,61-64세,경상
2.01906E+15,2019년 6월,토요일,서울특별시 광진구 자양동,경상사고,0,0,1,0,차대차 - 충돌,안전운전불이행,건조,흐림,교차로 - 교차로안,자전거,여,65세 이상,경상,승용,여,51-60세,상해없음
2019063000100205,2019년 6월,일요일,서울특별시 광진구 광장동,부상신고사고,0,0,0,1,차대차 - 추돌,안전운전불이행,건조,맑음,단일로 - 기타,자전거,남,20세 이하,부상신고,승용,남,21-30세,상해없음
2019063000100206,2019년 6월,일요일,서울특별시 광진구 군자동,경상사고,0,0,1,0,차대차 - 기타,차로위반,건조,맑음,단일로 - 기타,승용,남,41-50세,상해없음,이륜,남,21-30세,경상
2019070100100093,2019년 7월,월요일,서울특별시 광진구 자양동,중상사고,0,1,0,0,차대차 - 기타,안전운전불이행,건조,맑음,교차로 - 교차로안,이륜,여,41-50세,중상,승용,남,21-30세,상해없음
2019070100100171,2019년 7월,월요일,서울특별시 광진구 자양동,경상사고,0,0,1,0,차대사람 - 기타,보행자보호의무위반,건조,맑음,교차로 - 교차로횡단보도내,승용,남,61-64세,상해없음,보행자,남,51-60세,경상
2019070100100307,2019년 7월,월요일,서울특별시 광진구 중곡동,경상사고,0,0,1,0,차량단독 - 기타,안전운전불이행,건조,맑음,단일로 - 기타,승합,남,31-40세,상해없음,,,,
2019070100100427,2019년 7월,월요일,서울특별시 광진구 자양동,경상사고,0,0,1,0,차대차 - 기타,기타,건조,맑음,교차로 - 교차로안,자전거,남,20세 이하,경상,승합,남,41-50세,상해없음
2019070100100665,2019년 7월,월요일,서울특별시 광진구 중곡동,중상사고,0,1,0,0,차대차 - 충돌,교차로운행방법위반,건조,맑음,교차로 - 교차로안,승용,남,61-64세,상해없음,이륜,남,21-30세,중상
2019070200100065,2019년 7월,화요일,서울특별시 광진구 구의동,중상사고,0,1,5,0,차대차 - 충돌,신호위반,건조,맑음,교차로 - 교차로안,승합,남,51-60세,상해없음,승용,남,41-50세,중상
2019070300100176,2019년 7월,수요일,서울특별시 광진구 자양동,중상사고,0,2,0,0,차대차 - 추돌,안전운전불이행,건조,맑음,단일로 - 기타,승용,남,41-50세,상해없음,승용,남,41-50세,중상
2019070300100177,2019년 7월,수요일,서울특별시 광진구 중곡동,경상사고,0,0,1,0,차량단독 - 충돌,안전운전불이행,건조,맑음,기타 - 기타,승용,남,65세 이상,경상,,,,
2019070300100509,2019년 7월,수요일,서울특별시 광진구 자양동,중상사고,0,1,0,0,차대차 - 충돌,중앙선침범,기타,맑음,단일로 - 기타,이륜,남,20세 이하,중상,승용,여,61-64세,상해없음
2.01907E+15,2019년 7월,목요일,서울특별시 광진구 구의동,경상사고,0,0,1,0,차대차 - 충돌,직진우회전진행방해,건조,맑음,교차로 - 교차로안,자전거,남,21-30세,경상,승용,남,21-30세,상해없음
2019070400100216,2019년 7월,목요일,서울특별시 광진구 화양동,부상신고사고,0,0,0,1,차대차 - 기타,불법유턴,건조,맑음,교차로 - 교차로안,자전거,여,21-30세,부상신고,승용,여,41-50세,상해없음
2019070400100643,2019년 7월,목요일,서울특별시 광진구 능동,경상사고,0,0,1,0,차대차 - 충돌,신호위반,건조,맑음,교차로 - 교차로안,이륜,남,41-50세,상해없음,이륜,남,31-40세,경상
2019070500100035,2019년 7월,금요일,서울특별시 광진구 화양동,중상사고,0,1,2,0,차대차 - 추돌,안전운전불이행,건조,맑음,단일로 - 기타,승용,남,51-60세,경상,승용,남,51-60세,상해없음
2.01907E+15,2019년 7월,금요일,서울특별시 광진구 중곡동,부상신고사고,0,0,0,1,차대차 - 충돌,안전운전불이행,건조,맑음,단일로 - 기타,자전거,여,21-30세,부상신고,승용,남,51-60세,상해없음
2019070500100602,2019년 7월,금요일,서울특별시 광진구 구의동,경상사고,0,0,1,0,차대차 - 기타,신호위반,건조,맑음,교차로 - 교차로안,이륜,남,20세 이하,상해없음,자전거,남,12세 이하,경상
2019070500100627,2019년 7월,금요일,서울특별시 광진구 능동,사망사고,1,0,0,0,차대사람 - 기타,안전운전불이행,건조,맑음,단일로 - 기타,승합,남,41-50세,상해없음,보행자,남,65세 이상,사망
2.01907E+15,2019년 7월,토요일,서울특별시 광진구 능동,경상사고,0,0,1,0,차대차 - 추돌,안전운전불이행,건조,맑음,단일로 - 기타,승용,남,31-40세,상해없음,이륜,남,31-40세,경상
2019070600100067,2019년 7월,토요일,서울특별시 광진구 화양동,경상사고,0,0,1,0,차대사람 - 길가장자리구역통행중,안전운전불이행,건조,맑음,단일로 - 기타,승용,남,51-60세,상해없음,보행자,남,13-20세,경상
2019070600100088,2019년 7월,토요일,서울특별시 광진구 능동,경상사고,0,0,2,0,차대차 - 충돌,교차로운행방법위반,건조,맑음,교차로 - 교차로안,이륜,남,20세 이하,경상,승용,남,61-64세,경상
2019070600100344,2019년 7월,토요일,서울특별시 광진구 자양동,경상사고,0,0,1,0,차대차 - 충돌,안전운전불이행,기타,맑음,기타 - 기타,이륜,남,21-30세,상해없음,이륜,남,31-40세,경상
2019070700100086,2019년 7월,일요일,서울특별시 광진구 자양동,중상사고,0,1,0,0,차대차 - 충돌,중앙선침범,건조,맑음,단일로 - 기타,승용,남,51-60세,상해없음,이륜,남,51-60세,중상
2019070700100357,2019년 7월,일요일,서울특별시 광진구 자양동,중상사고,0,1,0,0,차대차 - 충돌,불법유턴,건조,맑음,교차로 - 교차로안,승용,남,51-60세,상해없음,이륜,남,31-40세,중상
2019070700100358,2019년 7월,일요일,서울특별시 광진구 화양동,경상사고,0,0,1,0,차대사람 - 기타,안전운전불이행,건조,맑음,단일로 - 기타,승용,여,51-60세,상해없음,보행자,남,21-30세,경상
2019070800100435,2019년 7월,월요일,서울특별시 광진구 구의동,중상사고,0,1,0,0,차대사람 - 횡단중,신호위반,건조,맑음,단일로 - 기타,승용,남,41-50세,상해없음,보행자,여,51-60세,중상
2019070800100436,2019년 7월,월요일,서울특별시 광진구 자양동,경상사고,0,0,1,0,차대차 - 충돌,안전운전불이행,건조,맑음,교차로 - 교차로안,원동기,남,51-60세,경상,승용,남,51-60세,상해없음
2019070800100468,2019년 7월,월요일,서울특별시 광진구 화양동,경상사고,0,0,1,0,차대사람 - 차도통행중,안전운전불이행,건조,맑음,단일로 - 기타,승용,여,21-30세,상해없음,보행자,여,21-30세,경상
2019070800100469,2019년 7월,월요일,서울특별시 광진구 자양동,경상사고,0,0,1,0,차대사람 - 차도통행중,안전운전불이행,건조,맑음,단일로 - 기타,승용,남,31-40세,상해없음,보행자,남,61-64세,경상
2019070800100509,2019년 7월,월요일,서울특별시 광진구 중곡동,경상사고,0,0,1,0,차대차 - 충돌,안전운전불이행,건조,맑음,단일로 - 기타,이륜,남,61-64세,상해없음,이륜,남,31-40세,경상
2019071000100027,2019년 7월,수요일,서울특별시 광진구 자양동,경상사고,0,0,1,0,차대사람 - 기타,안전운전불이행,건조,맑음,단일로 - 기타,승용,남,41-50세,상해없음,보행자,남,21-30세,경상
2019071100100315,2019년 7월,목요일,서울특별시 광진구 구의동,경상사고,0,0,1,0,차대사람 - 보도통행중,안전운전불이행,건조,맑음,교차로 - 교차로부근,승용,여,51-60세,상해없음,보행자,남,12세 이하,경상
2019071200100323,2019년 7월,금요일,서울특별시 광진구 자양동,경상사고,0,0,1,0,차대차 - 기타,기타,건조,맑음,단일로 - 기타,승용,남,65세 이상,상해없음,자전거,남,51-60세,경상
2019071200100395,2019년 7월,금요일,서울특별시 광진구 중곡동,중상사고,0,1,0,0,차대차 - 충돌,직진우회전진행방해,건조,맑음,교차로 - 교차로안,승용,남,41-50세,상해없음,이륜,남,13-20세,중상
2019071200100422,2019년 7월,금요일,서울특별시 광진구 광장동,경상사고,0,0,1,0,차대차 - 충돌,안전거리미확보,건조,맑음,단일로 - 기타,승용,남,31-40세,상해없음,승용,여,31-40세,경상
2019071200100709,2019년 7월,금요일,서울특별시 광진구 자양동,중상사고,0,1,1,0,차대차 - 충돌,직진우회전진행방해,건조,맑음,교차로 - 교차로안,승용,남,51-60세,중상,승용,남,51-60세,상해없음
2019071300100053,2019년 7월,토요일,서울특별시 광진구 중곡동,중상사고,0,1,1,0,차대차 - 추돌,안전운전불이행,건조,맑음,단일로 - 기타,승용,여,21-30세,상해없음,승용,여,41-50세,경상
2019071300100185,2019년 7월,토요일,서울특별시 광진구 능동,경상사고,0,0,1,0,차대차 - 추돌,안전운전불이행,건조,맑음,단일로 - 기타,승용,남,51-60세,상해없음,화물,남,41-50세,경상
2019071300100219,2019년 7월,토요일,서울특별시 광진구 자양동,경상사고,0,0,4,0,차대차 - 충돌,차로위반,건조,맑음,단일로 - 기타,승용,여,21-30세,상해없음,승용,여,31-40세,경상
2019071500100044,2019년 7월,월요일,서울특별시 광진구 구의동,부상신고사고,0,0,0,1,차대차 - 기타,안전운전불이행,건조,맑음,단일로 - 기타,이륜,남,51-60세,부상신고,승용,남,65세 이상,상해없음
2019071500100425,2019년 7월,월요일,서울특별시 광진구 구의동,경상사고,0,0,1,0,차대차 - 충돌,안전운전불이행,건조,맑음,단일로 - 기타,승용,남,31-40세,상해없음,이륜,남,13-20세,경상
2019071700100179,2019년 7월,수요일,서울특별시 광진구 자양동,경상사고,0,0,1,0,차대차 - 충돌,안전운전불이행,건조,맑음,교차로 - 교차로안,화물,남,41-50세,상해없음,승용,남,61-64세,경상
2019071700100352,2019년 7월,수요일,서울특별시 광진구 구의동,경상사고,0,0,1,0,차대차 - 기타,안전운전불이행,건조,맑음,기타 - 기타,자전거,남,20세 이하,경상,화물,남,41-50세,상해없음