사고번호,발생년월,요일,시군구,사고내용,사망자수,중상자수,경상자수,부상신고자수,사고유형,법규위반,노면상태,기상상태,도로형태,가해운전자 차종,가해운전자 성별,가해운전자 연령대,가해운전자 상해정도,피해운전자 차종,피해운전자 성별,피해운전자 연령대,피해운전자 상해정도
2019071700100472,2019년 7월,수요일,서울특별시 광진구 능동,중상사고,0,1,0,0,차대사람 - 횡단중,안전운전불이행,건조,맑음,단일로 - 기타,승용,여,41-50세,상해없음,보행자,여,21-30세,중상
2019071800100584,2019년 7월,목요일,서울특별시 광진구 구의동,경상사고,0,0,1,0,차대차 - 충돌,신호위반,건조,맑음,단일로 - 기타,승용,남,41-50세,상해없음,자전거,여,51-60세,경상
2.01907E+15,2019년 7월,금요일,서울특별시 광진구 자양동,부상신고사고,0,0,0,1,차대사람 - 횡단중,보행자보호의무위반,건조,맑음,단일로 - 기타,승용,여,31-40세,상해없음,보행자,여,12세 이하,부상신고
2019072000100387,2019년 7월,토요일,서울특별시 광진구 중곡동,경상사고,0,0,1,0,차대차 - 충돌,안전거리미확보,건조,맑음,단일로 - 기타,승용,남,41-50세,상해없음,승용,남,41-50세,경상
2019072100100165,2019년 7월,일요일,서울특별시 광진구 구의동,중상사고,0,1,0,0,차대차 - 충돌,안전운전불이행,젖음/습기,흐림,단일로 - 기타,승용,남,31-40세,상해없음,원동기,남,65세 이상,중상
2019072100100368,2019년 7월,일요일,서울특별시 광진구 화양동,경상사고,0,0,1,0,차대사람 - 차도통행중,안전운전불이행,건조,맑음,단일로 - 기타,승용,남,21-30세,상해없음,보행자,여,21-30세,경상
2019072200100155,2019년 7월,월요일,서울특별시 광진구 자양동,경상사고,0,0,1,0,차대차 - 기타,안전운전불이행,기타,맑음,기타 - 기타,승용,남,21-30세,상해없음,승용,여,51-60세,경상
2019072200100693,2019년 7월,월요일,서울특별시 광진구 자양동,중상사고,0,1,2,0,차대차 - 추돌,안전운전불이행,건조,맑음,단일로 - 기타,승용,남,31-40세,상해없음,승용,여,31-40세,중상
2019072300100186,2019년 7월,화요일,서울특별시 광진구 광장동,경상사고,0,0,1,0,차대차 - 충돌,안전운전불이행,건조,맑음,단일로 - 기타,승용,남,21-30세,상해없음,승용,여,51-60세,경상
2019072300100215,2019년 7월,화요일,서울특별시 광진구 자양동,경상사고,0,0,1,0,차대차 - 추돌,안전거리미확보,젖음/습기,비,단일로 - 기타,승용,여,31-40세,상해없음,승용,여,21-30세,경상
2019072300100283,2019년 7월,화요일,서울특별시 광진구 구의동,경상사고,0,0,1,0,차대차 - 충돌,안전운전불이행,건조,맑음,교차로 - 교차로부근,자전거,여,65세 이상,경상,승용,남,65세 이상,상해없음
2019072300100619,2019년 7월,화요일,서울특별시 광진구 구의동,경상사고,0,0,1,0,차대차 - 충돌,안전운전불이행,건조,맑음,단일로 - 기타,자전거,여,21-30세,경상,승용,여,31-40세,상해없음
2019072400100049,2019년 7월,수요일,서울특별시 광진구 화양동,경상사고,0,0,1,0,차대사람 - 보도통행중,안전운전불이행,건조,맑음,교차로 - 교차로안,승용,남,31-40세,상해없음,보행자,여,21-30세,경상
2019072400100509,2019년 7월,수요일,서울특별시 광진구 군자동,중상사고,0,1,3,0,차대차 - 충돌,안전운전불이행,건조,맑음,교차로 - 교차로안,승용,남,61-64세,상해없음,화물,남,41-50세,경상
2019072400100591,2019년 7월,수요일,서울특별시 광진구 중곡동,경상사고,0,0,1,0,차대사람 - 횡단중,신호위반,건조,맑음,교차로 - 교차로안,승용,남,51-60세,상해없음,보행자,여,51-60세,경상
2019072500100079,2019년 7월,목요일,서울특별시 광진구 구의동,중상사고,0,1,1,0,차대차 - 충돌,신호위반,젖음/습기,비,교차로 - 교차로안,승용,남,21-30세,상해없음,승용,남,65세 이상,경상
2019072500100093,2019년 7월,목요일,서울특별시 광진구 능동,경상사고,0,0,1,0,차대사람 - 기타,기타,젖음/습기,비,단일로 - 기타,원동기,남,21-30세,상해없음,보행자,남,65세 이상,경상
2.01907E+15,2019년 7월,목요일,서울특별시 광진구 군자동,중상사고,0,1,1,0,차대차 - 추돌,안전운전불이행,건조,맑음,단일로 - 기타,승용,여,41-50세,상해없음,승용,남,65세 이상,중상
2019072500100506,2019년 7월,목요일,서울특별시 광진구 자양동,경상사고,0,0,1,0,차대차 - 충돌,교차로운행방법위반,젖음/습기,비,교차로 - 교차로안,승용,여,31-40세,경상,승용,여,21-30세,상해없음
2019072600100061,2019년 7월,금요일,서울특별시 광진구 구의동,중상사고,0,1,0,0,차대사람 - 차도통행중,안전운전불이행,젖음/습기,비,단일로 - 기타,승용,남,21-30세,상해없음,보행자,남,21-30세,중상
2019072700100547,2019년 7월,토요일,서울특별시 광진구 화양동,경상사고,0,0,2,0,차대차 - 충돌,안전운전불이행,건조,맑음,교차로 - 교차로안,승용,남,31-40세,경상,승용,남,51-60세,경상
2019072800100014,2019년 7월,일요일,서울특별시 광진구 자양동,중상사고,0,1,0,0,차대사람 - 횡단중,안전운전불이행,젖음/습기,비,단일로 - 기타,승용,남,65세 이상,상해없음,보행자,남,21-30세,중상
2019072800100057,2019년 7월,일요일,서울특별시 광진구 자양동,경상사고,0,0,1,0,차대차 - 추돌,안전운전불이행,기타,맑음,단일로 - 기타,원동기,남,21-30세,경상,승용,남,41-50세,상해없음
2019072800100153,2019년 7월,일요일,서울특별시 광진구 화양동,경상사고,0,0,3,0,차대차 - 충돌,교차로운행방법위반,건조,맑음,교차로 - 교차로안,승용,남,51-60세,상해없음,승용,남,31-40세,경상
2.01907E+15,2019년 7월,일요일,서울특별시 광진구 군자동,경상사고,0,0,1,0,차대차 - 기타,교차로운행방법위반,건조,맑음,교차로 - 교차로안,승합,남,21-30세,상해없음,이륜,남,31-40세,경상
2.01907E+15,2019년 7월,월요일,서울특별시 광진구 자양동,경상사고,0,0,2,0,차대차 - 충돌,교차로운행방법위반,건조,흐림,교차로 - 교차로안,승용,남,61-64세,상해없음,화물,남,31-40세,상해없음
2019073000100072,2019년 7월,화요일,서울특별시 광진구 자양동,중상사고,0,6,1,0,차대차 - 충돌,과속,건조,맑음,단일로 - 교량,승용,여,20세 이하,중상,승용,남,41-50세,중상
2019073000100612,2019년 7월,화요일,서울특별시 광진구 자양동,경상사고,0,0,1,0,차대차 - 기타,안전운전불이행,젖음/습기,흐림,단일로 - 기타,자전거,남,20세 이하,상해없음,자전거,여,31-40세,경상
2019073100100063,2019년 7월,수요일,서울특별시 광진구 화양동,중상사고,0,1,0,0,차대사람 - 기타,안전운전불이행,젖음/습기,흐림,교차로 - 교차로부근,기타불명,기타불명,기타불명,기타불명,보행자,남,21-30세,중상
2019073100100144,2019년 7월,수요일,서울특별시 광진구 중곡동,중상사고,0,1,0,0,차대차 - 충돌,신호위반,젖음/습기,비,단일로 - 기타,승용,남,51-60세,상해없음,이륜,남,51-60세,중상
2019073100100431,2019년 7월,수요일,서울특별시 광진구 자양동,경상사고,0,0,1,0,차대차 - 추돌,안전거리미확보,건조,맑음,단일로 - 기타,화물,남,41-50세,상해없음,승용,남,31-40세,경상
2019080100100101,2019년 8월,목요일,서울특별시 광진구 광장동,경상사고,0,0,1,0,차량단독 - 기타,안전운전불이행,건조,맑음,교차로 - 교차로안,승용,남,61-64세,상해없음,,,,
2.01908E+15,2019년 8월,목요일,서울특별시 광진구 중곡동,경상사고,0,0,1,0,차대차 - 충돌,차로위반,건조,맑음,단일로 - 기타,승용,남,61-64세,상해없음,이륜,남,41-50세,경상
2019080100100645,2019년 8월,목요일,서울특별시 광진구 중곡동,중상사고,0,1,0,0,차대사람 - 길가장자리구역통행중,안전운전불이행,건조,맑음,교차로 - 교차로부근,승용,여,41-50세,상해없음,보행자,여,65세 이상,중상
2019080200100027,2019년 8월,금요일,서울특별시 광진구 화양동,경상사고,0,0,2,0,차대차 - 충돌,중앙선침범,건조,맑음,교차로 - 교차로부근,승용,남,21-30세,상해없음,승용,남,31-40세,경상
2019080200100403,2019년 8월,금요일,서울특별시 광진구 중곡동,경상사고,0,0,2,0,차대사람 - 기타,안전운전불이행,건조,맑음,단일로 - 기타,승용,남,65세 이상,상해없음,보행자,남,12세 이하,경상
2019080300100039,2019년 8월,토요일,서울특별시 광진구 화양동,경상사고,0,0,2,0,차대차 - 충돌,불법유턴,건조,맑음,교차로 - 교차로안,승용,남,51-60세,상해없음,승용,남,65세 이상,경상
2019080300100182,2019년 8월,토요일,서울특별시 광진구 군자동,중상사고,0,1,0,0,차대차 - 기타,안전운전불이행,기타,맑음,단일로 - 기타,이륜,남,31-40세,중상,승합,남,65세 이상,상해없음
2019080300100354,2019년 8월,토요일,서울특별시 광진구 광장동,경상사고,0,0,4,0,차대차 - 충돌,교차로운행방법위반,건조,맑음,교차로 - 교차로부근,승용,여,65세 이상,상해없음,승용,남,41-50세,경상
2019080400100353,2019년 8월,일요일,서울특별시 광진구 광장동,부상신고사고,0,0,0,1,차량단독 - 전도전복,안전운전불이행,젖음/습기,비,단일로 - 기타,원동기,남,31-40세,부상신고,,,,
2.01908E+15,2019년 8월,월요일,서울특별시 광진구 자양동,경상사고,0,0,1,0,차대차 - 충돌,안전운전불이행,건조,맑음,교차로 - 교차로부근,승용,여,41-50세,상해없음,승용,남,41-50세,경상
2.01908E+15,2019년 8월,월요일,서울특별시 광진구 광장동,경상사고,0,0,1,0,차대차 - 추돌,안전운전불이행,건조,맑음,교차로 - 교차로부근,승용,남,51-60세,상해없음,화물,남,41-50세,경상
2019080600100244,2019년 8월,화요일,서울특별시 광진구 자양동,경상사고,0,0,3,0,차대차 - 추돌,안전거리미확보,건조,맑음,단일로 - 기타,승용,남,65세 이상,상해없음,승용,남,51-60세,경상
2019080600100351,2019년 8월,화요일,서울특별시 광진구 군자동,중상사고,0,1,0,1,차량단독 - 충돌,안전운전불이행,건조,맑음,교차로 - 교차로안,화물,남,51-60세,부상신고,,,,
2019080600100532,2019년 8월,화요일,서울특별시 광진구 광장동,중상사고,0,1,0,0,차대차 - 기타,안전운전불이행,건조,맑음,단일로 - 기타,개인형이동수단(PM),남,21-30세,상해없음,자전거,남,51-60세,중상
2019080600100674,2019년 8월,화요일,서울특별시 광진구 군자동,경상사고,0,0,1,0,차대사람 - 기타,안전운전불이행,젖음/습기,흐림,단일로 - 기타,승용,남,61-64세,상해없음,보행자,남,21-30세,경상
2.01908E+15,2019년 8월,목요일,서울특별시 광진구 군자동,경상사고,0,0,1,0,차대사람 - 기타,안전운전불이행,건조,맑음,교차로 - 교차로부근,승용,남,21-30세,상해없음,보행자,남,51-60세,경상
2019080900100238,2019년 8월,금요일,서울특별시 광진구 자양동,중상사고,0,1,0,0,차대사람 - 기타,안전운전불이행,건조,맑음,단일로 - 기타,승용,여,65세 이상,상해없음,보행자,남,12세 이하,중상
2019081000100556,2019년 8월,토요일,서울특별시 광진구 구의동,중상사고,0,1,0,0,차대사람 - 기타,안전운전불이행,건조,맑음,단일로 - 기타,승합,남,31-40세,상해없음,보행자,여,61-64세,중상
2019081000100679,2019년 8월,토요일,서울특별시 광진구 중곡동,경상사고,0,0,2,0,차대차 - 충돌,신호위반,건조,맑음,교차로 - 교차로안,승용,남,31-40세,기타불명,승용,남,31-40세,경상
2.01908E+15,2019년 8월,일요일,서울특별시 광진구 중곡동,중상사고,0,1,0,0,차대차 - 기타,신호위반,건조,맑음,교차로 - 교차로안,승용,남,61-64세,상해없음,자전거,여,13-20세,중상
2019081100100128,2019년 8월,일요일,서울특별시 광진구 자양동,중상사고,0,1,0,0,차대사람 - 기타,안전운전불이행,건조,맑음,단일로 - 기타,승용,남,41-50세,상해없음,보행자,남,65세 이상,중상
2019081100100205,2019년 8월,일요일,서울특별시 광진구 능동,중상사고,0,1,0,0,차대차 - 충돌,안전운전불이행,기타,맑음,교차로 - 교차로안,화물,남,61-64세,상해없음,이륜,남,31-40세,중상
2.01908E+15,2019년 8월,일요일,서울특별시 광진구 구의동,경상사고,0,0,1,0,차대차 - 충돌,안전운전불이행,건조,맑음,단일로 - 기타,승용,남,31-40세,상해없음,승용,남,65세 이상,경상
2019081100100504,2019년 8월,일요일,서울특별시 광진구 화양동,부상신고사고,0,0,0,1,차량단독 - 기타,안전운전불이행,젖음/습기,비,단일로 - 기타,이륜,남,31-40세,부상신고,,,,
2019081200100176,2019년 8월,월요일,서울특별시 광진구 광장동,경상사고,0,0,1,0,차대사람 - 횡단중,안전운전불이행,젖음/습기,비,기타 - 기타,개인형이동수단(PM),남,51-60세,상해없음,보행자,남,41-50세,경상
2019081200100472,2019년 8월,월요일,서울특별시 광진구 중곡동,부상신고사고,0,0,0,1,차대차 - 충돌,불법유턴,건조,맑음,교차로 - 교차로부근,승용,남,41-50세,상해없음,승용,남,65세 이상,부상신고
2019081200100691,2019년 8월,월요일,서울특별시 광진구 자양동,중상사고,0,1,0,0,차대사람 - 기타,안전운전불이행,건조,맑음,단일로 - 기타,이륜,남,20세 이하,상해없음,보행자,여,65세 이상,중상
2019081300100108,2019년 8월,화요일,서울특별시 광진구 군자동,경상사고,0,0,1,0,차대차 - 충돌,교차로운행방법위반,건조,맑음,교차로 - 교차로안,자전거,여,51-60세,경상,승용,남,41-50세,상해없음
2.01908E+15,2019년 8월,화요일,서울특별시 광진구 자양동,중상사고,0,1,0,0,차대차 - 충돌,안전운전불이행,건조,맑음,단일로 - 기타,자전거,남,65세 이상,중상,승용,남,41-50세,상해없음
2019081300100464,2019년 8월,화요일,서울특별시 광진구 중곡동,경상사고,0,0,1,0,차대차 - 충돌,안전운전불이행,건조,맑음,단일로 - 기타,승합,남,31-40세,상해없음,승용,여,31-40세,상해없음
2019081400100047,2019년 8월,수요일,서울특별시 광진구 군자동,경상사고,0,0,1,0,차대차 - 충돌,직진우회전진행방해,건조,맑음,교차로 - 교차로안,승용,남,51-60세,상해없음,원동기,남,21-30세,경상
2019081400100308,2019년 8월,수요일,서울특별시 광진구 자양동,경상사고,0,0,1,0,차대차 - 기타,안전운전불이행,건조,맑음,단일로 - 기타,승용,남,41-50세,상해없음,이륜,남,31-40세,경상
2019081400100558,2019년 8월,수요일,서울특별시 광진구 자양동,중상사고,0,1,1,0,차대차 - 추돌,안전운전불이행,건조,맑음,단일로 - 교량,승용,남,20세 이하,상해없음,승용,여,51-60세,중상
2019081400100783,2019년 8월,수요일,서울특별시 광진구 군자동,중상사고,0,1,3,0,차대차 - 충돌,불법유턴,건조,맑음,단일로 - 기타,승용,남,51-60세,상해없음,승용,남,61-64세,경상
2019081500100449,2019년 8월,목요일,서울특별시 광진구 구의동,경상사고,0,0,1,0,차대차 - 충돌,안전운전불이행,건조,맑음,단일로 - 기타,승용,남,41-50세,상해없음,승합,남,51-60세,상해없음
2019081500100478,2019년 8월,목요일,서울특별시 광진구 구의동,경상사고,0,0,1,0,차대차 - 추돌,안전운전불이행,건조,맑음,교차로 - 교차로부근,승용,여,21-30세,상해없음,승용,여,31-40세,경상
2019081600100299,2019년 8월,금요일,서울특별시 광진구 중곡동,중상사고,0,1,0,0,차대사람 - 기타,안전운전불이행,건조,맑음,기타 - 기타,승용,남,65세 이상,상해없음,보행자,여,51-60세,중상
2019081600100379,2019년 8월,금요일,서울특별시 광진구 자양동,중상사고,0,1,0,0,차대사람 - 기타,안전운전불이행,건조,맑음,기타 - 기타,승용,여,31-40세,상해없음,보행자,여,65세 이상,중상
2019081600100422,2019년 8월,금요일,서울특별시 광진구 광장동,경상사고,0,0,5,0,차대차 - 추돌,안전운전불이행,건조,맑음,교차로 - 교차로부근,승용,남,41-50세,상해없음,승용,남,51-60세,경상
2019081600100683,2019년 8월,금요일,서울특별시 광진구 자양동,경상사고,0,0,2,0,차대사람 - 기타,안전운전불이행,건조,맑음,단일로 - 기타,개인형이동수단(PM),남,20세 이하,경상,보행자,여,13-20세,경상
2019081700100036,2019년 8월,토요일,서울특별시 광진구 능동,중상사고,0,1,3,0,차대차 - 추돌,안전운전불이행,기타,맑음,교차로 - 교차로안,승용,남,51-60세,상해없음,승용,여,61-64세,중상
2019081700100068,2019년 8월,토요일,서울특별시 광진구 구의동,경상사고,0,0,1,0,차대차 - 충돌,신호위반,건조,맑음,교차로 - 교차로부근,승용,남,65세 이상,상해없음,승용,남,31-40세,경상
2019081700100185,2019년 8월,토요일,서울특별시 광진구 구의동,경상사고,0,0,2,0,차대차 - 충돌,교차로운행방법위반,건조,맑음,교차로 - 교차로안,승용,여,51-60세,상해없음,승용,남,65세 이상,경상
2019081700100582,2019년 8월,토요일,서울특별시 광진구 중곡동,경상사고,0,0,4,0,차대차 - 기타,안전운전불이행,건조,맑음,단일로 - 기타,승용,남,41-50세,상해없음,승용,남,31-40세,경상
2019081700100638,2019년 8월,토요일,서울특별시 광진구 군자동,경상사고,0,0,1,0,차량단독 - 기타,안전운전불이행,건조,맑음,단일로 - 기타,개인형이동수단(PM),남,31-40세,경상,,,,
2019081800100254,2019년 8월,일요일,서울특별시 광진구 군자동,중상사고,0,1,3,0,차대차 - 추돌,안전운전불이행,건조,맑음,단일로 - 기타,승용,남,61-64세,상해없음,승용,남,31-40세,중상
2019081800100279,2019년 8월,일요일,서울특별시 광진구 구의동,경상사고,0,0,1,0,차대차 - 충돌,안전운전불이행,건조,맑음,주차장 - 주차장,승용,남,31-40세,상해없음,승용,남,21-30세,경상
2019081900100187,2019년 8월,월요일,서울특별시 광진구 화양동,중상사고,0,1,0,0,차대차 - 충돌,신호위반,건조,맑음,교차로 - 교차로안,승용,여,51-60세,상해없음,이륜,남,61-64세,중상
2019081900100312,2019년 8월,월요일,서울특별시 광진구 구의동,경상사고,0,0,1,0,차대사람 - 횡단중,보행자보호의무위반,건조,맑음,단일로 - 기타,승용,남,41-50세,상해없음,보행자,남,31-40세,경상
2.01908E+15,2019년 8월,월요일,서울특별시 광진구 구의동,경상사고,0,0,1,0,차대사람 - 길가장자리구역통행중,안전운전불이행,건조,맑음,단일로 - 기타,승용,남,51-60세,상해없음,보행자,남,65세 이상,경상
2019081900100412,2019년 8월,월요일,서울특별시 광진구 화양동,경상사고,0,0,2,0,차대차 - 충돌,안전운전불이행,건조,맑음,교차로 - 교차로안,승용,남,20세 이하,경상,승용,남,65세 이상,상해없음
2019081900100538,2019년 8월,월요일,서울특별시 광진구 구의동,경상사고,0,0,2,0,차대차 - 기타,안전운전불이행,기타,맑음,교차로 - 교차로안,승용,남,41-50세,경상,승용,여,13-20세,경상
2019081900100562,2019년 8월,월요일,서울특별시 광진구 화양동,경상사고,0,0,1,0,차대사람 - 기타,안전운전불이행,건조,맑음,교차로 - 교차로안,승용,남,21-30세,상해없음,보행자,남,31-40세,경상
2019082000100072,2019년 8월,화요일,서울특별시 광진구 중곡동,중상사고,0,1,0,0,차대차 - 추돌,안전운전불이행,건조,맑음,교차로 - 교차로안,승용,남,41-50세,상해없음,화물,남,61-64세,중상
2019082000100073,2019년 8월,화요일,서울특별시 광진구 구의동,경상사고,0,0,1,0,차대사람 - 차도통행중,안전운전불이행,기타,맑음,기타 - 기타,화물,남,51-60세,기타불명,보행자,여,65세 이상,경상
2019082000100289,2019년 8월,화요일,서울특별시 광진구 화양동,경상사고,0,0,1,0,차대차 - 충돌,안전운전불이행,건조,맑음,단일로 - 기타,이륜,남,61-64세,상해없음,이륜,남,21-30세,경상
2019082000100316,2019년 8월,화요일,서울특별시 광진구 자양동,경상사고,0,0,1,0,차대차 - 추돌,안전거리미확보,건조,맑음,단일로 - 기타,승용,여,51-60세,상해없음,승용,남,21-30세,경상
2019082100100182,2019년 8월,수요일,서울특별시 광진구 구의동,경상사고,0,0,1,0,차대사람 - 횡단중,신호위반,건조,맑음,교차로 - 교차로횡단보도내,이륜,남,20세 이하,상해없음,보행자,여,65세 이상,경상
2019082100100432,2019년 8월,수요일,서울특별시 광진구 자양동,경상사고,0,0,3,0,차대차 - 추돌,안전운전불이행,건조,맑음,단일로 - 기타,승용,남,61-64세,상해없음,승용,남,51-60세,경상
2019082100100538,2019년 8월,수요일,서울특별시 광진구 광장동,경상사고,0,0,3,0,차대차 - 추돌,안전운전불이행,기타,맑음,교차로 - 교차로부근,승합,남,31-40세,상해없음,승합,남,51-60세,상해없음
2019082200100105,2019년 8월,목요일,서울특별시 광진구 중곡동,경상사고,0,0,2,0,차대차 - 충돌,불법유턴,건조,맑음,단일로 - 기타,화물,남,65세 이상,상해없음,승용,남,31-40세,경상
2.01908E+15,2019년 8월,목요일,서울특별시 광진구 자양동,경상사고,0,0,2,0,차대차 - 충돌,교차로운행방법위반,건조,맑음,교차로 - 교차로부근,승용,남,21-30세,상해없음,승용,여,21-30세,경상
2019082300100336,2019년 8월,금요일,서울특별시 광진구 군자동,경상사고,0,0,1,0,차대사람 - 횡단중,보행자보호의무위반,건조,맑음,단일로 - 기타,승용,여,31-40세,상해없음,보행자,남,12세 이하,경상
2019082400100028,2019년 8월,토요일,서울특별시 광진구 자양동,부상신고사고,0,0,0,1,차대사람 - 기타,안전운전불이행,건조,맑음,교차로 - 교차로부근,승용,남,21-30세,기타불명,보행자,남,21-30세,부상신고
2019082400100107,2019년 8월,토요일,서울특별시 광진구 능동,경상사고,0,0,1,0,차대차 - 추돌,안전거리미확보,건조,맑음,단일로 - 기타,승용,남,31-40세,상해없음,승용,남,61-64세,경상
2019082400100193,2019년 8월,토요일,서울특별시 광진구 자양동,경상사고,0,0,1,0,차대차 - 충돌,안전운전불이행,건조,맑음,교차로 - 교차로부근,건설기계,남,31-40세,상해없음,승용,남,13-20세,경상
2019082500100053,2019년 8월,일요일,서울특별시 광진구 군자동,경상사고,0,0,2,0,차대차 - 충돌,안전운전불이행,건조,맑음,교차로 - 교차로안,승용,남,65세 이상,상해없음,승용,남,61-64세,경상
2019082500100379,2019년 8월,일요일,서울특별시 광진구 중곡동,경상사고,0,0,1,0,차대사람 - 기타,안전운전불이행,건조,맑음,교차로 - 교차로부근,승용,남,51-60세,상해없음,보행자,여,41-50세,경상
2.01908E+15,2019년 8월,일요일,서울특별시 광진구 군자동,경상사고,0,0,1,0,차대차 - 추돌,안전거리미확보,건조,맑음,단일로 - 기타,승합,남,31-40세,상해없음,이륜,남,31-40세,경상
2019082600100136,2019년 8월,월요일,서울특별시 광진구 자양동,경상사고,0,0,1,0,차대차 - 충돌,안전거리미확보,건조,맑음,단일로 - 기타,화물,남,41-50세,상해없음,승용,여,31-40세,경상
2019082600100447,2019년 8월,월요일,서울특별시 광진구 자양동,경상사고,0,0,1,0,차대차 - 추돌,안전운전불이행,건조,맑음,단일로 - 기타,승용,남,65세 이상,상해없음,승용,남,51-60세,경상
2019082700100033,2019년 8월,화요일,서울특별시 광진구 능동,중상사고,0,1,4,0,차대차 - 추돌,안전운전불이행,건조,맑음,기타 - 기타,승용,남,51-60세,상해없음,승용,남,61-64세,중상
2019082700100379,2019년 8월,화요일,서울특별시 광진구 구의동,경상사고,0,0,1,0,차대차 - 충돌,신호위반,기타,맑음,기타 - 기타,승용,남,61-64세,상해없음,승용,여,61-64세,경상
2.01908E+15,2019년 8월,화요일,서울특별시 광진구 군자동,부상신고사고,0,0,0,1,차량단독 - 기타,안전운전불이행,건조,맑음,단일로 - 기타,승합,남,51-60세,상해없음,,,,
2019082800100091,2019년 8월,수요일,서울특별시 광진구 자양동,경상사고,0,0,2,0,차대차 - 충돌,직진우회전진행방해,건조,맑음,교차로 - 교차로안,승용,남,65세 이상,상해없음,승용,여,51-60세,경상
2019082800100319,2019년 8월,수요일,서울특별시 광진구 구의동,중상사고,0,1,0,0,차대차 - 충돌,교차로운행방법위반,건조,맑음,교차로 - 교차로안,화물,남,41-50세,상해없음,자전거,남,21-30세,중상
2019082900100028,2019년 8월,목요일,서울특별시 광진구 능동,경상사고,0,0,1,0,차대차 - 추돌,안전운전불이행,건조,맑음,단일로 - 기타,화물,남,41-50세,상해없음,승용,남,51-60세,경상
2019082900100169,2019년 8월,목요일,서울특별시 광진구 자양동,경상사고,0,0,2,0,차대차 - 기타,신호위반,건조,맑음,교차로 - 교차로안,승용,여,61-64세,상해없음,이륜,남,41-50세,경상
2019082900100399,2019년 8월,목요일,서울특별시 광진구 자양동,경상사고,0,0,2,0,차대차 - 기타,불법유턴,건조,맑음,교차로 - 교차로안,이륜,남,21-30세,상해없음,승용,남,31-40세,경상
2019082900100558,2019년 8월,목요일,서울특별시 광진구 구의동,부상신고사고,0,0,0,1,차대차 - 기타,안전거리미확보,건조,맑음,단일로 - 기타,원동기,남,31-40세,부상신고,승합,남,41-50세,상해없음
2019083000100042,2019년 8월,금요일,서울특별시 광진구 중곡동,경상사고,0,0,3,0,차대차 - 충돌,신호위반,건조,맑음,교차로 - 교차로안,승용,남,61-64세,상해없음,승용,남,61-64세,경상
2019083000100283,2019년 8월,금요일,서울특별시 광진구 자양동,중상사고,0,1,1,0,차대차 - 기타,안전운전불이행,건조,맑음,교차로 - 교차로안,승용,남,65세 이상,상해없음,승용,여,41-50세,경상
2019083000100507,2019년 8월,금요일,서울특별시 광진구 광장동,경상사고,0,0,1,0,차대차 - 충돌,차로위반,건조,맑음,단일로 - 기타,승용,남,51-60세,상해없음,승용,남,31-40세,경상
2019083000100571,2019년 8월,금요일,서울특별시 광진구 화양동,경상사고,0,0,1,0,차대사람 - 길가장자리구역통행중,안전운전불이행,건조,맑음,단일로 - 기타,승용,여,41-50세,상해없음,보행자,남,21-30세,경상
2019083000100797,2019년 8월,금요일,서울특별시 광진구 화양동,경상사고,0,0,1,0,차대사람 - 기타,안전운전불이행,건조,맑음,단일로 - 기타,승용,남,21-30세,상해없음,보행자,남,21-30세,경상
2.01908E+15,2019년 8월,토요일,서울특별시 광진구 군자동,중상사고,0,1,0,0,차대사람 - 차도통행중,안전운전불이행,건조,맑음,단일로 - 기타,승용,여,20세 이하,상해없음,보행자,남,31-40세,중상
2019083100100243,2019년 8월,토요일,서울특별시 광진구 구의동,경상사고,0,0,1,0,차대사람 - 횡단중,안전운전불이행,건조,맑음,기타 - 기타,승용,남,41-50세,상해없음,보행자,여,21-30세,경상
2019083100100354,2019년 8월,토요일,서울특별시 광진구 자양동,중상사고,0,1,0,0,차대사람 - 차도통행중,안전운전불이행,건조,맑음,단일로 - 기타,승용,남,51-60세,상해없음,보행자,남,51-60세,중상
2019083100100523,2019년 8월,토요일,서울특별시 광진구 광장동,경상사고,0,0,1,0,차대사람 - 기타,안전운전불이행,기타,맑음,기타 - 기타,화물,남,41-50세,상해없음,보행자,남,21-30세,경상
2019083100100567,2019년 8월,토요일,서울특별시 광진구 구의동,경상사고,0,0,1,0,차대차 - 기타,안전거리미확보,건조,맑음,단일로 - 기타,승용,남,65세 이상,상해없음,승용,여,41-50세,경상
2019090100100148,2019년 9월,일요일,서울특별시 광진구 화양동,경상사고,0,0,2,0,차대사람 - 기타,안전거리미확보,건조,맑음,교차로 - 교차로부근,승용,남,31-40세,상해없음,보행자,여,13-20세,경상
2019090100100479,2019년 9월,일요일,서울특별시 광진구 군자동,경상사고,0,0,2,0,차대차 - 기타,안전운전불이행,건조,맑음,교차로 - 교차로안,승용,여,31-40세,상해없음,승용,여,21-30세,경상
2019090200100174,2019년 9월,월요일,서울특별시 광진구 중곡동,경상사고,0,0,3,0,차대차 - 추돌,안전운전불이행,기타,맑음,기타 - 기타,건설기계,남,61-64세,기타불명,승용,여,51-60세,경상
2019090200100215,2019년 9월,월요일,서울특별시 광진구 구의동,중상사고,0,1,1,0,차대차 - 충돌,안전거리미확보,건조,맑음,단일로 - 기타,건설기계,남,41-50세,상해없음,승용,남,65세 이상,중상
2019090200100251,2019년 9월,월요일,서울특별시 광진구 능동,경상사고,0,0,1,0,차대차 - 추돌,안전운전불이행,건조,맑음,단일로 - 기타,승용,남,65세 이상,상해없음,승용,여,31-40세,경상
2019090200100289,2019년 9월,월요일,서울특별시 광진구 자양동,중상사고,0,1,0,0,차대차 - 충돌,교차로운행방법위반,건조,맑음,교차로 - 교차로안,자전거,여,51-60세,중상,이륜,남,21-30세,상해없음