사고번호,발생년월,요일,시군구,사고내용,사망자수,중상자수,경상자수,부상신고자수,사고유형,법규위반,노면상태,기상상태,도로형태,가해운전자 차종,가해운전자 성별,가해운전자 연령대,가해운전자 상해정도,피해운전자 차종,피해운전자 성별,피해운전자 연령대,피해운전자 상해정도
2019090200100327,2019년 9월,월요일,서울특별시 광진구 중곡동,경상사고,0,0,1,0,차대차 - 충돌,중앙선침범,건조,맑음,단일로 - 기타,이륜,남,65세 이상,경상,승용,남,41-50세,상해없음
2019090300100326,2019년 9월,화요일,서울특별시 광진구 구의동,중상사고,0,1,2,0,차대차 - 추돌,안전운전불이행,건조,맑음,단일로 - 기타,승용,남,51-60세,상해없음,승용,남,61-64세,경상
2019090300100327,2019년 9월,화요일,서울특별시 광진구 자양동,경상사고,0,0,2,0,차대차 - 추돌,안전운전불이행,기타,맑음,교차로 - 교차로안,승용,남,41-50세,상해없음,승용,여,41-50세,경상
2019090300100364,2019년 9월,화요일,서울특별시 광진구 중곡동,중상사고,0,1,0,0,차대사람 - 횡단중,신호위반,건조,맑음,교차로 - 교차로횡단보도내,승용,남,51-60세,상해없음,보행자,여,51-60세,중상
2019090400100019,2019년 9월,수요일,서울특별시 광진구 자양동,경상사고,0,0,1,0,차대사람 - 기타,안전운전불이행,건조,맑음,단일로 - 기타,이륜,남,21-30세,상해없음,보행자,남,21-30세,경상
2.01909E+15,2019년 9월,수요일,서울특별시 광진구 자양동,경상사고,0,0,1,0,차대차 - 충돌,교차로운행방법위반,젖음/습기,비,교차로 - 교차로부근,승용,남,51-60세,상해없음,승용,남,31-40세,경상
2019090400100338,2019년 9월,수요일,서울특별시 광진구 자양동,중상사고,0,1,0,0,차대차 - 기타,안전거리미확보,건조,맑음,단일로 - 기타,승용,남,41-50세,기타불명,승합,남,61-64세,상해없음
2019090400100382,2019년 9월,수요일,서울특별시 광진구 화양동,경상사고,0,0,1,0,차대차 - 기타,교차로운행방법위반,건조,맑음,교차로 - 교차로안,승용,남,65세 이상,상해없음,원동기,남,21-30세,경상
2019090400100638,2019년 9월,수요일,서울특별시 광진구 구의동,중상사고,0,2,2,0,차대차 - 충돌,중앙선침범,건조,맑음,교차로 - 교차로안,승용,남,21-30세,상해없음,승용,남,41-50세,중상
2019090500100055,2019년 9월,목요일,서울특별시 광진구 화양동,경상사고,0,0,2,0,차대차 - 충돌,교차로운행방법위반,건조,맑음,교차로 - 교차로안,승용,남,51-60세,경상,승용,남,21-30세,상해없음
2019090500100342,2019년 9월,목요일,서울특별시 광진구 자양동,중상사고,0,1,0,0,차대사람 - 기타,안전운전불이행,젖음/습기,비,단일로 - 기타,승합,남,41-50세,상해없음,보행자,여,65세 이상,중상
2019090600100102,2019년 9월,금요일,서울특별시 광진구 구의동,경상사고,0,0,1,0,차대차 - 추돌,안전운전불이행,건조,맑음,교차로 - 교차로안,화물,남,31-40세,상해없음,승용,남,31-40세,경상
2019090600100224,2019년 9월,금요일,서울특별시 광진구 자양동,경상사고,0,0,1,0,차대차 - 충돌,교차로운행방법위반,건조,맑음,교차로 - 교차로안,승용,여,21-30세,상해없음,이륜,남,21-30세,경상
2019090600100225,2019년 9월,금요일,서울특별시 광진구 구의동,경상사고,0,0,1,0,차대차 - 추돌,안전운전불이행,건조,맑음,단일로 - 기타,승용,남,65세 이상,상해없음,승용,남,65세 이상,경상
2019090600100287,2019년 9월,금요일,서울특별시 광진구 군자동,경상사고,0,0,1,0,차대차 - 충돌,안전운전불이행,건조,맑음,단일로 - 기타,승합,남,61-64세,상해없음,승합,남,51-60세,상해없음
2019090700100072,2019년 9월,토요일,서울특별시 광진구 군자동,경상사고,0,0,1,0,차대차 - 기타,안전거리미확보,건조,맑음,단일로 - 기타,승용,남,61-64세,상해없음,승용,남,65세 이상,상해없음
2019090700100163,2019년 9월,토요일,서울특별시 광진구 자양동,중상사고,0,1,0,0,차대차 - 충돌,신호위반,건조,맑음,교차로 - 교차로안,승합,여,41-50세,상해없음,이륜,남,41-50세,중상
2019090700100278,2019년 9월,토요일,서울특별시 광진구 중곡동,경상사고,0,0,1,0,차대차 - 충돌,신호위반,건조,맑음,단일로 - 기타,승용,남,41-50세,상해없음,원동기,남,31-40세,경상
2019090700100435,2019년 9월,토요일,서울특별시 광진구 구의동,경상사고,0,0,1,0,차대차 - 충돌,교차로운행방법위반,젖음/습기,비,교차로 - 교차로부근,승용,남,65세 이상,상해없음,승용,남,21-30세,경상
2019090700100436,2019년 9월,토요일,서울특별시 광진구 군자동,경상사고,0,0,2,0,차대차 - 추돌,안전운전불이행,건조,맑음,단일로 - 기타,승용,남,51-60세,상해없음,승용,남,51-60세,경상
2019090800100019,2019년 9월,일요일,서울특별시 광진구 화양동,중상사고,0,1,0,0,차대사람 - 기타,교차로운행방법위반,건조,맑음,교차로 - 교차로안,승용,남,41-50세,상해없음,보행자,남,13-20세,중상
2.01909E+15,2019년 9월,월요일,서울특별시 광진구 능동,중상사고,0,1,0,0,차대사람 - 횡단중,안전운전불이행,건조,맑음,교차로 - 교차로부근,승용,남,41-50세,상해없음,보행자,여,31-40세,중상
2019090900100352,2019년 9월,월요일,서울특별시 광진구 중곡동,중상사고,0,1,0,0,차대사람 - 횡단중,안전운전불이행,건조,맑음,단일로 - 기타,승용,남,65세 이상,상해없음,보행자,여,51-60세,중상
2019091000100342,2019년 9월,화요일,서울특별시 광진구 중곡동,중상사고,0,1,0,0,차대차 - 기타,교차로운행방법위반,건조,흐림,교차로 - 교차로안,승용,여,51-60세,상해없음,이륜,남,41-50세,중상
2019091000100784,2019년 9월,화요일,서울특별시 광진구 광장동,중상사고,0,1,0,0,차대차 - 추돌,안전운전불이행,젖음/습기,비,단일로 - 기타,승용,남,41-50세,상해없음,승용,남,41-50세,중상
2019091100100092,2019년 9월,수요일,서울특별시 광진구 구의동,중상사고,0,1,0,0,차대사람 - 기타,안전운전불이행,젖음/습기,흐림,단일로 - 기타,승용,남,21-30세,상해없음,보행자,남,65세 이상,중상
2019091100100327,2019년 9월,수요일,서울특별시 광진구 구의동,부상신고사고,0,0,0,1,차대차 - 충돌,안전거리미확보,건조,맑음,교차로 - 교차로안,이륜,남,20세 이하,부상신고,승용,남,31-40세,상해없음
2.01909E+15,2019년 9월,수요일,서울특별시 광진구 군자동,중상사고,0,1,0,0,차대차 - 충돌,안전운전불이행,건조,맑음,단일로 - 기타,승용,남,61-64세,상해없음,화물,남,51-60세,상해없음
2019091100100456,2019년 9월,수요일,서울특별시 광진구 중곡동,경상사고,0,0,2,0,차대차 - 충돌,안전운전불이행,건조,맑음,단일로 - 기타,승용,남,51-60세,경상,승용,남,41-50세,경상
2019091100100457,2019년 9월,수요일,서울특별시 광진구 중곡동,경상사고,0,0,1,0,차대차 - 충돌,교차로운행방법위반,건조,맑음,교차로 - 교차로부근,승용,남,61-64세,상해없음,승용,여,41-50세,경상
2019091100100688,2019년 9월,수요일,서울특별시 광진구 구의동,부상신고사고,0,0,0,1,차대차 - 충돌,안전운전불이행,건조,맑음,교차로 - 교차로안,자전거,남,20세 이하,부상신고,승합,남,41-50세,상해없음
2019091100100689,2019년 9월,수요일,서울특별시 광진구 광장동,경상사고,0,0,1,0,차대차 - 충돌,안전거리미확보,건조,맑음,단일로 - 기타,승용,여,65세 이상,상해없음,승용,남,21-30세,경상
2019091200100489,2019년 9월,목요일,서울특별시 광진구 자양동,중상사고,0,1,0,0,차대차 - 기타,차로위반,젖음/습기,비,단일로 - 기타,승용,남,61-64세,상해없음,원동기,남,41-50세,중상
2019091300100055,2019년 9월,금요일,서울특별시 광진구 구의동,경상사고,0,0,1,0,차대차 - 추돌,안전운전불이행,건조,맑음,교차로 - 교차로안,승용,여,20세 이하,상해없음,승용,남,51-60세,경상
2019091300100321,2019년 9월,금요일,서울특별시 광진구 군자동,중상사고,0,1,3,0,차대차 - 충돌,안전거리미확보,건조,맑음,단일로 - 기타,승용,남,51-60세,상해없음,승용,남,41-50세,경상
2019091400100122,2019년 9월,토요일,서울특별시 광진구 군자동,경상사고,0,0,1,0,차대차 - 충돌,기타,건조,흐림,단일로 - 기타,승용,남,61-64세,상해없음,자전거,남,61-64세,경상
2019091400100123,2019년 9월,토요일,서울특별시 광진구 중곡동,경상사고,0,0,1,0,차대차 - 충돌,교차로운행방법위반,건조,맑음,교차로 - 교차로안,승용,남,31-40세,상해없음,승용,남,21-30세,경상
2019091400100218,2019년 9월,토요일,서울특별시 광진구 자양동,경상사고,0,0,1,0,차대사람 - 기타,안전운전불이행,젖음/습기,비,단일로 - 기타,자전거,남,41-50세,상해없음,보행자,여,51-60세,경상
2019091400100219,2019년 9월,토요일,서울특별시 광진구 화양동,경상사고,0,0,1,0,차대사람 - 차도통행중,안전운전불이행,건조,맑음,단일로 - 기타,승용,남,41-50세,상해없음,보행자,남,31-40세,경상
2019091400100301,2019년 9월,토요일,서울특별시 광진구 광장동,경상사고,0,0,1,0,차대차 - 추돌,안전운전불이행,젖음/습기,흐림,단일로 - 기타,승용,남,51-60세,상해없음,승용,여,41-50세,경상
2019091500100091,2019년 9월,일요일,서울특별시 광진구 중곡동,경상사고,0,0,3,0,차대차 - 충돌,차로위반,건조,맑음,단일로 - 기타,승용,남,21-30세,경상,승용,남,41-50세,상해없음
2019091500100328,2019년 9월,일요일,서울특별시 광진구 자양동,경상사고,0,0,1,0,차대차 - 충돌,안전운전불이행,건조,맑음,단일로 - 기타,자전거,남,41-50세,상해없음,자전거,여,41-50세,경상
2019091600100078,2019년 9월,월요일,서울특별시 광진구 구의동,중상사고,0,1,0,0,차량단독 - 전도전복,안전운전불이행,건조,맑음,단일로 - 기타,이륜,남,41-50세,중상,,,,
2019091700100255,2019년 9월,화요일,서울특별시 광진구 군자동,중상사고,0,1,0,0,차대차 - 충돌,안전운전불이행,건조,맑음,단일로 - 기타,승용,여,31-40세,상해없음,자전거,남,65세 이상,중상
2019091700100567,2019년 9월,화요일,서울특별시 광진구 중곡동,중상사고,0,1,0,0,차대차 - 기타,안전운전불이행,건조,맑음,교차로 - 교차로안,승용,여,31-40세,상해없음,이륜,남,41-50세,중상
2019091800100273,2019년 9월,수요일,서울특별시 광진구 구의동,경상사고,0,0,1,0,차대사람 - 기타,안전운전불이행,건조,맑음,단일로 - 기타,승용,남,31-40세,상해없음,보행자,남,61-64세,경상
2019091800100576,2019년 9월,수요일,서울특별시 광진구 중곡동,경상사고,0,0,1,0,차대사람 - 기타,안전운전불이행,건조,맑음,단일로 - 기타,승용,남,41-50세,상해없음,보행자,여,61-64세,경상
2019091900100051,2019년 9월,목요일,서울특별시 광진구 화양동,중상사고,0,1,0,0,차대사람 - 기타,안전운전불이행,건조,맑음,단일로 - 기타,승용,남,51-60세,상해없음,보행자,남,21-30세,중상
2019091900100313,2019년 9월,목요일,서울특별시 광진구 자양동,경상사고,0,0,1,0,차대차 - 추돌,안전운전불이행,건조,맑음,교차로 - 교차로부근,승용,여,41-50세,기타불명,승용,남,41-50세,경상
2019091900100577,2019년 9월,목요일,서울특별시 광진구 자양동,중상사고,0,1,0,0,차대사람 - 기타,안전운전불이행,건조,맑음,단일로 - 기타,자전거,남,21-30세,상해없음,보행자,남,31-40세,중상
2019091900100606,2019년 9월,목요일,서울특별시 광진구 자양동,경상사고,0,0,1,0,차대사람 - 보도통행중,기타,건조,맑음,기타 - 기타,개인형이동수단(PM),여,20세 이하,상해없음,보행자,여,41-50세,경상
2019092000100633,2019년 9월,금요일,서울특별시 광진구 구의동,부상신고사고,0,0,0,1,차량단독 - 전도전복,안전운전불이행,건조,맑음,교차로 - 교차로부근,자전거,여,20세 이하,부상신고,,,,
2019092000100664,2019년 9월,금요일,서울특별시 광진구 자양동,경상사고,0,0,1,0,차대차 - 충돌,안전운전불이행,건조,맑음,단일로 - 기타,승용,남,41-50세,상해없음,승용,여,31-40세,경상
2019092100100051,2019년 9월,토요일,서울특별시 광진구 자양동,중상사고,0,1,0,0,차대사람 - 횡단중,안전운전불이행,건조,맑음,단일로 - 기타,승용,남,51-60세,상해없음,보행자,남,21-30세,중상
2019092100100052,2019년 9월,토요일,서울특별시 광진구 화양동,경상사고,0,0,4,0,차대차 - 충돌,안전거리미확보,건조,맑음,단일로 - 기타,승용,남,51-60세,상해없음,승용,남,21-30세,경상
2019092100100446,2019년 9월,토요일,서울특별시 광진구 자양동,경상사고,0,0,1,0,차대사람 - 기타,안전운전불이행,건조,맑음,단일로 - 기타,자전거,남,41-50세,경상,보행자,여,12세 이하,상해없음
2019092100100544,2019년 9월,토요일,서울특별시 광진구 중곡동,경상사고,0,0,2,0,차대차 - 충돌,차로위반,건조,맑음,단일로 - 기타,승용,남,31-40세,경상,승용,남,51-60세,경상
2.01909E+15,2019년 9월,일요일,서울특별시 광진구 구의동,경상사고,0,0,1,0,차대차 - 충돌,신호위반,건조,맑음,교차로 - 교차로안,승합,남,65세 이상,상해없음,승용,남,31-40세,경상
2019092200100496,2019년 9월,일요일,서울특별시 광진구 중곡동,중상사고,0,1,0,0,차대사람 - 횡단중,안전운전불이행,건조,맑음,단일로 - 기타,승용,남,51-60세,상해없음,보행자,남,41-50세,중상
2019092200100497,2019년 9월,일요일,서울특별시 광진구 광장동,중상사고,0,2,0,0,차대차 - 충돌,신호위반,건조,맑음,교차로 - 교차로안,승용,남,31-40세,상해없음,승용,남,31-40세,중상
2019092300100065,2019년 9월,월요일,서울특별시 광진구 자양동,중상사고,0,3,1,0,차대차 - 충돌,안전운전불이행,건조,맑음,단일로 - 기타,승용,남,31-40세,상해없음,승용,여,65세 이상,중상
2019092300100083,2019년 9월,월요일,서울특별시 광진구 중곡동,중상사고,0,1,0,0,차대차 - 충돌,차로위반,건조,맑음,단일로 - 기타,승용,남,65세 이상,상해없음,이륜,남,31-40세,중상
2019092300100116,2019년 9월,월요일,서울특별시 광진구 자양동,경상사고,0,0,1,0,차대차 - 충돌,안전운전불이행,건조,맑음,교차로 - 교차로안,승용,여,21-30세,상해없음,승용,남,41-50세,경상
2019092300100167,2019년 9월,월요일,서울특별시 광진구 광장동,경상사고,0,0,1,0,차대차 - 충돌,기타,건조,맑음,단일로 - 기타,이륜,남,51-60세,경상,승합,남,51-60세,상해없음
2019092300100431,2019년 9월,월요일,서울특별시 광진구 자양동,경상사고,0,0,1,0,차대사람 - 기타,안전운전불이행,건조,맑음,단일로 - 기타,승용,남,61-64세,상해없음,보행자,여,51-60세,경상
2019092300100658,2019년 9월,월요일,서울특별시 광진구 자양동,경상사고,0,0,1,0,차대차 - 기타,안전거리미확보,건조,맑음,교차로 - 교차로안,승용,남,21-30세,상해없음,이륜,남,51-60세,경상
2019092400100029,2019년 9월,화요일,서울특별시 광진구 능동,경상사고,0,0,1,0,차대차 - 추돌,안전운전불이행,건조,맑음,교차로 - 교차로부근,이륜,남,21-30세,상해없음,이륜,남,31-40세,경상
2019092400100045,2019년 9월,화요일,서울특별시 광진구 자양동,경상사고,0,0,1,0,차량단독 - 기타,안전운전불이행,건조,맑음,단일로 - 기타,승용,남,65세 이상,상해없음,,,,
2019092400100244,2019년 9월,화요일,서울특별시 광진구 구의동,경상사고,0,0,1,0,차대사람 - 기타,신호위반,기타,맑음,기타 - 기타,승용,남,65세 이상,상해없음,보행자,남,21-30세,경상
2019092500100284,2019년 9월,수요일,서울특별시 광진구 자양동,중상사고,0,1,0,0,차대차 - 충돌,신호위반,건조,맑음,교차로 - 교차로안,승합,남,41-50세,상해없음,이륜,남,21-30세,중상
2019092500100309,2019년 9월,수요일,서울특별시 광진구 중곡동,중상사고,0,1,0,0,차대차 - 충돌,신호위반,건조,맑음,교차로 - 교차로안,개인형이동수단(PM),남,51-60세,상해없음,이륜,남,51-60세,중상
2019092600100427,2019년 9월,목요일,서울특별시 광진구 자양동,경상사고,0,0,1,0,차대차 - 충돌,신호위반,건조,맑음,단일로 - 기타,화물,남,41-50세,상해없음,자전거,남,51-60세,경상
2019092700100593,2019년 9월,금요일,서울특별시 광진구 자양동,경상사고,0,0,1,0,차대차 - 기타,안전거리미확보,건조,맑음,단일로 - 기타,이륜,여,51-60세,상해없음,이륜,남,31-40세,경상
2019092700100686,2019년 9월,금요일,서울특별시 광진구 화양동,경상사고,0,0,1,0,차대사람 - 기타,안전운전불이행,기타,맑음,단일로 - 기타,승용,남,31-40세,상해없음,보행자,남,21-30세,경상
2019092800100339,2019년 9월,토요일,서울특별시 광진구 군자동,경상사고,0,0,1,0,차대사람 - 기타,안전운전불이행,건조,맑음,단일로 - 기타,승용,남,65세 이상,상해없음,보행자,여,51-60세,경상
2019092800100562,2019년 9월,토요일,서울특별시 광진구 중곡동,경상사고,0,0,1,0,차대차 - 기타,기타,건조,맑음,단일로 - 기타,승용,남,51-60세,상해없음,이륜,남,31-40세,경상
2019092800100608,2019년 9월,토요일,서울특별시 광진구 자양동,중상사고,0,1,0,0,차대차 - 충돌,안전거리미확보,건조,맑음,단일로 - 기타,승용,남,51-60세,상해없음,승용,여,21-30세,상해없음
2019092900100049,2019년 9월,일요일,서울특별시 광진구 화양동,부상신고사고,0,0,0,1,차대차 - 충돌,교차로운행방법위반,건조,맑음,교차로 - 교차로안,원동기,남,41-50세,부상신고,승용,남,51-60세,상해없음
2019092900100075,2019년 9월,일요일,서울특별시 광진구 화양동,경상사고,0,0,1,1,차대차 - 추돌,안전운전불이행,건조,맑음,단일로 - 기타,승용,남,41-50세,상해없음,승용,남,61-64세,상해없음
2019092900100087,2019년 9월,일요일,서울특별시 광진구 광장동,중상사고,0,1,0,0,차대사람 - 횡단중,신호위반,건조,맑음,교차로 - 교차로횡단보도내,원동기,남,61-64세,상해없음,보행자,남,51-60세,중상
2019092900100178,2019년 9월,일요일,서울특별시 광진구 자양동,중상사고,0,1,2,0,차대차 - 추돌,안전거리미확보,건조,맑음,단일로 - 기타,승용,남,65세 이상,상해없음,승용,남,41-50세,경상
2019092900100504,2019년 9월,일요일,서울특별시 광진구 자양동,경상사고,0,0,1,0,차대사람 - 횡단중,신호위반,건조,맑음,단일로 - 고가도로위,승용,남,61-64세,상해없음,보행자,여,21-30세,경상
2019092900100535,2019년 9월,일요일,서울특별시 광진구 자양동,경상사고,0,0,1,0,차대차 - 충돌,안전운전불이행,건조,맑음,교차로 - 교차로부근,승용,남,65세 이상,상해없음,승용,남,31-40세,경상
2019093000100203,2019년 9월,월요일,서울특별시 광진구 군자동,경상사고,0,0,1,0,차대차 - 추돌,안전운전불이행,기타,맑음,기타 - 기타,화물,남,31-40세,상해없음,승용,여,31-40세,경상
2019093000100388,2019년 9월,월요일,서울특별시 광진구 광장동,중상사고,0,1,0,0,차대사람 - 기타,안전운전불이행,건조,맑음,단일로 - 기타,자전거,남,20세 이하,상해없음,보행자,여,12세 이하,중상
2019093000100596,2019년 9월,월요일,서울특별시 광진구 화양동,경상사고,0,0,2,0,차대차 - 충돌,교차로운행방법위반,건조,맑음,교차로 - 교차로부근,원동기,남,51-60세,상해없음,승용,여,31-40세,경상
2019093000100673,2019년 9월,월요일,서울특별시 광진구 군자동,경상사고,0,0,2,0,차대차 - 추돌,안전운전불이행,건조,맑음,단일로 - 기타,승용,남,61-64세,상해없음,승용,남,31-40세,경상
2019100100100031,2019년 10월,화요일,서울특별시 광진구 자양동,경상사고,0,0,1,0,차대사람 - 기타,안전운전불이행,건조,맑음,단일로 - 기타,승용,남,65세 이상,상해없음,보행자,남,21-30세,경상
2019100100100242,2019년 10월,화요일,서울특별시 광진구 중곡동,경상사고,0,0,1,0,차대차 - 충돌,교차로운행방법위반,건조,맑음,교차로 - 교차로부근,승용,남,65세 이상,상해없음,승용,남,61-64세,상해없음
2.0191E+15,2019년 10월,화요일,서울특별시 광진구 능동,중상사고,0,2,0,0,차대차 - 충돌,불법유턴,건조,맑음,단일로 - 기타,승용,남,21-30세,상해없음,이륜,남,13-20세,중상
2019100100100561,2019년 10월,화요일,서울특별시 광진구 구의동,경상사고,0,0,1,0,차대차 - 충돌,안전운전불이행,건조,맑음,교차로 - 교차로안,이륜,남,31-40세,경상,승용,남,51-60세,기타불명
2019100300100123,2019년 10월,목요일,서울특별시 광진구 군자동,경상사고,0,0,3,0,차대차 - 충돌,신호위반,젖음/습기,비,교차로 - 교차로안,승용,남,65세 이상,상해없음,승용,남,51-60세,경상
2019100300100435,2019년 10월,목요일,서울특별시 광진구 자양동,경상사고,0,0,1,0,차대차 - 기타,직진우회전진행방해,기타,맑음,교차로 - 교차로부근,원동기,남,21-30세,상해없음,자전거,여,65세 이상,경상
2019100300100475,2019년 10월,목요일,서울특별시 광진구 화양동,경상사고,0,0,1,0,차대차 - 기타,안전운전불이행,건조,맑음,교차로 - 교차로안,승용,남,51-60세,상해없음,원동기,남,31-40세,경상
2019100300100599,2019년 10월,목요일,서울특별시 광진구 구의동,경상사고,0,0,2,0,차대차 - 추돌,안전운전불이행,건조,맑음,단일로 - 기타,이륜,남,21-30세,경상,승용,남,65세 이상,경상
2019100400100095,2019년 10월,금요일,서울특별시 광진구 자양동,중상사고,0,1,0,0,차대사람 - 기타,안전운전불이행,건조,맑음,교차로 - 교차로횡단보도내,화물,남,51-60세,상해없음,보행자,여,61-64세,중상
2019100400100273,2019년 10월,금요일,서울특별시 광진구 화양동,중상사고,0,1,0,0,차대차 - 충돌,차로위반,건조,맑음,단일로 - 기타,화물,남,41-50세,상해없음,승용,여,41-50세,중상
2019100400100323,2019년 10월,금요일,서울특별시 광진구 자양동,경상사고,0,0,1,0,차대차 - 기타,안전거리미확보,건조,맑음,단일로 - 기타,기타불명,기타불명,기타불명,기타불명,화물,남,51-60세,경상
2019100400100371,2019년 10월,금요일,서울특별시 광진구 자양동,경상사고,0,0,1,0,차대사람 - 기타,신호위반,건조,맑음,단일로 - 기타,이륜,남,41-50세,상해없음,보행자,남,21-30세,경상
2019100400100423,2019년 10월,금요일,서울특별시 광진구 자양동,경상사고,0,0,1,0,차대차 - 충돌,안전운전불이행,건조,맑음,단일로 - 기타,화물,남,41-50세,상해없음,이륜,남,51-60세,경상
2019100600100504,2019년 10월,일요일,서울특별시 광진구 화양동,경상사고,0,0,1,0,차대사람 - 기타,안전운전불이행,건조,맑음,단일로 - 기타,승용,남,31-40세,상해없음,보행자,여,13-20세,경상
2019100700100225,2019년 10월,월요일,서울특별시 광진구 구의동,경상사고,0,0,1,0,차대차 - 충돌,안전운전불이행,젖음/습기,비,교차로 - 교차로안,승용,남,65세 이상,상해없음,승용,남,41-50세,경상
2019100700100226,2019년 10월,월요일,서울특별시 광진구 군자동,경상사고,0,0,1,0,차대차 - 충돌,차로위반,건조,맑음,단일로 - 기타,승용,남,65세 이상,기타불명,이륜,남,31-40세,경상
2.0191E+15,2019년 10월,월요일,서울특별시 광진구 자양동,중상사고,0,1,1,0,차대사람 - 기타,안전운전불이행,건조,맑음,단일로 - 기타,특수,남,51-60세,상해없음,보행자,여,41-50세,경상
2019100700100511,2019년 10월,월요일,서울특별시 광진구 능동,경상사고,0,0,1,0,차대사람 - 기타,안전운전불이행,기타,맑음,교차로 - 교차로안,승합,남,65세 이상,상해없음,보행자,남,31-40세,경상
2019100800100395,2019년 10월,화요일,서울특별시 광진구 자양동,경상사고,0,0,1,0,차대차 - 충돌,신호위반,건조,맑음,교차로 - 교차로안,이륜,남,21-30세,상해없음,이륜,남,41-50세,경상
2019100900100352,2019년 10월,수요일,서울특별시 광진구 중곡동,중상사고,0,1,0,0,차대차 - 충돌,안전운전불이행,건조,맑음,단일로 - 기타,원동기,남,51-60세,중상,승용,남,61-64세,상해없음
2019101000100195,2019년 10월,목요일,서울특별시 광진구 군자동,경상사고,0,0,1,0,차대사람 - 횡단중,보행자보호의무위반,기타,맑음,교차로 - 교차로횡단보도내,자전거,남,65세 이상,상해없음,보행자,여,65세 이상,경상
2019101000100519,2019년 10월,목요일,서울특별시 광진구 군자동,중상사고,0,1,0,0,차대사람 - 기타,안전운전불이행,건조,맑음,단일로 - 기타,승용,여,31-40세,상해없음,보행자,여,65세 이상,중상
2019101100100179,2019년 10월,금요일,서울특별시 광진구 군자동,경상사고,0,0,1,0,차대차 - 충돌,기타,건조,맑음,단일로 - 기타,승용,남,65세 이상,상해없음,이륜,남,31-40세,경상
2019101100100493,2019년 10월,금요일,서울특별시 광진구 군자동,중상사고,0,1,0,0,차대사람 - 기타,보행자보호의무위반,건조,맑음,단일로 - 기타,화물,남,41-50세,상해없음,보행자,여,51-60세,중상
2019101100100715,2019년 10월,금요일,서울특별시 광진구 중곡동,중상사고,0,1,2,0,차대차 - 충돌,안전운전불이행,건조,맑음,교차로 - 교차로안,승용,남,41-50세,상해없음,승용,남,61-64세,경상
2019101200100134,2019년 10월,토요일,서울특별시 광진구 광장동,경상사고,0,0,1,0,차대차 - 충돌,신호위반,건조,맑음,교차로 - 교차로안,승합,남,51-60세,상해없음,승용,여,41-50세,경상
2019101200100335,2019년 10월,토요일,서울특별시 광진구 군자동,중상사고,0,1,0,0,차대차 - 충돌,신호위반,건조,맑음,교차로 - 교차로안,원동기,남,31-40세,중상,승용,여,31-40세,상해없음
2019101200100393,2019년 10월,토요일,서울특별시 광진구 화양동,경상사고,0,0,1,0,차대사람 - 차도통행중,안전운전불이행,건조,맑음,단일로 - 기타,승용,여,31-40세,상해없음,보행자,남,31-40세,경상
2019101200100491,2019년 10월,토요일,서울특별시 광진구 구의동,경상사고,0,0,1,0,차대사람 - 기타,안전운전불이행,건조,맑음,단일로 - 기타,승용,남,31-40세,상해없음,보행자,남,12세 이하,경상
2019101200100492,2019년 10월,토요일,서울특별시 광진구 구의동,경상사고,0,0,1,0,차대차 - 충돌,안전거리미확보,건조,맑음,단일로 - 기타,승용,남,65세 이상,상해없음,이륜,남,61-64세,상해없음
2019101200100629,2019년 10월,토요일,서울특별시 광진구 화양동,경상사고,0,0,1,0,차대차 - 충돌,안전운전불이행,건조,맑음,교차로 - 교차로부근,승용,남,21-30세,상해없음,원동기,남,21-30세,경상
2019101300100046,2019년 10월,일요일,서울특별시 광진구 화양동,중상사고,0,1,0,0,차대차 - 기타,안전운전불이행,건조,맑음,단일로 - 기타,승용,남,20세 이하,상해없음,원동기,남,41-50세,중상
2019101300100139,2019년 10월,일요일,서울특별시 광진구 군자동,경상사고,0,0,1,0,차대차 - 추돌,안전거리미확보,건조,맑음,교차로 - 교차로부근,승용,남,41-50세,상해없음,승용,여,21-30세,경상
2019101300100319,2019년 10월,일요일,서울특별시 광진구 구의동,경상사고,0,0,1,0,차대사람 - 기타,안전운전불이행,건조,맑음,단일로 - 기타,승용,남,61-64세,상해없음,보행자,남,65세 이상,경상
2019101400100199,2019년 10월,월요일,서울특별시 광진구 자양동,경상사고,0,0,1,0,차대차 - 충돌,안전거리미확보,건조,맑음,단일로 - 기타,승용,여,31-40세,상해없음,승용,여,41-50세,경상
2019101400100664,2019년 10월,월요일,서울특별시 광진구 구의동,중상사고,0,2,0,0,차대차 - 충돌,안전운전불이행,건조,맑음,단일로 - 기타,자전거,남,51-60세,중상,자전거,남,41-50세,중상
2019101400100747,2019년 10월,월요일,서울특별시 광진구 자양동,중상사고,0,1,0,0,차량단독 - 기타,안전운전불이행,건조,맑음,단일로 - 기타,승합,남,51-60세,상해없음,,,,
2019101500100296,2019년 10월,화요일,서울특별시 광진구 능동,경상사고,0,0,1,0,차대차 - 추돌,안전운전불이행,건조,맑음,단일로 - 기타,승용,남,21-30세,상해없음,승합,남,61-64세,경상
2019101500100554,2019년 10월,화요일,서울특별시 광진구 구의동,경상사고,0,0,1,0,차대사람 - 기타,안전운전불이행,건조,맑음,단일로 - 기타,기타불명,기타불명,기타불명,기타불명,보행자,여,21-30세,경상