사고번호,발생년월,요일,시군구,사고내용,사망자수,중상자수,경상자수,부상신고자수,사고유형,법규위반,노면상태,기상상태,도로형태,가해운전자 차종,가해운전자 성별,가해운전자 연령대,가해운전자 상해정도,피해운전자 차종,피해운전자 성별,피해운전자 연령대,피해운전자 상해정도
2019112900100527,2019년 11월,금요일,서울특별시 광진구 화양동,경상사고,0,0,1,0,차대사람 - 기타,안전운전불이행,건조,맑음,단일로 - 기타,승용,여,31-40세,상해없음,보행자,남,21-30세,경상
2019113000100047,2019년 11월,토요일,서울특별시 광진구 자양동,중상사고,0,1,0,0,차대차 - 추돌,안전운전불이행,건조,맑음,단일로 - 기타,승용,여,31-40세,상해없음,승용,남,61-64세,상해없음
2019113000100434,2019년 11월,토요일,서울특별시 광진구 중곡동,경상사고,0,0,1,0,차대차 - 기타,교차로운행방법위반,건조,맑음,교차로 - 교차로안,원동기,남,31-40세,상해없음,승용,남,31-40세,상해없음
2019113000100481,2019년 11월,토요일,서울특별시 광진구 화양동,경상사고,0,0,1,0,차대사람 - 기타,안전운전불이행,건조,맑음,단일로 - 기타,승용,여,21-30세,상해없음,보행자,남,65세 이상,경상
2019120100100104,2019년 12월,일요일,서울특별시 광진구 화양동,경상사고,0,0,1,0,차대차 - 충돌,안전운전불이행,건조,맑음,교차로 - 교차로안,승용,남,41-50세,상해없음,승용,남,41-50세,경상
2019120100100515,2019년 12월,일요일,서울특별시 광진구 자양동,경상사고,0,0,2,0,차대차 - 충돌,안전거리미확보,젖음/습기,흐림,단일로 - 기타,승용,남,21-30세,경상,승용,남,41-50세,경상
2.01912E+15,2019년 12월,월요일,서울특별시 광진구 군자동,부상신고사고,0,0,0,1,차대사람 - 기타,안전운전불이행,건조,맑음,단일로 - 기타,승합,남,51-60세,상해없음,보행자,여,65세 이상,부상신고
2019120200100531,2019년 12월,월요일,서울특별시 광진구 중곡동,중상사고,0,1,0,0,차대사람 - 기타,안전운전불이행,기타,맑음,기타 - 기타,승용,여,51-60세,상해없음,보행자,남,41-50세,중상
2019120300100255,2019년 12월,화요일,서울특별시 광진구 화양동,경상사고,0,0,1,0,차대차 - 추돌,안전운전불이행,건조,맑음,단일로 - 기타,화물,남,51-60세,상해없음,승합,남,51-60세,경상
2019120300100372,2019년 12월,화요일,서울특별시 광진구 자양동,경상사고,0,0,1,0,차대사람 - 기타,안전운전불이행,건조,맑음,단일로 - 기타,자전거,남,20세 이하,기타불명,보행자,남,51-60세,경상
2.01912E+15,2019년 12월,화요일,서울특별시 광진구 광장동,경상사고,0,0,1,0,차대차 - 추돌,안전운전불이행,젖음/습기,비,단일로 - 기타,승용,남,31-40세,상해없음,화물,남,61-64세,경상
2019120400100314,2019년 12월,수요일,서울특별시 광진구 광장동,경상사고,0,0,2,0,차대차 - 충돌,안전거리미확보,건조,맑음,단일로 - 기타,화물,남,41-50세,상해없음,승용,여,31-40세,경상
2019120400100688,2019년 12월,수요일,서울특별시 광진구 구의동,경상사고,0,0,1,0,차대사람 - 기타,안전운전불이행,건조,맑음,교차로 - 교차로부근,승용,남,41-50세,상해없음,보행자,남,41-50세,경상
2019120500100448,2019년 12월,목요일,서울특별시 광진구 능동,경상사고,0,0,1,0,차대사람 - 기타,안전운전불이행,건조,맑음,단일로 - 기타,승용,남,31-40세,상해없음,보행자,여,12세 이하,경상
2019120600100502,2019년 12월,금요일,서울특별시 광진구 구의동,경상사고,0,0,1,0,차대차 - 추돌,안전운전불이행,건조,맑음,단일로 - 기타,화물,남,31-40세,상해없음,화물,남,51-60세,경상
2019120700100388,2019년 12월,토요일,서울특별시 광진구 구의동,중상사고,0,1,0,0,차대차 - 충돌,안전운전불이행,건조,맑음,단일로 - 기타,이륜,남,21-30세,중상,승용,여,51-60세,상해없음
2019120700100522,2019년 12월,토요일,서울특별시 광진구 능동,경상사고,0,0,1,0,차대차 - 추돌,안전운전불이행,기타,맑음,단일로 - 기타,승용,남,51-60세,기타불명,승용,남,31-40세,경상
2019120700100523,2019년 12월,토요일,서울특별시 광진구 자양동,경상사고,0,0,3,0,차대차 - 추돌,안전운전불이행,건조,맑음,교차로 - 교차로안,승용,남,51-60세,상해없음,승용,남,31-40세,경상
2019120700100639,2019년 12월,토요일,서울특별시 광진구 중곡동,경상사고,0,0,2,0,차대차 - 충돌,안전거리미확보,건조,맑음,단일로 - 기타,승용,여,31-40세,기타불명,승용,남,31-40세,경상
2019120800100048,2019년 12월,일요일,서울특별시 광진구 구의동,경상사고,0,0,1,0,차대차 - 충돌,안전운전불이행,건조,맑음,교차로 - 교차로안,승용,남,31-40세,상해없음,승용,남,65세 이상,경상
2019120800100136,2019년 12월,일요일,서울특별시 광진구 자양동,경상사고,0,0,1,0,차대사람 - 기타,안전운전불이행,건조,맑음,교차로 - 교차로안,승용,남,31-40세,상해없음,보행자,여,41-50세,경상
2019120800100445,2019년 12월,일요일,서울특별시 광진구 구의동,중상사고,0,1,0,0,차대사람 - 횡단중,안전운전불이행,건조,맑음,교차로 - 교차로안,승용,여,21-30세,상해없음,보행자,남,61-64세,중상
2019120900100078,2019년 12월,월요일,서울특별시 광진구 중곡동,중상사고,0,1,0,0,차대사람 - 횡단중,신호위반,건조,맑음,교차로 - 교차로안,승용,남,61-64세,상해없음,보행자,남,41-50세,중상
2019121000100562,2019년 12월,화요일,서울특별시 광진구 구의동,중상사고,0,1,0,0,차대차 - 추돌,안전운전불이행,기타,맑음,기타 - 기타,승용,남,65세 이상,기타불명,이륜,남,51-60세,중상
2019121000100687,2019년 12월,화요일,서울특별시 광진구 중곡동,경상사고,0,0,3,0,차대차 - 기타,신호위반,기타,맑음,교차로 - 교차로안,승용,여,21-30세,상해없음,승용,남,41-50세,경상
2019121100100105,2019년 12월,수요일,서울특별시 광진구 중곡동,경상사고,0,0,1,0,차대차 - 충돌,교차로운행방법위반,건조,맑음,교차로 - 교차로안,승용,남,65세 이상,상해없음,승용,여,51-60세,경상
2019121100100166,2019년 12월,수요일,서울특별시 광진구 군자동,경상사고,0,0,1,0,차대사람 - 기타,안전운전불이행,젖음/습기,맑음,단일로 - 기타,이륜,남,20세 이하,상해없음,보행자,남,21-30세,경상
2019121100100604,2019년 12월,수요일,서울특별시 광진구 중곡동,경상사고,0,0,1,0,차대사람 - 횡단중,안전운전불이행,건조,맑음,단일로 - 기타,이륜,남,41-50세,상해없음,보행자,여,21-30세,경상
2019121300100454,2019년 12월,금요일,서울특별시 광진구 광장동,경상사고,0,0,1,0,차대사람 - 기타,안전운전불이행,건조,맑음,교차로 - 교차로횡단보도내,기타불명,기타불명,기타불명,기타불명,보행자,남,41-50세,경상
2019121300100764,2019년 12월,금요일,서울특별시 광진구 자양동,경상사고,0,0,1,0,차대사람 - 횡단중,보행자보호의무위반,젖음/습기,비,단일로 - 기타,원동기,남,51-60세,상해없음,보행자,여,41-50세,경상
2019121400100759,2019년 12월,토요일,서울특별시 광진구 군자동,경상사고,0,0,1,0,차대차 - 추돌,신호위반,건조,맑음,교차로 - 교차로안,승용,남,65세 이상,상해없음,이륜,남,21-30세,경상
2019121500100197,2019년 12월,일요일,서울특별시 광진구 군자동,부상신고사고,0,0,0,1,차대차 - 충돌,기타,건조,맑음,교차로 - 교차로안,승용,남,21-30세,상해없음,이륜,남,51-60세,부상신고
2019121600100341,2019년 12월,월요일,서울특별시 광진구 자양동,부상신고사고,0,0,0,1,차대차 - 충돌,안전운전불이행,건조,맑음,교차로 - 교차로안,화물,남,65세 이상,상해없음,자전거,남,65세 이상,부상신고
2.01912E+15,2019년 12월,화요일,서울특별시 광진구 구의동,경상사고,0,0,1,0,차대차 - 충돌,중앙선침범,건조,맑음,교차로 - 교차로안,원동기,남,21-30세,경상,승용,남,31-40세,상해없음
2019121800100521,2019년 12월,수요일,서울특별시 광진구 화양동,경상사고,0,0,1,0,차대사람 - 기타,안전운전불이행,건조,맑음,단일로 - 기타,승용,남,61-64세,상해없음,보행자,남,41-50세,경상
2019121800100598,2019년 12월,수요일,서울특별시 광진구 광장동,중상사고,0,3,1,0,차대차 - 충돌,중앙선침범,건조,맑음,단일로 - 교량,승용,남,31-40세,상해없음,승용,남,65세 이상,중상
2019121900100109,2019년 12월,목요일,서울특별시 광진구 자양동,경상사고,0,0,1,0,차대차 - 기타,안전운전불이행,건조,맑음,단일로 - 기타,승용,남,51-60세,상해없음,자전거,남,13-20세,경상
2019121900100298,2019년 12월,목요일,서울특별시 광진구 자양동,경상사고,0,0,1,0,차대차 - 기타,기타,건조,맑음,단일로 - 기타,승합,남,51-60세,상해없음,이륜,남,41-50세,상해없음
2019121900100335,2019년 12월,목요일,서울특별시 광진구 구의동,경상사고,0,0,3,0,차대차 - 충돌,안전운전불이행,건조,맑음,교차로 - 교차로부근,승용,남,41-50세,상해없음,이륜,남,65세 이상,경상
2019121900100413,2019년 12월,목요일,서울특별시 광진구 광장동,경상사고,0,0,2,0,차대차 - 기타,안전거리미확보,기타,맑음,기타 - 기타,승합,남,31-40세,상해없음,승용,남,51-60세,경상
2019121900100626,2019년 12월,목요일,서울특별시 광진구 중곡동,경상사고,0,0,1,0,차대차 - 충돌,안전거리미확보,건조,맑음,교차로 - 교차로안,승용,남,31-40세,상해없음,승용,남,41-50세,경상
2019122000100654,2019년 12월,금요일,서울특별시 광진구 중곡동,중상사고,0,1,0,0,차대사람 - 차도통행중,교차로운행방법위반,건조,맑음,교차로 - 교차로안,이륜,남,21-30세,상해없음,보행자,남,65세 이상,중상
2019122100100144,2019년 12월,토요일,서울특별시 광진구 중곡동,중상사고,0,1,0,0,차대차 - 기타,신호위반,건조,맑음,기타 - 기타,개인형이동수단(PM),남,31-40세,상해없음,자전거,여,61-64세,중상
2019122100100215,2019년 12월,토요일,서울특별시 광진구 구의동,경상사고,0,0,1,0,차대차 - 기타,안전운전불이행,건조,맑음,단일로 - 기타,자전거,남,61-64세,경상,승합,남,51-60세,상해없음
2.01912E+15,2019년 12월,토요일,서울특별시 광진구 군자동,경상사고,0,0,2,0,차대차 - 추돌,교차로운행방법위반,건조,맑음,교차로 - 교차로안,승용,남,31-40세,기타불명,승용,남,31-40세,경상
2019122100100342,2019년 12월,토요일,서울특별시 광진구 능동,중상사고,0,1,0,0,차대사람 - 기타,안전운전불이행,건조,맑음,교차로 - 교차로횡단보도내,원동기,남,51-60세,상해없음,보행자,여,65세 이상,중상
2019122200100136,2019년 12월,일요일,서울특별시 광진구 구의동,중상사고,0,1,0,0,차대차 - 충돌,교차로운행방법위반,건조,맑음,교차로 - 교차로안,승용,남,65세 이상,상해없음,이륜,여,41-50세,중상
2019122200100313,2019년 12월,일요일,서울특별시 광진구 구의동,부상신고사고,0,0,0,1,차대차 - 충돌,교차로운행방법위반,건조,맑음,교차로 - 교차로안,이륜,남,20세 이하,부상신고,승용,여,31-40세,상해없음
2019122200100417,2019년 12월,일요일,서울특별시 광진구 구의동,중상사고,0,3,0,0,차대차 - 추돌,안전운전불이행,건조,맑음,단일로 - 기타,승용,남,31-40세,상해없음,승용,남,51-60세,중상
2019122300100076,2019년 12월,월요일,서울특별시 광진구 구의동,중상사고,0,1,0,0,차대사람 - 횡단중,안전운전불이행,건조,맑음,단일로 - 기타,화물,남,31-40세,상해없음,보행자,남,21-30세,중상
2019122300100163,2019년 12월,월요일,서울특별시 광진구 자양동,경상사고,0,0,1,0,차대차 - 충돌,안전운전불이행,건조,흐림,교차로 - 교차로안,화물,남,31-40세,상해없음,승용,남,41-50세,경상
2019122300100356,2019년 12월,월요일,서울특별시 광진구 구의동,경상사고,0,0,1,0,차대차 - 충돌,안전거리미확보,건조,맑음,단일로 - 기타,화물,남,51-60세,상해없음,이륜,남,51-60세,경상
2019122300100431,2019년 12월,월요일,서울특별시 광진구 구의동,중상사고,0,1,0,0,차대사람 - 기타,안전운전불이행,건조,맑음,단일로 - 기타,화물,남,61-64세,상해없음,보행자,여,65세 이상,중상
2019122400100311,2019년 12월,화요일,서울특별시 광진구 중곡동,중상사고,0,1,1,0,차대차 - 충돌,차로위반,건조,맑음,단일로 - 기타,승용,남,65세 이상,경상,화물,남,13-20세,중상
2019122600100033,2019년 12월,목요일,서울특별시 광진구 화양동,경상사고,0,0,1,0,차대사람 - 기타,안전운전불이행,건조,맑음,단일로 - 기타,승용,남,51-60세,상해없음,보행자,남,21-30세,경상
2019122600100365,2019년 12월,목요일,서울특별시 광진구 화양동,경상사고,0,0,1,0,차대사람 - 기타,안전운전불이행,건조,맑음,단일로 - 기타,승용,여,21-30세,상해없음,보행자,여,13-20세,경상
2019122600100503,2019년 12월,목요일,서울특별시 광진구 자양동,경상사고,0,0,1,0,차대사람 - 기타,안전운전불이행,기타,맑음,기타 - 기타,승용,여,21-30세,상해없음,보행자,여,31-40세,경상
2019122700100121,2019년 12월,금요일,서울특별시 광진구 자양동,중상사고,0,1,0,0,차대차 - 기타,신호위반,건조,맑음,교차로 - 교차로횡단보도내,승합,남,51-60세,상해없음,자전거,여,51-60세,중상
2019122700100281,2019년 12월,금요일,서울특별시 광진구 중곡동,경상사고,0,0,1,0,차대차 - 충돌,교차로운행방법위반,건조,맑음,교차로 - 교차로안,승용,여,31-40세,상해없음,승용,남,31-40세,경상
2019122700100312,2019년 12월,금요일,서울특별시 광진구 중곡동,중상사고,0,1,0,0,차대차 - 기타,신호위반,건조,맑음,교차로 - 교차로안,승용,남,61-64세,상해없음,승합,남,51-60세,상해없음
2019122700100385,2019년 12월,금요일,서울특별시 광진구 광장동,경상사고,0,0,1,0,차대사람 - 보도통행중,안전운전불이행,건조,맑음,단일로 - 기타,자전거,남,65세 이상,상해없음,보행자,남,12세 이하,경상
2019122800100095,2019년 12월,토요일,서울특별시 광진구 광장동,경상사고,0,0,1,0,차대차 - 충돌,신호위반,건조,맑음,교차로 - 교차로부근,승용,남,51-60세,상해없음,승합,남,51-60세,상해없음
2019122900100071,2019년 12월,일요일,서울특별시 광진구 중곡동,경상사고,0,0,1,0,차대차 - 충돌,교차로운행방법위반,건조,맑음,교차로 - 교차로횡단보도내,승용,남,61-64세,상해없음,승용,남,31-40세,경상
2.01912E+15,2019년 12월,일요일,서울특별시 광진구 군자동,경상사고,0,0,1,0,차대차 - 추돌,안전운전불이행,건조,맑음,교차로 - 교차로부근,승용,남,31-40세,상해없음,승용,남,21-30세,경상
2019122900100252,2019년 12월,일요일,서울특별시 광진구 광장동,중상사고,0,2,5,0,차대차 - 추돌,신호위반,기타,맑음,교차로 - 교차로안,승용,남,61-64세,상해없음,승용,여,41-50세,중상
2019122900100323,2019년 12월,일요일,서울특별시 광진구 자양동,경상사고,0,0,1,0,차대차 - 충돌,안전거리미확보,젖음/습기,비,단일로 - 기타,승용,여,21-30세,상해없음,승용,남,21-30세,경상
2019123000100176,2019년 12월,월요일,서울특별시 광진구 중곡동,경상사고,0,0,1,0,차대차 - 충돌,신호위반,건조,맑음,교차로 - 교차로부근,승합,남,51-60세,상해없음,화물,남,65세 이상,경상
2019123100100221,2019년 12월,화요일,서울특별시 광진구 광장동,경상사고,0,0,1,0,차대차 - 추돌,안전운전불이행,기타,맑음,기타 - 기타,승용,여,51-60세,기타불명,승합,남,41-50세,경상
2019123100100283,2019년 12월,화요일,서울특별시 광진구 자양동,경상사고,0,0,2,0,차대차 - 추돌,안전운전불이행,건조,맑음,단일로 - 기타,승용,남,65세 이상,상해없음,승용,남,21-30세,경상
2019123100100355,2019년 12월,화요일,서울특별시 광진구 구의동,경상사고,0,0,1,0,차대차 - 충돌,신호위반,건조,맑음,교차로 - 교차로안,자전거,여,65세 이상,경상,승용,남,65세 이상,상해없음
2020010100100332,2020년 1월,수요일,서울특별시 광진구 구의동,중상사고,0,2,6,1,차대차 - 추돌,안전운전불이행,건조,맑음,단일로 - 기타,승용,남,65세 이상,상해없음,승용,남,65세 이상,경상
2020010200100441,2020년 1월,목요일,서울특별시 광진구 중곡동,부상신고사고,0,0,0,1,차대사람 - 횡단중,신호위반,건조,맑음,단일로 - 기타,승용,남,51-60세,상해없음,보행자,남,12세 이하,부상신고
2020010300100519,2020년 1월,금요일,서울특별시 광진구 화양동,중상사고,0,1,0,0,차대사람 - 기타,안전운전불이행,건조,맑음,단일로 - 기타,승용,남,41-50세,상해없음,보행자,여,65세 이상,중상
2020010400100306,2020년 1월,토요일,서울특별시 광진구 자양동,경상사고,0,0,1,0,차대차 - 충돌,안전운전불이행,건조,맑음,단일로 - 기타,자전거,남,61-64세,경상,자전거,여,13-20세,상해없음
2020010400100346,2020년 1월,토요일,서울특별시 광진구 중곡동,경상사고,0,0,1,0,차대차 - 기타,안전운전불이행,건조,맑음,교차로 - 교차로안,이륜,남,65세 이상,상해없음,이륜,남,21-30세,경상
2020010400100382,2020년 1월,토요일,서울특별시 광진구 광장동,부상신고사고,0,0,0,1,차대차 - 기타,안전운전불이행,젖음/습기,흐림,교차로 - 교차로부근,이륜,남,41-50세,부상신고,승용,여,41-50세,상해없음
2020010500100053,2020년 1월,일요일,서울특별시 광진구 군자동,경상사고,0,0,1,0,차대차 - 추돌,안전운전불이행,건조,맑음,교차로 - 교차로부근,승용,남,21-30세,상해없음,승용,남,65세 이상,경상
2020010600100292,2020년 1월,월요일,서울특별시 광진구 중곡동,경상사고,0,0,1,0,차대차 - 기타,신호위반,기타,맑음,교차로 - 교차로안,승용,남,51-60세,상해없음,승용,남,41-50세,경상
2.02001E+15,2020년 1월,월요일,서울특별시 광진구 자양동,경상사고,0,0,1,0,차대차 - 충돌,직진우회전진행방해,건조,맑음,교차로 - 교차로안,승용,여,51-60세,기타불명,승용,남,31-40세,경상
2020010700100001,2020년 1월,화요일,서울특별시 광진구 자양동,경상사고,0,0,1,1,차대차 - 충돌,중앙선침범,젖음/습기,비,단일로 - 고가도로위,승용,남,65세 이상,상해없음,승용,남,65세 이상,부상신고
2020010700100529,2020년 1월,화요일,서울특별시 광진구 화양동,경상사고,0,0,2,0,차대차 - 기타,기타,젖음/습기,맑음,교차로 - 교차로안,승용,남,65세 이상,경상,이륜,남,51-60세,경상
2020010800100282,2020년 1월,수요일,서울특별시 광진구 자양동,경상사고,0,0,1,0,차대차 - 추돌,안전운전불이행,건조,맑음,단일로 - 기타,승용,남,51-60세,상해없음,승용,남,31-40세,경상
2.02001E+15,2020년 1월,목요일,서울특별시 광진구 중곡동,경상사고,0,0,1,0,차대차 - 충돌,신호위반,건조,맑음,교차로 - 교차로안,승용,남,41-50세,상해없음,이륜,여,21-30세,경상
2020010900100314,2020년 1월,목요일,서울특별시 광진구 구의동,경상사고,0,0,1,0,차대차 - 충돌,교차로운행방법위반,건조,맑음,교차로 - 교차로안,승용,여,41-50세,상해없음,승용,남,31-40세,경상
2020011000100008,2020년 1월,금요일,서울특별시 광진구 광장동,경상사고,0,0,1,0,차대차 - 충돌,안전거리미확보,건조,맑음,단일로 - 기타,승용,남,31-40세,상해없음,이륜,남,31-40세,경상
2020011000100128,2020년 1월,금요일,서울특별시 광진구 자양동,경상사고,0,0,1,0,차대차 - 추돌,안전운전불이행,건조,맑음,단일로 - 기타,승용,남,65세 이상,상해없음,승용,여,41-50세,경상
2020011000100569,2020년 1월,금요일,서울특별시 광진구 자양동,경상사고,0,0,2,0,차대차 - 추돌,안전운전불이행,건조,맑음,단일로 - 기타,승용,남,41-50세,기타불명,승용,여,31-40세,경상
2020011100100239,2020년 1월,토요일,서울특별시 광진구 구의동,경상사고,0,0,1,0,차대사람 - 기타,안전운전불이행,건조,맑음,단일로 - 기타,승용,여,41-50세,상해없음,보행자,여,21-30세,경상
2.02001E+15,2020년 1월,토요일,서울특별시 광진구 화양동,경상사고,0,0,1,0,차대차 - 충돌,교차로운행방법위반,건조,맑음,단일로 - 기타,이륜,남,21-30세,상해없음,승용,남,31-40세,경상
2020011200100228,2020년 1월,일요일,서울특별시 광진구 자양동,중상사고,0,1,0,0,차대사람 - 기타,안전운전불이행,건조,맑음,단일로 - 기타,승용,남,21-30세,상해없음,보행자,여,65세 이상,중상
2020011300100147,2020년 1월,월요일,서울특별시 광진구 군자동,중상사고,0,1,0,0,차대차 - 충돌,기타,건조,맑음,단일로 - 기타,승용,남,61-64세,상해없음,이륜,남,31-40세,중상
2.02001E+15,2020년 1월,월요일,서울특별시 광진구 중곡동,중상사고,0,1,0,0,차대차 - 충돌,안전운전불이행,건조,맑음,단일로 - 기타,승용,남,41-50세,상해없음,원동기,남,21-30세,중상
2020011400100016,2020년 1월,화요일,서울특별시 광진구 자양동,경상사고,0,0,1,0,차대차 - 추돌,안전운전불이행,건조,맑음,단일로 - 기타,승용,남,31-40세,상해없음,승용,남,51-60세,경상
2020011400100035,2020년 1월,화요일,서울특별시 광진구 군자동,경상사고,0,0,1,0,차대차 - 기타,안전운전불이행,건조,맑음,교차로 - 교차로횡단보도내,자전거,남,20세 이하,상해없음,승용,남,61-64세,상해없음
2020011500100492,2020년 1월,수요일,서울특별시 광진구 자양동,부상신고사고,0,0,0,1,차대차 - 추돌,안전운전불이행,건조,맑음,교차로 - 교차로부근,이륜,남,21-30세,부상신고,승용,남,61-64세,상해없음
2020011500100572,2020년 1월,수요일,서울특별시 광진구 자양동,경상사고,0,0,1,0,차대차 - 충돌,안전거리미확보,건조,맑음,단일로 - 기타,승용,남,65세 이상,상해없음,승용,남,21-30세,상해없음
2020011700100468,2020년 1월,금요일,서울특별시 광진구 자양동,중상사고,0,1,0,0,차대사람 - 횡단중,보행자보호의무위반,건조,맑음,단일로 - 기타,승합,남,61-64세,상해없음,보행자,남,41-50세,중상
2020011800100016,2020년 1월,토요일,서울특별시 광진구 중곡동,경상사고,0,0,3,0,차대차 - 충돌,직진우회전진행방해,건조,맑음,교차로 - 교차로안,승용,남,61-64세,상해없음,승용,남,31-40세,경상
2020011800100087,2020년 1월,토요일,서울특별시 광진구 능동,경상사고,0,0,1,0,차량단독 - 기타,안전운전불이행,건조,맑음,단일로 - 기타,승합,남,61-64세,상해없음,,,,
2.02001E+15,2020년 1월,토요일,서울특별시 광진구 자양동,경상사고,0,0,1,0,차대차 - 충돌,기타,건조,맑음,단일로 - 기타,승용,여,51-60세,상해없음,승용,남,31-40세,경상
2.02001E+15,2020년 1월,토요일,서울특별시 광진구 중곡동,중상사고,0,1,2,1,차대차 - 추돌,안전운전불이행,건조,맑음,단일로 - 기타,승용,남,65세 이상,부상신고,승용,남,31-40세,경상
2020011900100186,2020년 1월,일요일,서울특별시 광진구 자양동,경상사고,0,0,1,0,차대차 - 충돌,안전운전불이행,건조,맑음,단일로 - 기타,승용,남,61-64세,상해없음,승용,여,41-50세,경상
2020011900100315,2020년 1월,일요일,서울특별시 광진구 광장동,경상사고,0,0,2,0,차대차 - 충돌,신호위반,건조,맑음,교차로 - 교차로안,승용,여,41-50세,상해없음,승용,남,21-30세,경상
2020011900100355,2020년 1월,일요일,서울특별시 광진구 자양동,경상사고,0,0,1,0,차대차 - 충돌,신호위반,건조,맑음,교차로 - 교차로부근,승용,남,51-60세,상해없음,승용,남,51-60세,경상
2020012000100032,2020년 1월,월요일,서울특별시 광진구 광장동,중상사고,0,2,4,0,차대차 - 충돌,신호위반,기타,맑음,단일로 - 기타,승합,남,61-64세,상해없음,승합,남,51-60세,경상
2020012000100248,2020년 1월,월요일,서울특별시 광진구 자양동,중상사고,0,1,0,0,차대차 - 기타,안전거리미확보,건조,맑음,단일로 - 기타,승용,남,65세 이상,상해없음,승용,남,31-40세,상해없음
2020012100100151,2020년 1월,화요일,서울특별시 광진구 군자동,중상사고,0,1,0,0,차대차 - 충돌,안전거리미확보,건조,맑음,단일로 - 기타,승용,남,51-60세,상해없음,화물,남,51-60세,중상
2020012200100242,2020년 1월,수요일,서울특별시 광진구 군자동,중상사고,0,1,0,0,차대차 - 추돌,안전운전불이행,건조,맑음,단일로 - 기타,승용,남,65세 이상,상해없음,승용,남,31-40세,중상
2020012200100268,2020년 1월,수요일,서울특별시 광진구 자양동,경상사고,0,0,3,0,차대차 - 충돌,신호위반,건조,맑음,교차로 - 교차로안,이륜,남,65세 이상,경상,승합,남,21-30세,경상
2020012200100269,2020년 1월,수요일,서울특별시 광진구 광장동,경상사고,0,0,1,0,차대차 - 추돌,안전운전불이행,건조,맑음,교차로 - 교차로부근,승용,남,61-64세,기타불명,승용,남,65세 이상,상해없음
2020012200100404,2020년 1월,수요일,서울특별시 광진구 구의동,중상사고,0,1,0,0,차대차 - 충돌,안전거리미확보,건조,맑음,단일로 - 기타,승용,여,31-40세,상해없음,이륜,남,21-30세,중상
2020012200100536,2020년 1월,수요일,서울특별시 광진구 구의동,경상사고,0,0,2,0,차대차 - 충돌,안전운전불이행,건조,맑음,단일로 - 기타,화물,남,31-40세,상해없음,승용,남,41-50세,경상
2.02001E+15,2020년 1월,목요일,서울특별시 광진구 자양동,중상사고,0,1,0,0,차대차 - 충돌,과속,건조,맑음,단일로 - 교량,승용,남,21-30세,상해없음,자전거,남,41-50세,중상
2020012300100135,2020년 1월,목요일,서울특별시 광진구 광장동,부상신고사고,0,0,0,1,차량단독 - 전도전복,안전운전불이행,건조,맑음,단일로 - 기타,이륜,남,21-30세,부상신고,,,,
2020012300100327,2020년 1월,목요일,서울특별시 광진구 구의동,경상사고,0,0,1,0,차대차 - 충돌,안전운전불이행,건조,맑음,단일로 - 기타,승용,남,51-60세,상해없음,승용,남,21-30세,경상
2020012300100606,2020년 1월,목요일,서울특별시 광진구 중곡동,경상사고,0,0,1,0,차대차 - 기타,직진우회전진행방해,기타,맑음,교차로 - 교차로안,자전거,남,61-64세,경상,승용,남,31-40세,상해없음
2020012300100723,2020년 1월,목요일,서울특별시 광진구 중곡동,부상신고사고,0,0,0,1,차대사람 - 기타,안전운전불이행,건조,맑음,교차로 - 교차로안,승용,남,61-64세,기타불명,보행자,남,41-50세,부상신고
2020012400100037,2020년 1월,금요일,서울특별시 광진구 구의동,중상사고,0,1,0,0,차대차 - 충돌,안전운전불이행,건조,맑음,교차로 - 교차로안,승용,남,51-60세,상해없음,이륜,남,31-40세,중상
2020012400100171,2020년 1월,금요일,서울특별시 광진구 구의동,경상사고,0,0,1,0,차대사람 - 기타,안전운전불이행,건조,맑음,교차로 - 교차로부근,승용,남,41-50세,상해없음,보행자,여,61-64세,경상
2020012400100281,2020년 1월,금요일,서울특별시 광진구 중곡동,부상신고사고,0,0,0,1,차대차 - 충돌,안전운전불이행,건조,맑음,단일로 - 기타,이륜,남,21-30세,부상신고,승합,남,61-64세,상해없음
2020012500100058,2020년 1월,토요일,서울특별시 광진구 광장동,경상사고,0,0,3,0,차대차 - 충돌,안전운전불이행,건조,맑음,교차로 - 교차로안,승용,남,21-30세,경상,승용,남,31-40세,경상
2020012600100333,2020년 1월,일요일,서울특별시 광진구 화양동,경상사고,0,0,3,0,차대차 - 충돌,신호위반,건조,맑음,교차로 - 교차로부근,승용,남,21-30세,상해없음,승용,남,51-60세,경상
2020012700100244,2020년 1월,월요일,서울특별시 광진구 자양동,경상사고,0,0,1,0,차대차 - 충돌,안전거리미확보,건조,맑음,단일로 - 교량,기타불명,기타불명,기타불명,기타불명,승용,남,65세 이상,상해없음
2020012700100443,2020년 1월,월요일,서울특별시 광진구 자양동,경상사고,0,0,2,0,차대차 - 충돌,중앙선침범,건조,맑음,단일로 - 기타,승용,여,51-60세,상해없음,승용,남,51-60세,경상
2020012800100034,2020년 1월,화요일,서울특별시 광진구 화양동,경상사고,0,0,1,0,차대사람 - 기타,안전운전불이행,건조,흐림,교차로 - 교차로안,승용,남,31-40세,상해없음,보행자,여,13-20세,경상
2.02001E+15,2020년 1월,화요일,서울특별시 광진구 구의동,경상사고,0,0,1,0,차대사람 - 보도통행중,안전운전불이행,기타,맑음,기타 - 기타,승용,남,31-40세,상해없음,보행자,남,21-30세,경상