사고번호,발생년월,요일,시군구,사고내용,사망자수,중상자수,경상자수,부상신고자수,사고유형,법규위반,노면상태,기상상태,도로형태,가해운전자 차종,가해운전자 성별,가해운전자 연령대,가해운전자 상해정도,피해운전자 차종,피해운전자 성별,피해운전자 연령대,피해운전자 상해정도
2020062400100411,2020년 6월,수요일,서울특별시 광진구 중곡동,경상사고,0,0,1,0,차대차 - 충돌,안전운전불이행,건조,맑음,교차로 - 교차로안,화물,남,65세 이상,상해없음,승용,남,31-40세,경상
2020062400100587,2020년 6월,수요일,서울특별시 광진구 자양동,경상사고,0,0,1,1,차대차 - 추돌,안전운전불이행,젖음/습기,비,단일로 - 기타,원동기,남,20세 이하,부상신고,승용,남,51-60세,경상
2020062500100003,2020년 6월,목요일,서울특별시 광진구 중곡동,경상사고,0,0,1,0,차대차 - 충돌,안전운전불이행,젖음/습기,비,교차로 - 교차로부근,승용,남,51-60세,상해없음,승용,남,31-40세,경상
2020062500100067,2020년 6월,목요일,서울특별시 광진구 구의동,경상사고,0,0,1,0,차량단독 - 전도전복,안전운전불이행,젖음/습기,비,단일로 - 기타,이륜,남,21-30세,경상,,,,
2020062500100566,2020년 6월,목요일,서울특별시 광진구 자양동,경상사고,0,0,1,0,차대차 - 기타,안전거리미확보,건조,맑음,단일로 - 기타,승용,남,61-64세,상해없음,승용,남,21-30세,경상
2020062600100023,2020년 6월,금요일,서울특별시 광진구 화양동,경상사고,0,0,2,0,차대차 - 충돌,불법유턴,건조,맑음,교차로 - 교차로부근,승용,남,51-60세,상해없음,승용,남,51-60세,경상
2020062600100041,2020년 6월,금요일,서울특별시 광진구 구의동,경상사고,0,0,4,0,차대차 - 충돌,신호위반,젖음/습기,비,단일로 - 기타,승용,남,51-60세,상해없음,승용,남,51-60세,경상
2020062600100632,2020년 6월,금요일,서울특별시 광진구 능동,경상사고,0,0,1,0,차대차 - 추돌,안전거리미확보,건조,맑음,교차로 - 교차로부근,승용,남,65세 이상,상해없음,승용,남,31-40세,경상
2020062800100176,2020년 6월,일요일,서울특별시 광진구 군자동,경상사고,0,0,2,0,차대차 - 충돌,안전운전불이행,건조,맑음,단일로 - 기타,승용,남,21-30세,상해없음,승용,남,31-40세,경상
2020062800100488,2020년 6월,일요일,서울특별시 광진구 자양동,경상사고,0,0,2,0,차대차 - 추돌,안전운전불이행,건조,맑음,단일로 - 기타,승용,남,51-60세,상해없음,승합,남,51-60세,경상
2020062900100342,2020년 6월,월요일,서울특별시 광진구 자양동,경상사고,0,0,4,0,차대차 - 충돌,안전운전불이행,건조,맑음,단일로 - 기타,승용,남,51-60세,상해없음,개인형이동수단(PM),남,21-30세,기타불명
2020062900100427,2020년 6월,월요일,서울특별시 광진구 화양동,중상사고,0,1,0,1,차대차 - 충돌,신호위반,젖음/습기,비,교차로 - 교차로안,이륜,남,65세 이상,부상신고,이륜,남,51-60세,중상
2020062900100428,2020년 6월,월요일,서울특별시 광진구 중곡동,경상사고,0,0,1,0,차대사람 - 횡단중,보행자보호의무위반,건조,맑음,단일로 - 기타,승용,남,51-60세,상해없음,보행자,남,12세 이하,경상
2020063000100184,2020년 6월,화요일,서울특별시 광진구 구의동,경상사고,0,0,1,0,차대차 - 충돌,안전운전불이행,건조,맑음,교차로 - 교차로부근,승용,남,51-60세,상해없음,승용,남,51-60세,경상
2020063000100368,2020년 6월,화요일,서울특별시 광진구 중곡동,경상사고,0,0,1,0,차대차 - 기타,안전운전불이행,건조,맑음,단일로 - 기타,승용,남,31-40세,상해없음,승용,남,41-50세,경상
2020070100100403,2020년 7월,수요일,서울특별시 광진구 구의동,경상사고,0,0,1,0,차대사람 - 차도통행중,안전운전불이행,건조,맑음,단일로 - 기타,승용,남,21-30세,상해없음,보행자,여,21-30세,경상
2020070100100461,2020년 7월,수요일,서울특별시 광진구 구의동,경상사고,0,0,1,0,차대차 - 충돌,교차로운행방법위반,건조,맑음,교차로 - 교차로안,승용,남,21-30세,상해없음,승용,남,51-60세,상해없음
2020070200100027,2020년 7월,목요일,서울특별시 광진구 화양동,경상사고,0,0,1,0,차대사람 - 차도통행중,안전운전불이행,건조,맑음,단일로 - 기타,승용,남,65세 이상,상해없음,보행자,여,21-30세,경상
2020070400100074,2020년 7월,토요일,서울특별시 광진구 구의동,경상사고,0,0,1,0,차대차 - 충돌,신호위반,건조,맑음,단일로 - 기타,승용,남,65세 이상,상해없음,이륜,남,13-20세,경상
2020070500100071,2020년 7월,일요일,서울특별시 광진구 화양동,부상신고사고,0,0,0,1,차대차 - 충돌,신호위반,건조,맑음,교차로 - 교차로안,이륜,남,20세 이하,부상신고,승용,남,65세 이상,상해없음
2020070500100237,2020년 7월,일요일,서울특별시 광진구 구의동,경상사고,0,0,1,0,차대차 - 충돌,신호위반,건조,맑음,단일로 - 기타,승용,남,51-60세,상해없음,이륜,남,41-50세,경상
2020070600100014,2020년 7월,월요일,서울특별시 광진구 화양동,경상사고,0,0,1,0,차대차 - 충돌,안전운전불이행,건조,맑음,단일로 - 기타,승용,남,31-40세,상해없음,승용,남,31-40세,경상
2020070600100154,2020년 7월,월요일,서울특별시 광진구 자양동,중상사고,0,1,0,0,차대차 - 충돌,안전운전불이행,건조,맑음,단일로 - 기타,기타불명,기타불명,기타불명,기타불명,자전거,남,41-50세,중상
2020070600100554,2020년 7월,월요일,서울특별시 광진구 화양동,경상사고,0,0,1,0,차대사람 - 기타,안전운전불이행,건조,맑음,단일로 - 기타,승용,여,20세 이하,상해없음,보행자,남,21-30세,경상
2020070800100087,2020년 7월,수요일,서울특별시 광진구 화양동,경상사고,0,0,1,0,차대차 - 기타,안전운전불이행,건조,맑음,단일로 - 기타,승용,남,51-60세,상해없음,자전거,여,51-60세,경상
2020070800100407,2020년 7월,수요일,서울특별시 광진구 광장동,경상사고,0,0,2,0,차대차 - 기타,안전거리미확보,건조,맑음,단일로 - 교량,승용,남,65세 이상,상해없음,승용,남,65세 이상,경상
2020070900100202,2020년 7월,목요일,서울특별시 광진구 자양동,부상신고사고,0,0,0,1,차대차 - 충돌,안전운전불이행,건조,맑음,단일로 - 기타,자전거,남,61-64세,부상신고,승합,남,51-60세,상해없음
2020070900100618,2020년 7월,목요일,서울특별시 광진구 광장동,경상사고,0,0,1,0,차대차 - 기타,안전운전불이행,기타,맑음,기타 - 기타,승용,여,61-64세,상해없음,화물,남,31-40세,경상
2020070900100619,2020년 7월,목요일,서울특별시 광진구 화양동,경상사고,0,0,1,0,차대차 - 기타,안전거리미확보,건조,맑음,단일로 - 기타,승용,남,65세 이상,상해없음,이륜,남,13-20세,경상
2020071000100081,2020년 7월,금요일,서울특별시 광진구 구의동,경상사고,0,0,1,0,차대차 - 충돌,안전운전불이행,건조,맑음,단일로 - 기타,승용,여,41-50세,상해없음,자전거,남,51-60세,경상
2020071000100474,2020년 7월,금요일,서울특별시 광진구 광장동,중상사고,0,4,7,0,차대차 - 충돌,신호위반,건조,맑음,단일로 - 교량,승합,남,51-60세,상해없음,승합,남,41-50세,상해없음
2020071000100617,2020년 7월,금요일,서울특별시 광진구 군자동,경상사고,0,0,1,0,차대차 - 추돌,안전운전불이행,건조,맑음,단일로 - 기타,승용,남,51-60세,상해없음,승용,남,31-40세,경상
2020071000100648,2020년 7월,금요일,서울특별시 광진구 자양동,경상사고,0,0,1,0,차대차 - 추돌,안전운전불이행,건조,맑음,교차로 - 교차로부근,승용,남,31-40세,상해없음,승용,남,31-40세,경상
2020071100100023,2020년 7월,토요일,서울특별시 광진구 화양동,부상신고사고,0,0,0,2,차대차 - 충돌,직진우회전진행방해,건조,맑음,교차로 - 교차로안,이륜,남,21-30세,부상신고,이륜,남,21-30세,부상신고
2.02007E+15,2020년 7월,일요일,서울특별시 광진구 자양동,경상사고,0,0,2,0,차대차 - 기타,안전거리미확보,건조,흐림,단일로 - 기타,승용,여,51-60세,상해없음,승용,남,41-50세,경상
2020071300100087,2020년 7월,월요일,서울특별시 광진구 구의동,중상사고,0,1,1,0,차대차 - 추돌,안전운전불이행,젖음/습기,비,단일로 - 기타,승용,남,65세 이상,상해없음,승용,남,41-50세,중상
2020071300100359,2020년 7월,월요일,서울특별시 광진구 중곡동,중상사고,0,1,0,0,차대차 - 충돌,안전운전불이행,젖음/습기,흐림,교차로 - 교차로안,승용,남,21-30세,상해없음,이륜,남,21-30세,중상
2020071300100531,2020년 7월,월요일,서울특별시 광진구 화양동,중상사고,0,1,0,0,차대차 - 기타,안전운전불이행,젖음/습기,비,단일로 - 기타,승용,남,31-40세,상해없음,이륜,남,41-50세,중상
2020071400100117,2020년 7월,화요일,서울특별시 광진구 광장동,경상사고,0,0,1,0,차대차 - 추돌,안전거리미확보,건조,맑음,단일로 - 기타,승용,남,21-30세,상해없음,승용,남,31-40세,경상
2020071400100349,2020년 7월,화요일,서울특별시 광진구 구의동,중상사고,0,1,0,0,차대차 - 기타,차로위반,건조,맑음,단일로 - 기타,승용,남,31-40세,상해없음,이륜,남,21-30세,중상
2020071400100502,2020년 7월,화요일,서울특별시 광진구 자양동,경상사고,0,0,1,0,차대차 - 충돌,안전운전불이행,건조,맑음,단일로 - 기타,승용,남,31-40세,상해없음,이륜,남,41-50세,경상
2.02007E+15,2020년 7월,수요일,서울특별시 광진구 자양동,경상사고,0,0,1,0,차대차 - 기타,안전운전불이행,건조,맑음,단일로 - 기타,기타불명,기타불명,기타불명,기타불명,승용,여,31-40세,경상
2020071500100353,2020년 7월,수요일,서울특별시 광진구 구의동,경상사고,0,0,1,0,차대차 - 기타,안전거리미확보,건조,맑음,단일로 - 기타,이륜,남,51-60세,경상,승용,남,31-40세,상해없음
2020071500100532,2020년 7월,수요일,서울특별시 광진구 자양동,중상사고,0,1,0,0,차대사람 - 횡단중,신호위반,건조,맑음,단일로 - 기타,승용,남,61-64세,상해없음,보행자,여,51-60세,중상
2020071500100591,2020년 7월,수요일,서울특별시 광진구 구의동,경상사고,0,0,1,0,차대차 - 기타,차로위반,건조,맑음,단일로 - 기타,승용,남,41-50세,상해없음,승용,남,41-50세,상해없음
2020071700100023,2020년 7월,금요일,서울특별시 광진구 중곡동,경상사고,0,0,1,0,차대차 - 추돌,안전운전불이행,건조,맑음,단일로 - 기타,승용,남,65세 이상,상해없음,승용,남,51-60세,경상
2020071700100064,2020년 7월,금요일,서울특별시 광진구 광장동,경상사고,0,0,1,0,차대사람 - 기타,기타,건조,맑음,단일로 - 기타,승합,남,41-50세,상해없음,보행자,여,51-60세,경상
2020071700100537,2020년 7월,금요일,서울특별시 광진구 구의동,경상사고,0,0,1,0,차량단독 - 기타,안전운전불이행,건조,맑음,단일로 - 기타,승합,남,41-50세,상해없음,,,,
2020071700100663,2020년 7월,금요일,서울특별시 광진구 중곡동,경상사고,0,0,1,0,차대차 - 충돌,안전운전불이행,건조,맑음,교차로 - 교차로부근,원동기,남,21-30세,상해없음,승용,남,51-60세,경상
2020071800100113,2020년 7월,토요일,서울특별시 광진구 화양동,경상사고,0,0,1,0,차대차 - 충돌,안전운전불이행,건조,맑음,교차로 - 교차로안,이륜,남,20세 이하,경상,승용,남,41-50세,상해없음
2020071800100342,2020년 7월,토요일,서울특별시 광진구 군자동,경상사고,0,0,1,0,차대차 - 충돌,안전거리미확보,건조,맑음,단일로 - 기타,이륜,남,61-64세,상해없음,승용,남,41-50세,상해없음
2020071900100297,2020년 7월,일요일,서울특별시 광진구 화양동,경상사고,0,0,1,0,차대차 - 충돌,안전운전불이행,건조,맑음,교차로 - 교차로부근,이륜,남,21-30세,경상,승용,남,65세 이상,상해없음
2020072000100013,2020년 7월,월요일,서울특별시 광진구 중곡동,경상사고,0,0,3,0,차대차 - 추돌,안전운전불이행,건조,흐림,단일로 - 기타,승용,남,51-60세,상해없음,승용,남,65세 이상,경상
2020072000100041,2020년 7월,월요일,서울특별시 광진구 광장동,경상사고,0,0,1,0,차대사람 - 길가장자리구역통행중,안전운전불이행,건조,맑음,단일로 - 기타,화물,남,65세 이상,상해없음,보행자,여,21-30세,경상
2.02007E+15,2020년 7월,월요일,서울특별시 광진구 화양동,경상사고,0,0,1,0,차대차 - 충돌,중앙선침범,건조,맑음,교차로 - 교차로부근,승용,남,31-40세,상해없음,이륜,남,41-50세,경상
2020072100100451,2020년 7월,화요일,서울특별시 광진구 자양동,경상사고,0,0,2,0,차대차 - 충돌,직진우회전진행방해,기타,맑음,기타 - 기타,원동기,남,21-30세,경상,승용,남,21-30세,경상
2020072100100532,2020년 7월,화요일,서울특별시 광진구 화양동,중상사고,0,2,0,0,차대차 - 충돌,불법유턴,건조,맑음,단일로 - 기타,승용,여,31-40세,중상,원동기,남,61-64세,중상
2020072200100033,2020년 7월,수요일,서울특별시 광진구 자양동,경상사고,0,0,5,1,차대차 - 충돌,신호위반,건조,맑음,교차로 - 교차로안,승용,남,20세 이하,경상,승용,남,61-64세,경상
2.02007E+15,2020년 7월,수요일,서울특별시 광진구 구의동,경상사고,0,0,1,0,차대사람 - 기타,안전운전불이행,건조,맑음,교차로 - 교차로부근,승용,여,21-30세,상해없음,보행자,여,21-30세,경상
2020072300100021,2020년 7월,목요일,서울특별시 광진구 광장동,중상사고,0,1,0,0,차대사람 - 기타,신호위반,건조,맑음,교차로 - 교차로횡단보도내,원동기,남,31-40세,상해없음,보행자,여,13-20세,중상
2020072300100129,2020년 7월,목요일,서울특별시 광진구 광장동,경상사고,0,0,1,0,차대차 - 추돌,안전거리미확보,젖음/습기,비,교차로 - 교차로부근,승용,남,31-40세,상해없음,승용,남,41-50세,경상
2020072300100155,2020년 7월,목요일,서울특별시 광진구 능동,부상신고사고,0,0,0,1,차대사람 - 횡단중,안전운전불이행,건조,맑음,단일로 - 기타,화물,남,61-64세,상해없음,보행자,여,21-30세,부상신고
2020072300100334,2020년 7월,목요일,서울특별시 광진구 중곡동,경상사고,0,0,1,0,차대차 - 충돌,신호위반,젖음/습기,비,교차로 - 교차로안,승용,여,51-60세,상해없음,이륜,남,41-50세,경상
2.02007E+15,2020년 7월,목요일,서울특별시 광진구 중곡동,경상사고,0,0,1,0,차대차 - 추돌,기타,건조,맑음,단일로 - 기타,승용,남,41-50세,상해없음,승용,남,13-20세,경상
2020072300100573,2020년 7월,목요일,서울특별시 광진구 광장동,부상신고사고,0,0,0,1,차대차 - 충돌,신호위반,젖음/습기,비,단일로 - 기타,이륜,남,31-40세,부상신고,승용,남,51-60세,상해없음
2020072400100405,2020년 7월,금요일,서울특별시 광진구 군자동,중상사고,0,1,0,0,차대사람 - 보도통행중,신호위반,기타,맑음,단일로 - 기타,자전거,남,51-60세,상해없음,보행자,여,65세 이상,중상
2020072500100002,2020년 7월,토요일,서울특별시 광진구 화양동,중상사고,0,1,0,0,차대차 - 충돌,안전운전불이행,건조,흐림,단일로 - 기타,개인형이동수단(PM),남,21-30세,중상,승용,남,51-60세,기타불명
2020072500100521,2020년 7월,토요일,서울특별시 광진구 화양동,경상사고,0,0,2,0,차대차 - 기타,안전운전불이행,기타,맑음,기타 - 기타,승용,남,65세 이상,상해없음,승용,남,41-50세,경상
2020072600100438,2020년 7월,일요일,서울특별시 광진구 구의동,경상사고,0,0,1,0,차대사람 - 기타,보행자보호의무위반,건조,맑음,교차로 - 교차로횡단보도내,원동기,남,21-30세,상해없음,보행자,남,21-30세,경상
2020072700100187,2020년 7월,월요일,서울특별시 광진구 화양동,경상사고,0,0,1,0,차대차 - 기타,교차로운행방법위반,젖음/습기,비,교차로 - 교차로부근,이륜,남,41-50세,경상,승용,남,31-40세,상해없음
2020072700100523,2020년 7월,월요일,서울특별시 광진구 구의동,경상사고,0,0,6,0,차대차 - 추돌,중앙선침범,건조,흐림,교차로 - 교차로부근,승용,남,41-50세,상해없음,승용,남,51-60세,경상
2020072800100036,2020년 7월,화요일,서울특별시 광진구 화양동,중상사고,0,1,0,0,차대차 - 기타,차로위반,건조,맑음,단일로 - 기타,원동기,남,20세 이하,상해없음,승용,여,65세 이상,상해없음
2020072800100572,2020년 7월,화요일,서울특별시 광진구 중곡동,경상사고,0,0,2,0,차대차 - 추돌,안전운전불이행,건조,흐림,단일로 - 기타,승용,여,31-40세,상해없음,승용,남,41-50세,경상
2.02007E+15,2020년 7월,수요일,서울특별시 광진구 화양동,경상사고,0,0,1,0,차대차 - 충돌,신호위반,젖음/습기,비,교차로 - 교차로안,승용,남,21-30세,상해없음,이륜,남,21-30세,경상
2020072900100095,2020년 7월,수요일,서울특별시 광진구 자양동,경상사고,0,0,1,0,차대차 - 추돌,안전운전불이행,젖음/습기,비,단일로 - 교량,승용,남,51-60세,상해없음,승용,여,41-50세,경상
2020072900100324,2020년 7월,수요일,서울특별시 광진구 중곡동,경상사고,0,0,3,0,차대차 - 추돌,안전운전불이행,건조,맑음,단일로 - 기타,승용,남,51-60세,상해없음,승용,남,31-40세,경상
2020072900100327,2020년 7월,수요일,서울특별시 광진구 광장동,중상사고,0,1,0,0,차대차 - 추돌,안전운전불이행,건조,맑음,단일로 - 고가도로위,승용,남,41-50세,상해없음,승용,남,31-40세,중상
2020072900100427,2020년 7월,수요일,서울특별시 광진구 광장동,중상사고,0,1,0,0,차대차 - 충돌,신호위반,젖음/습기,비,교차로 - 교차로안,이륜,남,41-50세,중상,승용,여,31-40세,상해없음
2020072900100575,2020년 7월,수요일,서울특별시 광진구 자양동,경상사고,0,0,2,0,차대사람 - 기타,안전운전불이행,건조,맑음,단일로 - 기타,승용,남,31-40세,상해없음,보행자,남,31-40세,경상
2020073000100276,2020년 7월,목요일,서울특별시 광진구 중곡동,경상사고,0,0,1,0,차대사람 - 차도통행중,신호위반,건조,맑음,기타 - 기타,승용,남,51-60세,상해없음,보행자,여,31-40세,경상
2020073000100314,2020년 7월,목요일,서울특별시 광진구 자양동,부상신고사고,0,0,0,1,차대차 - 충돌,안전운전불이행,건조,맑음,단일로 - 기타,자전거,남,65세 이상,부상신고,화물,남,51-60세,상해없음
2.02007E+15,2020년 7월,목요일,서울특별시 광진구 자양동,중상사고,0,1,0,0,차대차 - 충돌,안전거리미확보,건조,맑음,교차로 - 교차로안,승용,남,31-40세,상해없음,이륜,남,41-50세,중상
2.02007E+15,2020년 7월,목요일,서울특별시 광진구 능동,경상사고,0,0,1,0,차대차 - 기타,안전운전불이행,건조,맑음,교차로 - 교차로안,자전거,여,51-60세,경상,자전거,남,13-20세,상해없음
2020073100100087,2020년 7월,금요일,서울특별시 광진구 구의동,경상사고,0,0,2,0,차대차 - 충돌,안전거리미확보,건조,맑음,단일로 - 기타,승용,여,21-30세,상해없음,승용,여,51-60세,경상
2020073100100193,2020년 7월,금요일,서울특별시 광진구 자양동,경상사고,0,0,1,0,차대차 - 충돌,차로위반,건조,맑음,단일로 - 교량,승용,여,21-30세,상해없음,승용,남,61-64세,경상
2020073100100351,2020년 7월,금요일,서울특별시 광진구 자양동,경상사고,0,0,1,0,차대차 - 추돌,안전운전불이행,건조,맑음,단일로 - 기타,승용,남,61-64세,상해없음,승합,남,41-50세,상해없음
2020073100100606,2020년 7월,금요일,서울특별시 광진구 자양동,경상사고,0,0,2,0,차대차 - 충돌,안전운전불이행,건조,맑음,단일로 - 기타,승용,여,31-40세,상해없음,승용,남,51-60세,경상
2.02008E+15,2020년 8월,토요일,서울특별시 광진구 자양동,부상신고사고,0,0,0,1,차대차 - 기타,안전거리미확보,젖음/습기,흐림,단일로 - 기타,이륜,남,21-30세,부상신고,승용,남,61-64세,상해없음
2020080100100393,2020년 8월,토요일,서울특별시 광진구 구의동,경상사고,0,0,1,1,차대차 - 추돌,안전운전불이행,건조,맑음,교차로 - 교차로부근,이륜,남,20세 이하,부상신고,승용,남,21-30세,경상
2020080100100585,2020년 8월,토요일,서울특별시 광진구 화양동,중상사고,0,1,0,0,차대사람 - 차도통행중,안전운전불이행,젖음/습기,비,단일로 - 기타,승용,남,21-30세,상해없음,보행자,남,13-20세,중상
2020080200100386,2020년 8월,일요일,서울특별시 광진구 화양동,경상사고,0,0,1,0,차대사람 - 기타,안전운전불이행,기타,맑음,단일로 - 기타,이륜,남,20세 이하,상해없음,보행자,여,21-30세,경상
2.02008E+15,2020년 8월,월요일,서울특별시 광진구 자양동,경상사고,0,0,1,0,차대차 - 기타,안전운전불이행,젖음/습기,비,단일로 - 기타,화물,남,41-50세,상해없음,승용,남,65세 이상,경상
2020080300100357,2020년 8월,월요일,서울특별시 광진구 자양동,경상사고,0,0,2,0,차대차 - 충돌,안전운전불이행,건조,맑음,단일로 - 기타,승용,남,41-50세,경상,승용,여,41-50세,경상
2020080300100435,2020년 8월,월요일,서울특별시 광진구 화양동,중상사고,0,1,0,0,차대차 - 충돌,신호위반,젖음/습기,흐림,교차로 - 교차로안,승용,남,31-40세,상해없음,이륜,남,41-50세,중상
2020080300100531,2020년 8월,월요일,서울특별시 광진구 자양동,경상사고,0,0,1,0,차대차 - 충돌,중앙선침범,건조,맑음,교차로 - 교차로부근,승용,여,41-50세,상해없음,승용,남,65세 이상,경상
2020080400100272,2020년 8월,화요일,서울특별시 광진구 광장동,중상사고,0,1,0,0,차대차 - 충돌,안전운전불이행,젖음/습기,흐림,교차로 - 교차로안,화물,남,51-60세,상해없음,승용,남,31-40세,중상
2020080500100223,2020년 8월,수요일,서울특별시 광진구 자양동,부상신고사고,0,0,0,1,차대차 - 기타,안전운전불이행,젖음/습기,비,단일로 - 기타,자전거,남,20세 이하,부상신고,승용,남,51-60세,상해없음
2020080500100254,2020년 8월,수요일,서울특별시 광진구 군자동,중상사고,0,1,0,0,차대차 - 충돌,신호위반,건조,맑음,교차로 - 교차로안,화물,남,31-40세,상해없음,이륜,남,65세 이상,중상
2020080500100466,2020년 8월,수요일,서울특별시 광진구 화양동,경상사고,0,0,1,0,차대차 - 충돌,안전거리미확보,젖음/습기,맑음,교차로 - 교차로안,승용,남,31-40세,상해없음,이륜,남,41-50세,경상
2020080500100498,2020년 8월,수요일,서울특별시 광진구 중곡동,경상사고,0,0,2,0,차대차 - 충돌,안전운전불이행,젖음/습기,흐림,단일로 - 기타,승용,여,21-30세,상해없음,승용,남,31-40세,경상
2020080600100138,2020년 8월,목요일,서울특별시 광진구 자양동,경상사고,0,0,1,0,차대차 - 충돌,교차로운행방법위반,건조,맑음,교차로 - 교차로안,승합,남,65세 이상,상해없음,화물,남,51-60세,상해없음
2020080600100139,2020년 8월,목요일,서울특별시 광진구 자양동,경상사고,0,0,2,0,차대차 - 충돌,안전거리미확보,젖음/습기,비,단일로 - 기타,화물,남,31-40세,경상,승용,남,31-40세,경상
2020080600100294,2020년 8월,목요일,서울특별시 광진구 자양동,경상사고,0,0,1,0,차대차 - 충돌,교차로운행방법위반,건조,맑음,교차로 - 교차로안,승용,여,51-60세,상해없음,화물,남,51-60세,경상
2020080600100445,2020년 8월,목요일,서울특별시 광진구 화양동,경상사고,0,0,1,0,차대사람 - 기타,안전운전불이행,건조,흐림,단일로 - 기타,승용,남,21-30세,상해없음,보행자,남,21-30세,경상
2020080700100001,2020년 8월,금요일,서울특별시 광진구 구의동,경상사고,0,0,2,0,차대차 - 기타,안전거리미확보,건조,맑음,단일로 - 기타,승합,남,51-60세,상해없음,승용,남,65세 이상,경상
2020080800100247,2020년 8월,토요일,서울특별시 광진구 광장동,경상사고,0,0,1,0,차대차 - 충돌,안전거리미확보,젖음/습기,흐림,단일로 - 기타,승용,남,65세 이상,상해없음,승용,남,51-60세,경상
2020080900100373,2020년 8월,일요일,서울특별시 광진구 군자동,중상사고,0,1,0,0,차대차 - 추돌,안전운전불이행,건조,흐림,단일로 - 기타,승용,남,51-60세,상해없음,원동기,남,41-50세,중상
2020081000100001,2020년 8월,월요일,서울특별시 광진구 구의동,중상사고,0,1,0,0,차대차 - 추돌,안전운전불이행,젖음/습기,비,단일로 - 교량,원동기,남,31-40세,중상,화물,남,41-50세,기타불명
2020081000100467,2020년 8월,월요일,서울특별시 광진구 자양동,경상사고,0,0,1,0,차대차 - 충돌,안전거리미확보,건조,맑음,단일로 - 기타,기타불명,기타불명,기타불명,기타불명,승용,남,21-30세,경상
2020081000100497,2020년 8월,월요일,서울특별시 광진구 자양동,사망사고,1,2,0,0,차대차 - 충돌,신호위반,젖음/습기,흐림,교차로 - 교차로안,원동기,남,20세 이하,사망,승용,남,21-30세,중상
2020081100100083,2020년 8월,화요일,서울특별시 광진구 중곡동,경상사고,0,0,1,0,차대차 - 충돌,안전거리미확보,건조,맑음,단일로 - 기타,화물,남,41-50세,상해없음,승용,남,21-30세,경상
2020081100100444,2020년 8월,화요일,서울특별시 광진구 광장동,중상사고,0,1,0,0,차량단독 - 충돌,안전운전불이행,젖음/습기,맑음,단일로 - 기타,이륜,남,51-60세,중상,,,,
2020081100100525,2020년 8월,화요일,서울특별시 광진구 중곡동,경상사고,0,0,2,0,차대차 - 충돌,안전거리미확보,건조,맑음,단일로 - 기타,화물,남,31-40세,경상,승용,남,51-60세,경상
2020081100100582,2020년 8월,화요일,서울특별시 광진구 화양동,경상사고,0,0,2,0,차대차 - 충돌,안전거리미확보,건조,맑음,교차로 - 교차로부근,승용,남,65세 이상,상해없음,승용,남,41-50세,경상
2020081200100001,2020년 8월,수요일,서울특별시 광진구 구의동,경상사고,0,0,2,0,차대차 - 충돌,안전운전불이행,건조,맑음,교차로 - 교차로안,승용,남,51-60세,상해없음,승용,남,31-40세,경상
2020081200100078,2020년 8월,수요일,서울특별시 광진구 광장동,경상사고,0,0,1,0,차대차 - 추돌,안전운전불이행,건조,맑음,단일로 - 기타,승용,남,51-60세,상해없음,승용,남,21-30세,경상
2020081200100125,2020년 8월,수요일,서울특별시 광진구 중곡동,중상사고,0,1,0,0,차대차 - 충돌,안전운전불이행,건조,맑음,교차로 - 교차로안,승용,남,21-30세,상해없음,원동기,남,41-50세,중상
2020081200100327,2020년 8월,수요일,서울특별시 광진구 화양동,경상사고,0,0,1,0,차대차 - 충돌,신호위반,건조,맑음,교차로 - 교차로안,이륜,남,20세 이하,상해없음,개인형이동수단(PM),여,21-30세,경상
2020081200100497,2020년 8월,수요일,서울특별시 광진구 구의동,경상사고,0,0,1,0,차대차 - 기타,안전운전불이행,건조,맑음,단일로 - 기타,승용,남,61-64세,상해없음,이륜,남,21-30세,경상
2020081200100498,2020년 8월,수요일,서울특별시 광진구 자양동,경상사고,0,0,2,0,차대차 - 충돌,안전거리미확보,건조,맑음,단일로 - 기타,승용,남,31-40세,상해없음,승용,남,51-60세,경상
2020081200100517,2020년 8월,수요일,서울특별시 광진구 구의동,경상사고,0,0,2,0,차대사람 - 횡단중,보행자보호의무위반,건조,흐림,교차로 - 교차로안,화물,남,31-40세,상해없음,보행자,남,21-30세,경상
2020081200100589,2020년 8월,수요일,서울특별시 광진구 자양동,경상사고,0,0,1,0,차대차 - 기타,기타,건조,흐림,단일로 - 기타,승용,남,41-50세,상해없음,승용,남,61-64세,경상
2020081300100048,2020년 8월,목요일,서울특별시 광진구 구의동,경상사고,0,0,1,0,차대차 - 기타,안전운전불이행,기타,맑음,기타 - 기타,승용,남,51-60세,상해없음,건설기계,남,61-64세,경상
2020081300100355,2020년 8월,목요일,서울특별시 광진구 자양동,경상사고,0,0,1,0,차대차 - 충돌,안전운전불이행,건조,맑음,단일로 - 기타,승용,남,65세 이상,상해없음,승용,남,31-40세,경상
2020081300100613,2020년 8월,목요일,서울특별시 광진구 군자동,경상사고,0,0,1,0,차대차 - 기타,신호위반,기타,맑음,교차로 - 교차로안,개인형이동수단(PM),여,21-30세,상해없음,이륜,남,31-40세,경상
2020081500100059,2020년 8월,토요일,서울특별시 광진구 화양동,경상사고,0,0,1,0,차대차 - 기타,안전운전불이행,기타,맑음,기타 - 기타,화물,남,21-30세,기타불명,승용,남,51-60세,경상
2020081500100129,2020년 8월,토요일,서울특별시 광진구 중곡동,경상사고,0,0,1,0,차대차 - 충돌,안전운전불이행,젖음/습기,비,단일로 - 기타,승용,남,21-30세,상해없음,승용,남,31-40세,경상