사고번호,발생년월,요일,시군구,사고내용,사망자수,중상자수,경상자수,부상신고자수,사고유형,법규위반,노면상태,기상상태,도로형태,가해운전자 차종,가해운전자 성별,가해운전자 연령대,가해운전자 상해정도,피해운전자 차종,피해운전자 성별,피해운전자 연령대,피해운전자 상해정도
2020081600100372,2020년 8월,일요일,서울특별시 광진구 능동,경상사고,0,0,4,0,차대차 - 기타,안전운전불이행,건조,맑음,단일로 - 기타,승용,여,31-40세,상해없음,승용,남,31-40세,경상
2020081600100473,2020년 8월,일요일,서울특별시 광진구 화양동,경상사고,0,0,1,0,차대사람 - 기타,안전운전불이행,건조,맑음,단일로 - 기타,승용,남,41-50세,상해없음,보행자,남,13-20세,경상
2020081600100517,2020년 8월,일요일,서울특별시 광진구 군자동,경상사고,0,0,1,0,차대차 - 기타,안전운전불이행,젖음/습기,흐림,단일로 - 기타,기타불명,기타불명,기타불명,기타불명,승합,남,61-64세,상해없음
2020081700100011,2020년 8월,월요일,서울특별시 광진구 중곡동,부상신고사고,0,0,0,1,차대차 - 기타,안전운전불이행,건조,맑음,교차로 - 교차로안,이륜,남,21-30세,부상신고,승용,남,51-60세,상해없음
2020081700100498,2020년 8월,월요일,서울특별시 광진구 중곡동,경상사고,0,0,1,0,차대차 - 충돌,직진우회전진행방해,건조,맑음,교차로 - 교차로부근,승용,남,51-60세,상해없음,승용,남,41-50세,경상
2020081800100081,2020년 8월,화요일,서울특별시 광진구 중곡동,경상사고,0,0,1,0,차대차 - 충돌,안전운전불이행,건조,맑음,단일로 - 기타,승용,남,41-50세,상해없음,화물,남,51-60세,경상
2020081800100185,2020년 8월,화요일,서울특별시 광진구 군자동,중상사고,0,1,0,0,차대차 - 추돌,안전운전불이행,건조,맑음,교차로 - 교차로안,승용,남,61-64세,기타불명,이륜,남,21-30세,중상
2020081900100645,2020년 8월,수요일,서울특별시 광진구 자양동,중상사고,0,1,0,0,차대사람 - 기타,안전운전불이행,건조,맑음,교차로 - 교차로부근,승용,남,31-40세,상해없음,보행자,여,21-30세,중상
2020082000100019,2020년 8월,목요일,서울특별시 광진구 중곡동,경상사고,0,0,2,0,차대차 - 충돌,신호위반,건조,맑음,교차로 - 교차로안,승용,여,21-30세,상해없음,승용,남,61-64세,경상
2.02008E+15,2020년 8월,목요일,서울특별시 광진구 자양동,경상사고,0,0,1,0,차대차 - 추돌,안전운전불이행,건조,맑음,단일로 - 기타,승용,남,41-50세,상해없음,화물,남,31-40세,경상
2.02008E+15,2020년 8월,목요일,서울특별시 광진구 중곡동,중상사고,0,1,0,0,차대차 - 충돌,신호위반,건조,맑음,교차로 - 교차로안,승용,남,21-30세,상해없음,자전거,남,51-60세,중상
2020082100100013,2020년 8월,금요일,서울특별시 광진구 화양동,경상사고,0,0,1,0,차대사람 - 기타,안전운전불이행,건조,맑음,단일로 - 기타,승용,남,41-50세,상해없음,보행자,남,21-30세,경상
2020082100100088,2020년 8월,금요일,서울특별시 광진구 중곡동,경상사고,0,0,1,0,차대사람 - 기타,안전운전불이행,건조,맑음,단일로 - 기타,개인형이동수단(PM),여,21-30세,상해없음,보행자,여,65세 이상,경상
2.02008E+15,2020년 8월,금요일,서울특별시 광진구 자양동,경상사고,0,0,1,0,차대차 - 추돌,안전운전불이행,건조,맑음,단일로 - 기타,승용,남,51-60세,상해없음,화물,남,51-60세,경상
2020082100100351,2020년 8월,금요일,서울특별시 광진구 자양동,경상사고,0,0,1,0,차대차 - 추돌,안전운전불이행,건조,맑음,교차로 - 교차로안,승용,여,41-50세,상해없음,이륜,남,21-30세,경상
2020082100100552,2020년 8월,금요일,서울특별시 광진구 중곡동,경상사고,0,0,1,0,차대사람 - 기타,안전운전불이행,건조,맑음,단일로 - 기타,자전거,남,20세 이하,상해없음,보행자,남,51-60세,경상
2020082200100073,2020년 8월,토요일,서울특별시 광진구 중곡동,경상사고,0,0,1,0,차대차 - 추돌,안전운전불이행,건조,맑음,단일로 - 기타,승용,여,31-40세,경상,화물,남,61-64세,상해없음
2020082200100537,2020년 8월,토요일,서울특별시 광진구 중곡동,경상사고,0,0,4,0,차대차 - 충돌,교차로운행방법위반,젖음/습기,비,교차로 - 교차로안,승용,남,21-30세,경상,승용,남,21-30세,경상
2020082400100388,2020년 8월,월요일,서울특별시 광진구 자양동,중상사고,0,1,0,0,차대차 - 충돌,신호위반,건조,맑음,교차로 - 교차로안,승용,남,61-64세,상해없음,이륜,남,41-50세,중상
2020082400100523,2020년 8월,월요일,서울특별시 광진구 자양동,중상사고,0,1,0,0,차대차 - 충돌,안전운전불이행,건조,맑음,교차로 - 교차로안,승용,남,21-30세,상해없음,자전거,남,65세 이상,중상
2020082500100093,2020년 8월,화요일,서울특별시 광진구 구의동,경상사고,0,0,1,0,차대차 - 추돌,안전운전불이행,건조,맑음,단일로 - 기타,승용,여,41-50세,상해없음,승용,남,31-40세,경상
2020082500100203,2020년 8월,화요일,서울특별시 광진구 구의동,중상사고,0,1,0,0,차대사람 - 기타,안전운전불이행,건조,맑음,단일로 - 기타,이륜,남,21-30세,상해없음,보행자,여,51-60세,중상
2020082500100314,2020년 8월,화요일,서울특별시 광진구 중곡동,중상사고,0,1,1,0,차대차 - 기타,기타,기타,맑음,기타 - 기타,승용,남,51-60세,상해없음,이륜,남,21-30세,경상
2020082500100653,2020년 8월,화요일,서울특별시 광진구 구의동,경상사고,0,0,1,0,차대차 - 기타,신호위반,건조,맑음,교차로 - 교차로횡단보도내,승용,남,31-40세,경상,승용,남,51-60세,상해없음
2020082600100012,2020년 8월,수요일,서울특별시 광진구 중곡동,경상사고,0,0,1,0,차대차 - 충돌,안전거리미확보,건조,맑음,단일로 - 기타,승용,남,65세 이상,상해없음,이륜,남,41-50세,경상
2020082600100395,2020년 8월,수요일,서울특별시 광진구 능동,경상사고,0,0,1,0,차대사람 - 보도통행중,기타,건조,맑음,단일로 - 기타,이륜,남,21-30세,상해없음,보행자,여,12세 이하,경상
2020082700100017,2020년 8월,목요일,서울특별시 광진구 중곡동,중상사고,0,1,0,0,차대사람 - 횡단중,신호위반,건조,맑음,교차로 - 교차로안,승용,남,65세 이상,상해없음,보행자,남,21-30세,중상
2020082700100405,2020년 8월,목요일,서울특별시 광진구 자양동,중상사고,0,1,0,0,차대사람 - 기타,안전운전불이행,건조,맑음,교차로 - 교차로안,자전거,남,41-50세,상해없음,보행자,여,61-64세,중상
2020082800100092,2020년 8월,금요일,서울특별시 광진구 군자동,중상사고,0,1,0,0,차대차 - 충돌,교차로운행방법위반,건조,흐림,교차로 - 교차로안,승용,남,21-30세,상해없음,승용,남,41-50세,중상
2020082900100003,2020년 8월,토요일,서울특별시 광진구 중곡동,경상사고,0,0,1,0,차대차 - 충돌,안전거리미확보,건조,맑음,단일로 - 기타,승용,남,31-40세,상해없음,승용,남,51-60세,상해없음
2020082900100177,2020년 8월,토요일,서울특별시 광진구 광장동,경상사고,0,0,1,0,차대차 - 기타,신호위반,젖음/습기,비,교차로 - 교차로안,승용,남,31-40세,상해없음,승용,남,61-64세,경상
2020090200100026,2020년 9월,수요일,서울특별시 광진구 화양동,경상사고,0,0,1,0,차대차 - 충돌,안전운전불이행,젖음/습기,비,교차로 - 교차로안,승용,남,31-40세,상해없음,승용,남,51-60세,경상
2020090200100122,2020년 9월,수요일,서울특별시 광진구 능동,경상사고,0,0,1,0,차대차 - 충돌,안전운전불이행,젖음/습기,비,교차로 - 교차로안,승용,여,41-50세,상해없음,화물,남,21-30세,경상
2020090200100537,2020년 9월,수요일,서울특별시 광진구 중곡동,경상사고,0,0,1,0,차대차 - 추돌,안전운전불이행,젖음/습기,비,단일로 - 기타,승용,남,65세 이상,상해없음,승용,남,31-40세,경상
2.02009E+15,2020년 9월,목요일,서울특별시 광진구 자양동,중상사고,0,1,0,0,차대차 - 기타,기타,건조,맑음,단일로 - 기타,화물,남,41-50세,상해없음,원동기,남,21-30세,중상
2020090400100489,2020년 9월,금요일,서울특별시 광진구 중곡동,경상사고,0,0,1,0,차대차 - 충돌,안전운전불이행,건조,맑음,교차로 - 교차로안,승용,남,65세 이상,상해없음,승용,여,41-50세,경상
2.02009E+15,2020년 9월,토요일,서울특별시 광진구 구의동,경상사고,0,0,1,0,차대차 - 기타,안전운전불이행,기타,맑음,기타 - 기타,승용,남,65세 이상,상해없음,승용,남,31-40세,경상
2020090500100358,2020년 9월,토요일,서울특별시 광진구 자양동,경상사고,0,0,1,0,차대차 - 충돌,안전운전불이행,건조,맑음,단일로 - 기타,자전거,남,65세 이상,상해없음,자전거,남,21-30세,경상
2020090600100047,2020년 9월,일요일,서울특별시 광진구 자양동,경상사고,0,0,1,0,차대차 - 충돌,신호위반,건조,맑음,교차로 - 교차로안,승용,남,65세 이상,상해없음,자전거,남,51-60세,경상
2020090600100086,2020년 9월,일요일,서울특별시 광진구 자양동,경상사고,0,0,1,0,차대차 - 충돌,안전운전불이행,건조,맑음,교차로 - 교차로부근,승용,여,51-60세,상해없음,자전거,여,51-60세,경상
2020090600100283,2020년 9월,일요일,서울특별시 광진구 군자동,경상사고,0,0,1,0,차대차 - 기타,안전운전불이행,젖음/습기,비,단일로 - 기타,자전거,남,51-60세,경상,승용,남,31-40세,상해없음
2020090700100223,2020년 9월,월요일,서울특별시 광진구 자양동,중상사고,0,1,1,0,차대차 - 추돌,안전운전불이행,젖음/습기,비,단일로 - 고가도로위,승용,남,51-60세,상해없음,승용,남,51-60세,중상
2020090700100265,2020년 9월,월요일,서울특별시 광진구 자양동,경상사고,0,0,1,1,차대차 - 기타,직진우회전진행방해,젖음/습기,비,교차로 - 교차로안,승용,남,21-30세,부상신고,원동기,남,41-50세,경상
2020090700100396,2020년 9월,월요일,서울특별시 광진구 자양동,경상사고,0,0,1,0,차대차 - 추돌,안전운전불이행,젖음/습기,비,단일로 - 기타,승용,남,41-50세,상해없음,승용,여,31-40세,경상
2020090800100412,2020년 9월,화요일,서울특별시 광진구 자양동,경상사고,0,0,1,0,차대차 - 기타,안전거리미확보,건조,맑음,단일로 - 기타,승용,남,51-60세,상해없음,승용,남,21-30세,경상
2020090800100626,2020년 9월,화요일,서울특별시 광진구 자양동,중상사고,0,1,0,0,차량단독 - 전도전복,안전운전불이행,건조,맑음,단일로 - 기타,개인형이동수단(PM),남,20세 이하,중상,,,,
2020090900100337,2020년 9월,수요일,서울특별시 광진구 자양동,경상사고,0,0,1,0,차대차 - 기타,안전운전불이행,기타,맑음,단일로 - 교량,승용,남,41-50세,상해없음,승용,여,41-50세,경상
2020091100100058,2020년 9월,금요일,서울특별시 광진구 구의동,경상사고,0,0,1,0,차대차 - 충돌,안전거리미확보,건조,맑음,단일로 - 기타,화물,남,51-60세,상해없음,승용,남,41-50세,경상
2020091100100084,2020년 9월,금요일,서울특별시 광진구 군자동,경상사고,0,0,1,0,차대차 - 기타,안전운전불이행,건조,맑음,교차로 - 교차로부근,승용,남,51-60세,상해없음,이륜,남,31-40세,경상
2020091100100114,2020년 9월,금요일,서울특별시 광진구 자양동,경상사고,0,0,1,0,차대차 - 충돌,안전운전불이행,건조,맑음,교차로 - 교차로부근,승용,여,51-60세,상해없음,원동기,남,31-40세,경상
2020091200100179,2020년 9월,토요일,서울특별시 광진구 구의동,경상사고,0,0,1,0,차대사람 - 기타,교차로운행방법위반,건조,맑음,교차로 - 교차로안,승용,남,41-50세,상해없음,보행자,여,61-64세,경상
2020091200100298,2020년 9월,토요일,서울특별시 광진구 자양동,경상사고,0,0,1,0,차대차 - 추돌,안전운전불이행,건조,맑음,단일로 - 기타,승용,남,31-40세,상해없음,승용,남,65세 이상,경상
2020091200100449,2020년 9월,토요일,서울특별시 광진구 중곡동,경상사고,0,0,3,0,차대차 - 기타,안전운전불이행,건조,맑음,단일로 - 기타,승용,남,65세 이상,상해없음,승용,남,31-40세,경상
2020091300100118,2020년 9월,일요일,서울특별시 광진구 화양동,중상사고,0,1,0,0,차대사람 - 보도통행중,신호위반,건조,맑음,단일로 - 기타,이륜,남,41-50세,상해없음,보행자,남,51-60세,중상
2020091300100186,2020년 9월,일요일,서울특별시 광진구 군자동,중상사고,0,1,0,0,차대차 - 충돌,안전거리미확보,건조,맑음,교차로 - 교차로안,이륜,남,21-30세,상해없음,원동기,남,31-40세,중상
2020091400100031,2020년 9월,월요일,서울특별시 광진구 화양동,부상신고사고,0,0,0,1,차대차 - 기타,안전운전불이행,젖음/습기,맑음,교차로 - 교차로안,이륜,남,31-40세,부상신고,원동기,남,21-30세,상해없음
2020091400100065,2020년 9월,월요일,서울특별시 광진구 구의동,경상사고,0,0,1,0,차대차 - 충돌,안전운전불이행,건조,맑음,교차로 - 교차로부근,승용,여,51-60세,상해없음,승용,남,21-30세,경상
2020091400100243,2020년 9월,월요일,서울특별시 광진구 자양동,경상사고,0,0,1,0,차대차 - 추돌,안전운전불이행,기타,맑음,기타 - 기타,승용,여,31-40세,상해없음,화물,남,51-60세,경상
2020091400100418,2020년 9월,월요일,서울특별시 광진구 중곡동,경상사고,0,0,1,0,차대차 - 기타,안전운전불이행,기타,맑음,기타 - 기타,승용,남,65세 이상,상해없음,승용,여,61-64세,경상
2020091400100508,2020년 9월,월요일,서울특별시 광진구 화양동,경상사고,0,0,1,0,차대차 - 기타,안전운전불이행,건조,맑음,단일로 - 기타,이륜,남,31-40세,경상,승용,남,41-50세,상해없음
2020091600100148,2020년 9월,수요일,서울특별시 광진구 자양동,중상사고,0,1,0,0,차대차 - 충돌,직진우회전진행방해,건조,맑음,교차로 - 교차로안,개인형이동수단(PM),남,31-40세,중상,승용,남,31-40세,상해없음
2020091600100519,2020년 9월,수요일,서울특별시 광진구 구의동,경상사고,0,0,2,0,차대차 - 추돌,안전운전불이행,건조,맑음,교차로 - 교차로부근,승용,남,41-50세,상해없음,승용,남,41-50세,경상
2020091700100175,2020년 9월,목요일,서울특별시 광진구 자양동,경상사고,0,0,1,0,차대사람 - 차도통행중,안전운전불이행,건조,맑음,단일로 - 기타,승용,남,21-30세,상해없음,보행자,남,65세 이상,경상
2020091800100089,2020년 9월,금요일,서울특별시 광진구 군자동,중상사고,0,1,0,0,차대사람 - 기타,보행자보호의무위반,건조,맑음,교차로 - 교차로횡단보도내,화물,남,65세 이상,상해없음,보행자,남,65세 이상,중상
2020091800100266,2020년 9월,금요일,서울특별시 광진구 중곡동,경상사고,0,0,1,0,차대차 - 충돌,신호위반,건조,맑음,교차로 - 교차로횡단보도내,이륜,남,61-64세,경상,승합,남,41-50세,상해없음
2020091800100688,2020년 9월,금요일,서울특별시 광진구 중곡동,중상사고,0,1,0,0,차대사람 - 기타,안전운전불이행,건조,맑음,단일로 - 기타,승용,여,41-50세,상해없음,보행자,여,13-20세,중상
2020091900100018,2020년 9월,토요일,서울특별시 광진구 화양동,경상사고,0,0,2,0,차대사람 - 기타,안전운전불이행,건조,맑음,단일로 - 기타,승용,남,21-30세,상해없음,보행자,남,21-30세,경상
2020091900100543,2020년 9월,토요일,서울특별시 광진구 중곡동,경상사고,0,0,1,0,차대사람 - 횡단중,신호위반,기타,맑음,기타 - 기타,승용,남,51-60세,상해없음,보행자,여,51-60세,경상
2020092100100216,2020년 9월,월요일,서울특별시 광진구 구의동,경상사고,0,0,1,0,차대차 - 기타,안전운전불이행,건조,맑음,교차로 - 교차로안,이륜,남,31-40세,상해없음,자전거,여,65세 이상,경상
2020092100100664,2020년 9월,월요일,서울특별시 광진구 중곡동,경상사고,0,0,2,0,차대차 - 기타,안전거리미확보,건조,맑음,교차로 - 교차로안,승용,남,41-50세,상해없음,이륜,남,51-60세,경상
2020092200100183,2020년 9월,화요일,서울특별시 광진구 자양동,경상사고,0,0,1,0,차대차 - 충돌,안전운전불이행,건조,맑음,단일로 - 기타,승용,남,21-30세,상해없음,승용,남,31-40세,경상
2020092300100058,2020년 9월,수요일,서울특별시 광진구 화양동,경상사고,0,0,1,0,차대사람 - 횡단중,안전운전불이행,건조,맑음,단일로 - 기타,개인형이동수단(PM),남,21-30세,상해없음,보행자,여,51-60세,경상
2020092300100568,2020년 9월,수요일,서울특별시 광진구 군자동,경상사고,0,0,1,0,차대차 - 추돌,안전운전불이행,건조,맑음,단일로 - 기타,승용,여,31-40세,상해없음,승용,남,61-64세,경상
2020092400100315,2020년 9월,목요일,서울특별시 광진구 중곡동,중상사고,0,2,0,0,차대차 - 충돌,안전거리미확보,건조,맑음,단일로 - 기타,승용,남,65세 이상,상해없음,승합,남,31-40세,중상
2.02009E+15,2020년 9월,목요일,서울특별시 광진구 중곡동,경상사고,0,0,1,0,차대차 - 추돌,안전운전불이행,건조,맑음,교차로 - 교차로부근,승용,남,51-60세,상해없음,승용,남,31-40세,경상
2020092400100638,2020년 9월,목요일,서울특별시 광진구 화양동,경상사고,0,0,1,0,차대차 - 충돌,안전운전불이행,건조,맑음,교차로 - 교차로안,승용,남,31-40세,상해없음,승용,남,61-64세,경상
2020092500100361,2020년 9월,금요일,서울특별시 광진구 광장동,중상사고,0,1,0,0,차대차 - 기타,안전운전불이행,기타,맑음,기타 - 기타,승용,여,61-64세,상해없음,승용,남,31-40세,중상
2020092600100087,2020년 9월,토요일,서울특별시 광진구 자양동,경상사고,0,0,1,0,차대차 - 충돌,안전거리미확보,건조,맑음,단일로 - 교량,승용,여,20세 이하,상해없음,승용,여,41-50세,경상
2020092600100208,2020년 9월,토요일,서울특별시 광진구 자양동,중상사고,0,1,0,0,차대차 - 기타,안전운전불이행,기타,맑음,기타 - 기타,건설기계,남,51-60세,상해없음,자전거,남,65세 이상,중상
2020092700100002,2020년 9월,일요일,서울특별시 광진구 화양동,경상사고,0,0,5,0,차대차 - 충돌,안전운전불이행,건조,맑음,단일로 - 기타,승용,남,31-40세,상해없음,승용,여,31-40세,경상
2020092700100077,2020년 9월,일요일,서울특별시 광진구 자양동,경상사고,0,0,1,0,차대사람 - 횡단중,안전운전불이행,건조,맑음,교차로 - 교차로안,개인형이동수단(PM),남,21-30세,상해없음,보행자,여,21-30세,경상
2020092800100031,2020년 9월,월요일,서울특별시 광진구 광장동,중상사고,0,1,2,0,차대차 - 기타,신호위반,기타,맑음,교차로 - 교차로안,승합,남,21-30세,상해없음,승용,여,41-50세,중상
2020093000100003,2020년 9월,수요일,서울특별시 광진구 중곡동,부상신고사고,0,0,0,1,차량단독 - 기타,안전운전불이행,건조,맑음,단일로 - 기타,자전거,남,51-60세,부상신고,,,,
2020093000100491,2020년 9월,수요일,서울특별시 광진구 광장동,경상사고,0,0,1,0,차량단독 - 충돌,안전운전불이행,건조,맑음,교차로 - 교차로부근,이륜,여,20세 이하,경상,,,,
2020093000100511,2020년 9월,수요일,서울특별시 광진구 능동,경상사고,0,0,1,0,차대사람 - 길가장자리구역통행중,안전운전불이행,건조,맑음,단일로 - 기타,승용,남,20세 이하,상해없음,보행자,남,21-30세,경상
2020100100100176,2020년 10월,목요일,서울특별시 광진구 중곡동,중상사고,0,1,0,0,차대차 - 충돌,기타,건조,맑음,기타 - 기타,개인형이동수단(PM),남,20세 이하,상해없음,자전거,여,65세 이상,중상
2020100100100323,2020년 10월,목요일,서울특별시 광진구 중곡동,경상사고,0,0,2,0,차대차 - 충돌,직진우회전진행방해,건조,맑음,교차로 - 교차로안,승용,남,31-40세,경상,승용,남,51-60세,경상
2020100400100112,2020년 10월,일요일,서울특별시 광진구 중곡동,경상사고,0,0,1,0,차대차 - 기타,신호위반,기타,맑음,단일로 - 기타,승용,남,21-30세,상해없음,승용,남,21-30세,경상
2.0201E+15,2020년 10월,일요일,서울특별시 광진구 화양동,경상사고,0,0,1,0,차대차 - 충돌,안전운전불이행,건조,맑음,단일로 - 기타,원동기,남,51-60세,경상,승용,남,21-30세,상해없음
2020100500100416,2020년 10월,월요일,서울특별시 광진구 광장동,경상사고,0,0,1,0,차대차 - 충돌,안전운전불이행,건조,맑음,단일로 - 기타,승용,여,41-50세,상해없음,승용,남,21-30세,경상
2020100500100554,2020년 10월,월요일,서울특별시 광진구 자양동,경상사고,0,0,1,0,차대차 - 기타,안전운전불이행,기타,맑음,기타 - 기타,이륜,남,31-40세,상해없음,승용,남,31-40세,경상
2020100600100085,2020년 10월,화요일,서울특별시 광진구 광장동,경상사고,0,0,1,0,차대차 - 추돌,안전운전불이행,건조,맑음,단일로 - 기타,이륜,남,31-40세,상해없음,승용,남,21-30세,경상
2020100700100001,2020년 10월,수요일,서울특별시 광진구 중곡동,경상사고,0,0,1,0,차대차 - 충돌,안전운전불이행,건조,맑음,단일로 - 기타,이륜,여,21-30세,상해없음,승용,여,21-30세,경상
2020100700100002,2020년 10월,수요일,서울특별시 광진구 화양동,경상사고,0,0,2,0,차대사람 - 횡단중,신호위반,건조,맑음,교차로 - 교차로부근,승용,여,65세 이상,상해없음,보행자,여,21-30세,경상
2020100700100442,2020년 10월,수요일,서울특별시 광진구 자양동,경상사고,0,0,1,0,차대사람 - 기타,안전운전불이행,건조,맑음,교차로 - 교차로부근,개인형이동수단(PM),여,21-30세,상해없음,보행자,여,61-64세,경상
2020100700100542,2020년 10월,수요일,서울특별시 광진구 군자동,중상사고,0,1,0,0,차대차 - 충돌,안전거리미확보,건조,맑음,단일로 - 기타,기타불명,기타불명,기타불명,기타불명,이륜,여,21-30세,중상
2020100700100568,2020년 10월,수요일,서울특별시 광진구 자양동,경상사고,0,0,1,0,차대차 - 충돌,신호위반,건조,맑음,교차로 - 교차로안,이륜,남,21-30세,경상,승용,남,51-60세,상해없음
2020100800100071,2020년 10월,목요일,서울특별시 광진구 자양동,경상사고,0,0,2,0,차대차 - 기타,안전운전불이행,건조,맑음,교차로 - 교차로안,승용,남,51-60세,경상,승용,여,65세 이상,상해없음
2020100800100272,2020년 10월,목요일,서울특별시 광진구 구의동,중상사고,0,1,0,0,차대차 - 충돌,안전운전불이행,건조,맑음,단일로 - 기타,승용,남,61-64세,상해없음,이륜,남,21-30세,중상
2020100900100237,2020년 10월,금요일,서울특별시 광진구 자양동,경상사고,0,0,1,0,차대차 - 충돌,안전운전불이행,건조,맑음,단일로 - 기타,승용,남,31-40세,상해없음,화물,남,41-50세,경상
2020100900100456,2020년 10월,금요일,서울특별시 광진구 자양동,경상사고,0,0,1,0,차대차 - 기타,안전운전불이행,건조,맑음,단일로 - 기타,개인형이동수단(PM),남,31-40세,상해없음,자전거,여,65세 이상,경상
2020100900100502,2020년 10월,금요일,서울특별시 광진구 중곡동,중상사고,0,1,0,0,차대차 - 기타,신호위반,기타,맑음,교차로 - 교차로안,원동기,남,20세 이하,상해없음,승용,여,41-50세,상해없음
2020100900100563,2020년 10월,금요일,서울특별시 광진구 광장동,경상사고,0,0,1,0,차대차 - 기타,신호위반,건조,맑음,단일로 - 기타,승용,여,21-30세,상해없음,개인형이동수단(PM),여,21-30세,경상
2020100900100579,2020년 10월,금요일,서울특별시 광진구 구의동,중상사고,0,1,1,0,차대차 - 기타,안전운전불이행,기타,맑음,단일로 - 기타,개인형이동수단(PM),여,20세 이하,상해없음,개인형이동수단(PM),남,21-30세,경상
2020101100100017,2020년 10월,일요일,서울특별시 광진구 중곡동,경상사고,0,0,1,0,차대차 - 충돌,안전운전불이행,건조,맑음,교차로 - 교차로부근,이륜,여,21-30세,경상,화물,남,51-60세,기타불명
2020101100100018,2020년 10월,일요일,서울특별시 광진구 화양동,경상사고,0,0,2,0,차대차 - 충돌,안전운전불이행,건조,맑음,교차로 - 교차로부근,원동기,남,21-30세,기타불명,승용,남,21-30세,경상
2020101200100034,2020년 10월,월요일,서울특별시 광진구 광장동,경상사고,0,0,1,0,차대차 - 추돌,안전운전불이행,건조,맑음,단일로 - 기타,승용,여,31-40세,상해없음,화물,남,51-60세,경상
2020101200100466,2020년 10월,월요일,서울특별시 광진구 자양동,중상사고,0,1,0,0,차대사람 - 기타,안전운전불이행,기타,맑음,기타 - 기타,화물,남,51-60세,상해없음,보행자,여,65세 이상,중상
2020101200100517,2020년 10월,월요일,서울특별시 광진구 구의동,중상사고,0,1,0,0,차대차 - 추돌,안전운전불이행,건조,맑음,단일로 - 기타,승용,남,51-60세,상해없음,승용,남,31-40세,상해없음
2020101200100518,2020년 10월,월요일,서울특별시 광진구 구의동,경상사고,0,0,1,0,차대차 - 기타,안전운전불이행,기타,맑음,주차장 - 주차장,승용,남,65세 이상,상해없음,승용,여,41-50세,경상
2020101300100031,2020년 10월,화요일,서울특별시 광진구 구의동,경상사고,0,0,1,0,차대차 - 기타,안전운전불이행,건조,맑음,교차로 - 교차로안,자전거,여,65세 이상,경상,승합,남,41-50세,상해없음
2020101300100125,2020년 10월,화요일,서울특별시 광진구 구의동,경상사고,0,0,1,0,차대차 - 기타,안전운전불이행,기타,맑음,단일로 - 기타,승용,남,61-64세,기타불명,승용,남,41-50세,경상
2020101300100464,2020년 10월,화요일,서울특별시 광진구 중곡동,경상사고,0,0,1,0,차대차 - 추돌,안전운전불이행,건조,맑음,단일로 - 기타,승용,남,31-40세,상해없음,승용,남,65세 이상,경상
2020101400100047,2020년 10월,수요일,서울특별시 광진구 광장동,경상사고,0,0,1,0,차대차 - 충돌,안전거리미확보,건조,맑음,기타 - 기타,승용,남,65세 이상,상해없음,승용,남,31-40세,경상
2.0201E+15,2020년 10월,수요일,서울특별시 광진구 구의동,경상사고,0,0,1,0,차대사람 - 기타,안전운전불이행,건조,맑음,단일로 - 기타,화물,남,41-50세,상해없음,보행자,남,51-60세,경상
2020101400100265,2020년 10월,수요일,서울특별시 광진구 구의동,경상사고,0,0,1,0,차대차 - 충돌,안전운전불이행,건조,맑음,교차로 - 교차로안,승용,남,41-50세,상해없음,자전거,여,65세 이상,경상
2020101400100266,2020년 10월,수요일,서울특별시 광진구 자양동,경상사고,0,0,1,0,차대사람 - 기타,안전운전불이행,기타,맑음,기타 - 기타,자전거,남,51-60세,상해없음,보행자,여,21-30세,경상
2.0201E+15,2020년 10월,수요일,서울특별시 광진구 화양동,경상사고,0,0,3,0,차대차 - 추돌,안전운전불이행,건조,맑음,단일로 - 기타,승용,여,31-40세,상해없음,화물,남,61-64세,경상
2020101500100063,2020년 10월,목요일,서울특별시 광진구 자양동,경상사고,0,0,2,0,차대차 - 추돌,안전거리미확보,건조,맑음,단일로 - 기타,승용,남,31-40세,상해없음,승용,여,31-40세,경상
2020101500100238,2020년 10월,목요일,서울특별시 광진구 화양동,경상사고,0,0,2,0,차대차 - 추돌,안전운전불이행,건조,맑음,교차로 - 교차로안,화물,남,61-64세,상해없음,승용,남,31-40세,경상
2.0201E+15,2020년 10월,금요일,서울특별시 광진구 능동,중상사고,0,1,0,0,차대사람 - 기타,안전운전불이행,건조,맑음,단일로 - 기타,승용,남,65세 이상,상해없음,보행자,남,41-50세,중상
2020101600100344,2020년 10월,금요일,서울특별시 광진구 중곡동,중상사고,0,1,0,0,차대차 - 충돌,중앙선침범,건조,맑음,단일로 - 기타,승용,남,61-64세,상해없음,승용,여,41-50세,중상
2020101600100345,2020년 10월,금요일,서울특별시 광진구 화양동,경상사고,0,0,1,0,차대차 - 충돌,안전운전불이행,건조,맑음,단일로 - 기타,승용,남,31-40세,상해없음,승합,남,51-60세,상해없음
2020101600100665,2020년 10월,금요일,서울특별시 광진구 군자동,경상사고,0,0,1,0,차대차 - 기타,안전운전불이행,건조,맑음,단일로 - 기타,승용,남,51-60세,상해없음,원동기,남,21-30세,경상
2020101700100425,2020년 10월,토요일,서울특별시 광진구 자양동,경상사고,0,0,1,0,차대차 - 충돌,교차로운행방법위반,건조,맑음,교차로 - 교차로부근,화물,남,41-50세,상해없음,이륜,남,21-30세,경상
2020101900100273,2020년 10월,월요일,서울특별시 광진구 화양동,중상사고,0,1,0,0,차대차 - 충돌,안전거리미확보,건조,맑음,단일로 - 기타,승용,남,65세 이상,상해없음,이륜,남,41-50세,중상