사고번호,발생년월,요일,시군구,사고내용,사망자수,중상자수,경상자수,부상신고자수,사고유형,법규위반,노면상태,기상상태,도로형태,가해운전자 차종,가해운전자 성별,가해운전자 연령대,가해운전자 상해정도,피해운전자 차종,피해운전자 성별,피해운전자 연령대,피해운전자 상해정도
2021032300100246,2021년 3월,화요일,서울특별시 광진구 구의동,경상사고,0,0,3,0,차대차 - 충돌,안전거리미확보,건조,맑음,단일로 - 기타,승용,여,65세 이상,상해없음,승합,남,61-64세,경상
2021032300100325,2021년 3월,화요일,서울특별시 광진구 자양동,경상사고,0,0,1,0,차대사람 - 보도통행중,기타,건조,맑음,단일로 - 기타,승용,남,61-64세,상해없음,보행자,여,21-30세,경상
2021032300100362,2021년 3월,화요일,서울특별시 광진구 군자동,경상사고,0,0,1,0,차대차 - 기타,안전거리미확보,건조,맑음,교차로 - 교차로안,이륜,남,41-50세,경상,승용,남,51-60세,상해없음
2021032300100412,2021년 3월,화요일,서울특별시 광진구 화양동,경상사고,0,0,1,0,차대차 - 충돌,안전운전불이행,건조,맑음,교차로 - 교차로안,승용,남,65세 이상,상해없음,승용,여,41-50세,경상
2021032300100486,2021년 3월,화요일,서울특별시 광진구 구의동,경상사고,0,0,3,1,차대차 - 충돌,신호위반,건조,맑음,교차로 - 교차로안,승합,남,51-60세,상해없음,승용,남,31-40세,경상
2021032400100119,2021년 3월,수요일,서울특별시 광진구 군자동,경상사고,0,0,1,0,차대사람 - 차도통행중,안전운전불이행,건조,맑음,단일로 - 기타,승용,남,21-30세,상해없음,보행자,여,65세 이상,경상
2021032400100257,2021년 3월,수요일,서울특별시 광진구 중곡동,경상사고,0,0,1,0,차대차 - 추돌,안전운전불이행,건조,맑음,기타 - 기타,자전거,남,65세 이상,경상,승용,남,65세 이상,상해없음
2021032400100326,2021년 3월,수요일,서울특별시 광진구 화양동,부상신고사고,0,0,0,1,차대차 - 충돌,안전거리미확보,건조,맑음,단일로 - 기타,승용,여,51-60세,상해없음,이륜,남,31-40세,부상신고
2021032400100449,2021년 3월,수요일,서울특별시 광진구 중곡동,경상사고,0,0,2,0,차대차 - 기타,중앙선침범,건조,맑음,단일로 - 기타,승용,남,61-64세,상해없음,승용,여,41-50세,경상
2021032500100265,2021년 3월,목요일,서울특별시 광진구 화양동,경상사고,0,0,1,0,차대차 - 기타,안전운전불이행,건조,맑음,단일로 - 기타,승용,남,31-40세,상해없음,이륜,남,51-60세,경상
2021032600100489,2021년 3월,금요일,서울특별시 광진구 중곡동,경상사고,0,0,1,0,차대차 - 기타,안전운전불이행,건조,맑음,교차로 - 교차로안,승용,남,41-50세,상해없음,원동기,남,51-60세,경상
2021032600100612,2021년 3월,금요일,서울특별시 광진구 구의동,경상사고,0,0,1,0,차대차 - 기타,신호위반,건조,맑음,교차로 - 교차로안,승용,남,51-60세,상해없음,승용,남,51-60세,기타불명
2021032700100132,2021년 3월,토요일,서울특별시 광진구 자양동,중상사고,0,1,0,0,차대차 - 충돌,신호위반,건조,맑음,기타 - 기타,승용,남,21-30세,상해없음,이륜,남,51-60세,중상
2.02103E+15,2021년 3월,토요일,서울특별시 광진구 중곡동,중상사고,0,1,1,0,차대차 - 충돌,안전운전불이행,젖음/습기,비,단일로 - 기타,승용,여,51-60세,상해없음,승용,남,51-60세,상해없음
2021032800100122,2021년 3월,일요일,서울특별시 광진구 중곡동,경상사고,0,0,1,0,차대차 - 기타,안전운전불이행,건조,맑음,단일로 - 기타,승용,남,21-30세,상해없음,승용,남,31-40세,경상
2021032800100146,2021년 3월,일요일,서울특별시 광진구 구의동,경상사고,0,0,1,1,차대차 - 충돌,안전운전불이행,건조,맑음,주차장 - 주차장,이륜,남,51-60세,부상신고,승용,남,31-40세,경상
2021032800100412,2021년 3월,일요일,서울특별시 광진구 중곡동,경상사고,0,0,1,0,차대차 - 기타,교차로운행방법위반,젖음/습기,비,교차로 - 교차로안,승합,남,51-60세,상해없음,개인형이동수단(PM),여,31-40세,경상
2021032900100079,2021년 3월,월요일,서울특별시 광진구 구의동,중상사고,0,1,1,0,차대차 - 충돌,직진우회전진행방해,건조,맑음,교차로 - 교차로안,승용,남,51-60세,상해없음,승용,남,51-60세,경상
2021032900100201,2021년 3월,월요일,서울특별시 광진구 화양동,경상사고,0,0,1,0,차대사람 - 기타,안전운전불이행,건조,맑음,단일로 - 기타,이륜,남,21-30세,상해없음,보행자,여,65세 이상,경상
2021032900100277,2021년 3월,월요일,서울특별시 광진구 구의동,경상사고,0,0,2,0,차대차 - 기타,안전운전불이행,건조,맑음,단일로 - 기타,이륜,남,20세 이하,상해없음,승용,남,31-40세,상해없음
2.02103E+15,2021년 3월,월요일,서울특별시 광진구 중곡동,중상사고,0,1,0,0,차대차 - 충돌,안전운전불이행,건조,맑음,교차로 - 교차로부근,승용,남,65세 이상,상해없음,승용,남,31-40세,중상
2021032900100442,2021년 3월,월요일,서울특별시 광진구 구의동,경상사고,0,0,1,0,차대차 - 추돌,안전운전불이행,건조,맑음,기타 - 기타,승용,남,65세 이상,상해없음,승용,남,41-50세,경상
2021032900100513,2021년 3월,월요일,서울특별시 광진구 자양동,경상사고,0,0,1,0,차대차 - 추돌,안전운전불이행,건조,맑음,교차로 - 교차로안,이륜,남,41-50세,기타불명,자전거,남,13-20세,경상
2021033000100051,2021년 3월,화요일,서울특별시 광진구 중곡동,경상사고,0,0,1,0,차대차 - 충돌,안전거리미확보,건조,맑음,단일로 - 기타,승합,남,61-64세,상해없음,승용,남,61-64세,경상
2021033000100132,2021년 3월,화요일,서울특별시 광진구 군자동,경상사고,0,0,1,0,차대차 - 추돌,안전운전불이행,건조,맑음,단일로 - 기타,승용,남,61-64세,상해없음,승용,여,31-40세,경상
2.02103E+15,2021년 3월,화요일,서울특별시 광진구 자양동,경상사고,0,0,1,0,차대차 - 기타,안전운전불이행,건조,맑음,교차로 - 교차로부근,자전거,여,51-60세,경상,기타불명,기타불명,기타불명,기타불명
2021033100100074,2021년 3월,수요일,서울특별시 광진구 구의동,경상사고,0,0,1,0,차대사람 - 차도통행중,안전운전불이행,건조,맑음,교차로 - 교차로안,승용,남,21-30세,상해없음,보행자,여,21-30세,경상
2021033100100346,2021년 3월,수요일,서울특별시 광진구 중곡동,경상사고,0,0,1,0,차대차 - 충돌,신호위반,건조,맑음,교차로 - 교차로안,이륜,남,20세 이하,경상,승용,남,51-60세,상해없음
2021040100100175,2021년 4월,목요일,서울특별시 광진구 중곡동,중상사고,0,1,0,0,차대차 - 충돌,신호위반,건조,맑음,교차로 - 교차로안,승용,남,65세 이상,상해없음,이륜,남,51-60세,중상
2021040100100406,2021년 4월,목요일,서울특별시 광진구 군자동,경상사고,0,0,2,0,차대사람 - 기타,보행자보호의무위반,건조,맑음,단일로 - 기타,개인형이동수단(PM),남,21-30세,상해없음,보행자,여,21-30세,경상
2021040100100599,2021년 4월,목요일,서울특별시 광진구 자양동,경상사고,0,0,1,0,차대차 - 충돌,신호위반,건조,맑음,단일로 - 기타,승용,남,31-40세,상해없음,승용,남,65세 이상,경상
2021040200100174,2021년 4월,금요일,서울특별시 광진구 자양동,경상사고,0,0,2,0,차대차 - 충돌,안전거리미확보,건조,맑음,교차로 - 교차로안,승용,남,41-50세,상해없음,승용,남,21-30세,경상
2021040200100569,2021년 4월,금요일,서울특별시 광진구 구의동,경상사고,0,0,1,0,차대사람 - 길가장자리구역통행중,안전운전불이행,건조,맑음,기타 - 기타,기타불명,기타불명,기타불명,기타불명,보행자,남,51-60세,경상
2021040300100326,2021년 4월,토요일,서울특별시 광진구 구의동,경상사고,0,0,1,0,차대차 - 기타,안전운전불이행,젖음/습기,비,단일로 - 기타,건설기계,남,21-30세,상해없음,승용,남,31-40세,경상
2021040400100119,2021년 4월,일요일,서울특별시 광진구 중곡동,경상사고,0,0,1,0,차대차 - 충돌,안전운전불이행,건조,맑음,단일로 - 기타,승용,남,61-64세,상해없음,승용,남,21-30세,경상
2.02104E+15,2021년 4월,일요일,서울특별시 광진구 중곡동,경상사고,0,0,1,0,차대차 - 추돌,안전운전불이행,건조,맑음,단일로 - 기타,승용,남,65세 이상,상해없음,승용,남,41-50세,경상
2021040400100369,2021년 4월,일요일,서울특별시 광진구 자양동,중상사고,0,1,0,0,차대사람 - 기타,안전운전불이행,건조,맑음,교차로 - 교차로안,이륜,남,31-40세,상해없음,보행자,남,31-40세,중상
2.02104E+15,2021년 4월,월요일,서울특별시 광진구 광장동,중상사고,0,1,0,0,차대차 - 충돌,중앙선침범,건조,맑음,단일로 - 기타,자전거,남,61-64세,중상,승용,남,61-64세,상해없음
2021040500100241,2021년 4월,월요일,서울특별시 광진구 자양동,경상사고,0,0,2,0,차대차 - 기타,신호위반,건조,맑음,교차로 - 교차로안,이륜,남,21-30세,상해없음,승합,남,51-60세,상해없음
2021040600100012,2021년 4월,화요일,서울특별시 광진구 중곡동,중상사고,0,1,1,0,차대차 - 충돌,직진우회전진행방해,건조,맑음,교차로 - 교차로안,원동기,남,31-40세,경상,승용,남,61-64세,상해없음
2021040600100493,2021년 4월,화요일,서울특별시 광진구 군자동,중상사고,0,1,0,0,차대차 - 충돌,안전운전불이행,건조,맑음,교차로 - 교차로안,자전거,남,51-60세,중상,승용,남,31-40세,상해없음
2021040700100028,2021년 4월,수요일,서울특별시 광진구 군자동,중상사고,0,1,0,0,차대차 - 충돌,안전운전불이행,건조,맑음,교차로 - 교차로안,승용,남,51-60세,상해없음,이륜,남,31-40세,중상
2021040700100143,2021년 4월,수요일,서울특별시 광진구 구의동,경상사고,0,0,1,0,차대차 - 추돌,안전운전불이행,건조,맑음,기타 - 기타,승용,여,41-50세,상해없음,승용,여,31-40세,경상
2021040800100046,2021년 4월,목요일,서울특별시 광진구 군자동,경상사고,0,0,1,0,차대사람 - 기타,안전운전불이행,건조,맑음,단일로 - 기타,승용,남,31-40세,상해없음,보행자,남,61-64세,경상
2021040800100047,2021년 4월,목요일,서울특별시 광진구 중곡동,경상사고,0,0,2,0,차대차 - 기타,교차로운행방법위반,건조,맑음,교차로 - 교차로안,승용,여,61-64세,상해없음,승용,여,41-50세,경상
2021040800100124,2021년 4월,목요일,서울특별시 광진구 중곡동,경상사고,0,0,1,0,차대사람 - 기타,안전운전불이행,건조,맑음,기타 - 기타,승합,남,51-60세,상해없음,보행자,남,31-40세,경상
2021040800100291,2021년 4월,목요일,서울특별시 광진구 중곡동,경상사고,0,0,1,0,차대차 - 기타,교차로운행방법위반,건조,맑음,교차로 - 교차로안,승용,남,51-60세,상해없음,승용,남,31-40세,경상
2021040800100364,2021년 4월,목요일,서울특별시 광진구 자양동,경상사고,0,0,1,0,차대차 - 충돌,안전운전불이행,건조,맑음,단일로 - 기타,승용,남,65세 이상,상해없음,승용,남,51-60세,경상
2.02104E+15,2021년 4월,금요일,서울특별시 광진구 중곡동,경상사고,0,0,1,0,차대차 - 충돌,안전거리미확보,건조,맑음,단일로 - 기타,화물,남,31-40세,상해없음,승용,남,51-60세,경상
2021040900100176,2021년 4월,금요일,서울특별시 광진구 중곡동,중상사고,0,1,0,0,차대사람 - 보도통행중,중앙선침범,건조,맑음,단일로 - 기타,승용,남,65세 이상,상해없음,보행자,여,21-30세,중상
2021040900100258,2021년 4월,금요일,서울특별시 광진구 자양동,경상사고,0,0,1,0,차대사람 - 차도통행중,안전운전불이행,건조,맑음,단일로 - 터널,승용,남,21-30세,상해없음,보행자,남,51-60세,경상
2021040900100357,2021년 4월,금요일,서울특별시 광진구 구의동,경상사고,0,0,2,0,차대차 - 추돌,안전운전불이행,건조,맑음,교차로 - 교차로부근,승용,남,51-60세,상해없음,승합,남,51-60세,경상
2021040900100474,2021년 4월,금요일,서울특별시 광진구 구의동,경상사고,0,0,2,0,차대차 - 충돌,안전운전불이행,건조,맑음,교차로 - 교차로안,이륜,남,21-30세,경상,승용,여,41-50세,경상
2021040900100508,2021년 4월,금요일,서울특별시 광진구 구의동,중상사고,0,1,0,0,차대차 - 추돌,안전거리미확보,건조,맑음,기타 - 기타,원동기,남,21-30세,상해없음,원동기,남,31-40세,중상
2021041000100002,2021년 4월,토요일,서울특별시 광진구 중곡동,경상사고,0,0,1,0,차대차 - 충돌,직진우회전진행방해,건조,맑음,교차로 - 교차로부근,원동기,남,51-60세,경상,승용,남,51-60세,상해없음
2021041000100012,2021년 4월,토요일,서울특별시 광진구 중곡동,경상사고,0,0,1,0,차대차 - 기타,신호위반,건조,맑음,교차로 - 교차로안,원동기,남,20세 이하,상해없음,승용,남,61-64세,경상
2021041000100543,2021년 4월,토요일,서울특별시 광진구 구의동,경상사고,0,0,2,0,차대차 - 충돌,안전운전불이행,건조,기타,단일로 - 기타,승용,남,41-50세,상해없음,승용,남,21-30세,경상
2021041000100572,2021년 4월,토요일,서울특별시 광진구 화양동,경상사고,0,0,3,0,차대차 - 추돌,안전운전불이행,건조,맑음,단일로 - 기타,승용,남,41-50세,상해없음,승용,여,31-40세,경상
2.02104E+15,2021년 4월,일요일,서울특별시 광진구 자양동,경상사고,0,0,3,0,차대차 - 충돌,안전거리미확보,건조,맑음,단일로 - 교량,승용,남,20세 이하,상해없음,승용,남,41-50세,경상
2021041100100113,2021년 4월,일요일,서울특별시 광진구 자양동,경상사고,0,0,1,0,차대차 - 충돌,안전거리미확보,건조,맑음,단일로 - 기타,승용,남,31-40세,상해없음,승용,남,41-50세,경상
2021041100100247,2021년 4월,일요일,서울특별시 광진구 중곡동,중상사고,0,1,0,0,차대사람 - 기타,안전운전불이행,건조,맑음,단일로 - 기타,승용,남,65세 이상,상해없음,보행자,여,12세 이하,중상
2021041200100327,2021년 4월,월요일,서울특별시 광진구 중곡동,경상사고,0,0,2,0,차대차 - 추돌,안전운전불이행,건조,맑음,기타 - 기타,승용,여,21-30세,기타불명,승용,여,41-50세,경상
2021041200100628,2021년 4월,월요일,서울특별시 광진구 구의동,경상사고,0,0,1,0,차대차 - 추돌,안전운전불이행,젖음/습기,비,단일로 - 기타,화물,남,41-50세,상해없음,승용,남,31-40세,경상
2021041300100056,2021년 4월,화요일,서울특별시 광진구 구의동,경상사고,0,0,1,0,차대차 - 기타,안전운전불이행,건조,맑음,교차로 - 교차로횡단보도내,자전거,남,41-50세,경상,승용,남,65세 이상,상해없음
2021041300100123,2021년 4월,화요일,서울특별시 광진구 화양동,경상사고,0,0,1,0,차대사람 - 길가장자리구역통행중,안전운전불이행,건조,맑음,단일로 - 기타,승용,남,51-60세,상해없음,보행자,여,21-30세,경상
2021041300100147,2021년 4월,화요일,서울특별시 광진구 군자동,경상사고,0,0,1,0,차대차 - 충돌,신호위반,건조,맑음,교차로 - 교차로횡단보도내,승용,남,65세 이상,상해없음,개인형이동수단(PM),남,21-30세,경상
2021041300100233,2021년 4월,화요일,서울특별시 광진구 구의동,경상사고,0,0,1,0,차대차 - 충돌,안전운전불이행,건조,맑음,교차로 - 교차로안,승용,남,51-60세,상해없음,이륜,남,21-30세,경상
2.02104E+15,2021년 4월,화요일,서울특별시 광진구 구의동,경상사고,0,0,1,0,차대차 - 추돌,안전거리미확보,건조,맑음,단일로 - 기타,이륜,남,21-30세,경상,화물,남,51-60세,상해없음
2021041300100525,2021년 4월,화요일,서울특별시 광진구 화양동,경상사고,0,0,5,0,차대차 - 추돌,안전운전불이행,건조,맑음,단일로 - 기타,승용,남,31-40세,상해없음,화물,남,51-60세,경상
2021041400100025,2021년 4월,수요일,서울특별시 광진구 광장동,경상사고,0,0,1,0,차대차 - 충돌,안전운전불이행,건조,맑음,기타 - 기타,승용,여,21-30세,상해없음,승용,여,41-50세,경상
2021041400100169,2021년 4월,수요일,서울특별시 광진구 자양동,경상사고,0,0,5,0,차대차 - 추돌,안전운전불이행,건조,맑음,단일로 - 교량,승용,여,51-60세,경상,승용,남,51-60세,경상
2021041400100349,2021년 4월,수요일,서울특별시 광진구 중곡동,경상사고,0,0,1,0,차대사람 - 기타,안전운전불이행,건조,맑음,단일로 - 기타,화물,남,65세 이상,상해없음,보행자,남,12세 이하,경상
2021041500100369,2021년 4월,목요일,서울특별시 광진구 자양동,경상사고,0,0,1,0,차대차 - 추돌,안전운전불이행,건조,맑음,단일로 - 기타,이륜,남,31-40세,상해없음,이륜,남,41-50세,경상
2021041500100479,2021년 4월,목요일,서울특별시 광진구 자양동,경상사고,0,0,1,0,차대차 - 추돌,안전운전불이행,건조,맑음,교차로 - 교차로부근,자전거,남,41-50세,기타불명,자전거,여,21-30세,경상
2021041500100516,2021년 4월,목요일,서울특별시 광진구 군자동,중상사고,0,1,0,0,차대차 - 기타,안전운전불이행,건조,맑음,교차로 - 교차로안,승용,여,31-40세,상해없음,이륜,남,31-40세,중상
2021041600100071,2021년 4월,금요일,서울특별시 광진구 화양동,경상사고,0,0,1,0,차대차 - 기타,안전운전불이행,건조,맑음,교차로 - 교차로안,화물,남,65세 이상,상해없음,승용,여,31-40세,경상
2021041600100185,2021년 4월,금요일,서울특별시 광진구 화양동,경상사고,0,0,2,0,차대차 - 충돌,교차로운행방법위반,건조,맑음,교차로 - 교차로안,승용,남,61-64세,상해없음,화물,남,41-50세,경상
2021041600100305,2021년 4월,금요일,서울특별시 광진구 화양동,경상사고,0,0,1,0,차대차 - 추돌,안전거리미확보,건조,맑음,단일로 - 기타,이륜,남,21-30세,기타불명,승용,남,31-40세,경상
2021041700100188,2021년 4월,토요일,서울특별시 광진구 중곡동,경상사고,0,0,1,0,차대차 - 충돌,신호위반,건조,맑음,교차로 - 교차로안,승용,남,41-50세,상해없음,이륜,남,51-60세,경상
2021041700100367,2021년 4월,토요일,서울특별시 광진구 화양동,경상사고,0,0,1,0,차대차 - 추돌,안전운전불이행,건조,맑음,단일로 - 기타,승용,여,20세 이하,상해없음,승용,남,13-20세,경상
2021041800100375,2021년 4월,일요일,서울특별시 광진구 군자동,경상사고,0,0,5,0,차대차 - 충돌,안전거리미확보,건조,맑음,교차로 - 교차로부근,승용,남,20세 이하,경상,승용,남,31-40세,경상
2021041900100193,2021년 4월,월요일,서울특별시 광진구 구의동,경상사고,0,0,1,0,차대차 - 추돌,안전운전불이행,건조,맑음,교차로 - 교차로부근,승용,남,61-64세,상해없음,이륜,남,51-60세,경상
2021041900100247,2021년 4월,월요일,서울특별시 광진구 군자동,중상사고,0,1,0,0,차대차 - 충돌,안전운전불이행,건조,맑음,단일로 - 기타,승용,남,61-64세,기타불명,승용,여,41-50세,중상
2021041900100271,2021년 4월,월요일,서울특별시 광진구 구의동,중상사고,0,1,0,0,차대사람 - 횡단중,보행자보호의무위반,건조,맑음,교차로 - 교차로안,승용,남,31-40세,상해없음,보행자,여,51-60세,중상
2021041900100436,2021년 4월,월요일,서울특별시 광진구 화양동,경상사고,0,0,1,0,차대차 - 기타,안전운전불이행,건조,맑음,단일로 - 기타,원동기,남,31-40세,상해없음,승용,남,65세 이상,상해없음
2.02104E+15,2021년 4월,월요일,서울특별시 광진구 구의동,경상사고,0,0,1,0,차대차 - 충돌,안전운전불이행,건조,맑음,단일로 - 기타,기타불명,기타불명,기타불명,기타불명,승용,남,31-40세,경상
2021041900100501,2021년 4월,월요일,서울특별시 광진구 중곡동,중상사고,0,1,0,0,차대차 - 추돌,안전운전불이행,건조,맑음,단일로 - 기타,이륜,남,41-50세,상해없음,이륜,남,31-40세,중상
2021042000100041,2021년 4월,화요일,서울특별시 광진구 중곡동,경상사고,0,0,1,0,차대차 - 충돌,안전운전불이행,건조,맑음,기타 - 기타,자전거,여,41-50세,경상,승용,남,65세 이상,상해없음
2021042000100219,2021년 4월,화요일,서울특별시 광진구 화양동,경상사고,0,0,1,0,차대차 - 충돌,직진우회전진행방해,건조,맑음,단일로 - 기타,승합,여,41-50세,상해없음,원동기,남,21-30세,경상
2.02104E+15,2021년 4월,화요일,서울특별시 광진구 자양동,경상사고,0,0,1,0,차대차 - 기타,안전거리미확보,건조,맑음,단일로 - 교량,승용,여,41-50세,기타불명,승용,남,31-40세,경상
2021042100100053,2021년 4월,수요일,서울특별시 광진구 중곡동,경상사고,0,0,2,0,차대차 - 추돌,안전거리미확보,건조,맑음,단일로 - 기타,승용,남,41-50세,상해없음,이륜,남,13-20세,상해없음
2021042100100074,2021년 4월,수요일,서울특별시 광진구 구의동,경상사고,0,0,1,0,차대차 - 충돌,신호위반,건조,맑음,단일로 - 기타,승용,남,31-40세,상해없음,승용,여,41-50세,경상
2021042100100208,2021년 4월,수요일,서울특별시 광진구 자양동,경상사고,0,0,1,0,차대차 - 충돌,직진우회전진행방해,건조,맑음,교차로 - 교차로안,자전거,여,61-64세,경상,승용,남,51-60세,상해없음
2021042100100319,2021년 4월,수요일,서울특별시 광진구 광장동,경상사고,0,0,1,0,차대차 - 기타,불법유턴,건조,맑음,단일로 - 기타,자전거,남,20세 이하,경상,승용,남,61-64세,상해없음
2021042100100357,2021년 4월,수요일,서울특별시 광진구 자양동,경상사고,0,0,1,0,차대차 - 추돌,안전운전불이행,건조,맑음,기타 - 기타,승용,남,51-60세,상해없음,승용,남,21-30세,경상
2021042100100405,2021년 4월,수요일,서울특별시 광진구 자양동,경상사고,0,0,1,0,차대차 - 기타,안전운전불이행,건조,맑음,단일로 - 고가도로위,이륜,남,21-30세,경상,이륜,남,21-30세,상해없음
2021042100100406,2021년 4월,수요일,서울특별시 광진구 자양동,중상사고,0,1,0,0,차량단독 - 기타,안전운전불이행,건조,맑음,단일로 - 기타,자전거,여,65세 이상,중상,,,,
2021042200100173,2021년 4월,목요일,서울특별시 광진구 자양동,경상사고,0,0,1,0,차대차 - 기타,안전운전불이행,건조,맑음,교차로 - 교차로안,화물,남,51-60세,상해없음,승용,남,21-30세,경상
2021042200100283,2021년 4월,목요일,서울특별시 광진구 자양동,경상사고,0,0,1,0,차대사람 - 기타,기타,건조,맑음,단일로 - 기타,기타불명,기타불명,기타불명,기타불명,보행자,여,61-64세,경상
2021042200100502,2021년 4월,목요일,서울특별시 광진구 중곡동,경상사고,0,0,1,0,차대차 - 충돌,안전거리미확보,건조,맑음,단일로 - 기타,승용,남,51-60세,상해없음,승용,남,51-60세,경상
2021042300100002,2021년 4월,금요일,서울특별시 광진구 화양동,경상사고,0,0,2,0,차대차 - 충돌,신호위반,건조,기타,교차로 - 교차로안,이륜,남,41-50세,경상,승용,남,51-60세,경상
2021042300100003,2021년 4월,금요일,서울특별시 광진구 중곡동,부상신고사고,0,0,0,1,차대사람 - 기타,안전운전불이행,건조,맑음,단일로 - 기타,기타불명,기타불명,기타불명,기타불명,보행자,남,41-50세,부상신고
2021042300100456,2021년 4월,금요일,서울특별시 광진구 군자동,경상사고,0,0,1,0,차대차 - 기타,안전운전불이행,건조,맑음,단일로 - 기타,승용,남,51-60세,상해없음,승용,남,41-50세,경상
2021042300100639,2021년 4월,금요일,서울특별시 광진구 자양동,경상사고,0,0,1,0,차대차 - 기타,안전운전불이행,건조,맑음,교차로 - 교차로안,승용,남,61-64세,상해없음,이륜,남,51-60세,경상
2021042400100089,2021년 4월,토요일,서울특별시 광진구 구의동,경상사고,0,0,1,0,차대차 - 충돌,안전운전불이행,건조,맑음,단일로 - 기타,자전거,여,21-30세,경상,승용,여,51-60세,상해없음
2021042400100266,2021년 4월,토요일,서울특별시 광진구 구의동,중상사고,0,1,1,0,차대차 - 기타,안전운전불이행,건조,맑음,단일로 - 기타,승용,남,65세 이상,상해없음,승용,남,31-40세,중상
2021042500100044,2021년 4월,일요일,서울특별시 광진구 구의동,중상사고,0,1,1,0,차대차 - 충돌,신호위반,건조,맑음,교차로 - 교차로안,승용,여,31-40세,상해없음,이륜,남,31-40세,중상
2.02104E+15,2021년 4월,일요일,서울특별시 광진구 중곡동,경상사고,0,0,1,0,차대사람 - 차도통행중,안전운전불이행,건조,맑음,단일로 - 기타,승용,여,31-40세,상해없음,보행자,남,65세 이상,경상
2021042500100208,2021년 4월,일요일,서울특별시 광진구 능동,경상사고,0,0,1,0,차량단독 - 기타,안전운전불이행,건조,맑음,단일로 - 기타,자전거,남,65세 이상,경상,,,,
2021042500100291,2021년 4월,일요일,서울특별시 광진구 자양동,경상사고,0,0,1,0,차대차 - 충돌,안전운전불이행,건조,맑음,단일로 - 기타,자전거,남,41-50세,상해없음,자전거,남,51-60세,경상
2021042600100001,2021년 4월,월요일,서울특별시 광진구 화양동,경상사고,0,0,1,0,차대차 - 충돌,신호위반,건조,맑음,교차로 - 교차로안,승용,남,61-64세,상해없음,원동기,남,21-30세,경상
2021042600100126,2021년 4월,월요일,서울특별시 광진구 중곡동,경상사고,0,0,1,0,차대사람 - 기타,안전운전불이행,건조,맑음,단일로 - 기타,승용,남,41-50세,상해없음,보행자,여,41-50세,경상
2021042600100196,2021년 4월,월요일,서울특별시 광진구 자양동,중상사고,0,1,0,0,차대사람 - 횡단중,신호위반,건조,맑음,교차로 - 교차로횡단보도내,이륜,남,21-30세,상해없음,보행자,여,31-40세,중상
2021042600100563,2021년 4월,월요일,서울특별시 광진구 구의동,경상사고,0,0,1,0,차대사람 - 기타,중앙선침범,건조,맑음,단일로 - 기타,승용,여,41-50세,상해없음,보행자,여,41-50세,경상
2021042800100039,2021년 4월,수요일,서울특별시 광진구 구의동,중상사고,0,1,0,0,차대차 - 충돌,중앙선침범,건조,맑음,단일로 - 기타,건설기계,남,21-30세,상해없음,자전거,남,61-64세,중상
2021042800100173,2021년 4월,수요일,서울특별시 광진구 구의동,경상사고,0,0,1,0,차대차 - 추돌,안전운전불이행,건조,맑음,기타 - 기타,건설기계,남,61-64세,상해없음,원동기,남,21-30세,경상
2021042900100162,2021년 4월,목요일,서울특별시 광진구 능동,경상사고,0,0,1,0,차대사람 - 기타,안전운전불이행,건조,맑음,기타 - 기타,승합,남,41-50세,상해없음,보행자,남,51-60세,경상
2021042900100201,2021년 4월,목요일,서울특별시 광진구 광장동,경상사고,0,0,2,0,차대차 - 충돌,안전운전불이행,건조,맑음,교차로 - 교차로안,화물,남,61-64세,상해없음,승용,여,41-50세,경상
2021042900100434,2021년 4월,목요일,서울특별시 광진구 자양동,중상사고,0,1,0,0,차대차 - 충돌,안전운전불이행,건조,맑음,교차로 - 교차로안,화물,남,51-60세,상해없음,자전거,여,51-60세,중상
2021042900100435,2021년 4월,목요일,서울특별시 광진구 구의동,중상사고,0,1,0,0,차대차 - 기타,안전운전불이행,건조,맑음,교차로 - 교차로부근,승합,남,41-50세,상해없음,자전거,여,61-64세,중상
2021042900100498,2021년 4월,목요일,서울특별시 광진구 중곡동,부상신고사고,0,0,0,1,차대차 - 기타,안전운전불이행,건조,맑음,단일로 - 기타,이륜,남,21-30세,부상신고,승용,여,41-50세,상해없음
2021042900100522,2021년 4월,목요일,서울특별시 광진구 군자동,경상사고,0,0,1,0,차대차 - 충돌,중앙선침범,건조,맑음,기타 - 기타,승용,남,41-50세,상해없음,이륜,남,21-30세,경상
2021043000100328,2021년 4월,금요일,서울특별시 광진구 광장동,경상사고,0,0,2,0,차대차 - 충돌,신호위반,건조,맑음,교차로 - 교차로부근,이륜,남,20세 이하,경상,승용,남,21-30세,경상
2021043000100469,2021년 4월,금요일,서울특별시 광진구 화양동,경상사고,0,0,1,0,차대차 - 충돌,안전운전불이행,건조,맑음,교차로 - 교차로안,승용,남,51-60세,상해없음,이륜,남,13-20세,경상
2021043000100563,2021년 4월,금요일,서울특별시 광진구 광장동,경상사고,0,0,1,0,차대차 - 추돌,신호위반,건조,기타,단일로 - 기타,승용,남,31-40세,상해없음,승용,남,21-30세,경상
2.02104E+15,2021년 4월,금요일,서울특별시 광진구 자양동,중상사고,0,1,0,0,차대사람 - 기타,안전운전불이행,건조,맑음,교차로 - 교차로부근,승합,남,51-60세,상해없음,보행자,남,51-60세,중상
2021043000100643,2021년 4월,금요일,서울특별시 광진구 화양동,경상사고,0,0,1,0,차대차 - 기타,안전거리미확보,건조,기타,기타 - 기타,이륜,기타불명,기타불명,기타불명,승합,남,51-60세,상해없음