사고번호,발생년월,요일,시군구,사고내용,사망자수,중상자수,경상자수,부상신고자수,사고유형,법규위반,노면상태,기상상태,도로형태,가해운전자 차종,가해운전자 성별,가해운전자 연령대,가해운전자 상해정도,피해운전자 차종,피해운전자 성별,피해운전자 연령대,피해운전자 상해정도
2021061900100137,2021년 6월,토요일,서울특별시 광진구 자양동,중상사고,0,1,0,0,차대차 - 기타,안전운전불이행,건조,맑음,단일로 - 기타,승용,여,41-50세,상해없음,원동기,남,41-50세,중상
2021061900100249,2021년 6월,토요일,서울특별시 광진구 중곡동,중상사고,0,1,0,0,차대차 - 충돌,중앙선침범,건조,맑음,기타 - 기타,이륜,남,65세 이상,상해없음,이륜,남,31-40세,중상
2021061900100329,2021년 6월,토요일,서울특별시 광진구 광장동,경상사고,0,0,1,0,차대차 - 기타,안전운전불이행,건조,맑음,단일로 - 기타,자전거,남,20세 이하,상해없음,자전거,남,51-60세,경상
2021061900100427,2021년 6월,토요일,서울특별시 광진구 중곡동,경상사고,0,0,2,0,차대차 - 충돌,안전운전불이행,건조,맑음,기타 - 기타,개인형이동수단(PM),여,31-40세,상해없음,자전거,남,51-60세,경상
2021061900100523,2021년 6월,토요일,서울특별시 광진구 자양동,중상사고,0,1,0,0,차대차 - 충돌,안전운전불이행,건조,맑음,단일로 - 기타,자전거,여,21-30세,기타불명,자전거,남,31-40세,중상
2021061900100597,2021년 6월,토요일,서울특별시 광진구 자양동,경상사고,0,0,1,0,차대차 - 충돌,안전운전불이행,건조,맑음,단일로 - 기타,승용,남,41-50세,상해없음,승용,남,51-60세,경상
2021062000100214,2021년 6월,일요일,서울특별시 광진구 구의동,중상사고,0,1,1,0,차대차 - 추돌,안전운전불이행,건조,맑음,단일로 - 기타,이륜,남,21-30세,중상,승용,남,65세 이상,상해없음
2021062000100291,2021년 6월,일요일,서울특별시 광진구 구의동,경상사고,0,0,2,0,차대차 - 기타,안전운전불이행,건조,맑음,교차로 - 교차로부근,승용,남,21-30세,상해없음,승용,남,65세 이상,경상
2021062000100394,2021년 6월,일요일,서울특별시 광진구 구의동,경상사고,0,0,3,0,차대차 - 충돌,안전운전불이행,건조,맑음,단일로 - 기타,이륜,남,20세 이하,상해없음,승용,남,21-30세,경상
2021062000100395,2021년 6월,일요일,서울특별시 광진구 자양동,경상사고,0,0,1,0,차대차 - 충돌,안전운전불이행,건조,맑음,기타 - 기타,자전거,여,21-30세,상해없음,자전거,남,41-50세,경상
2021062100100001,2021년 6월,월요일,서울특별시 광진구 자양동,부상신고사고,0,0,0,1,차대차 - 추돌,안전운전불이행,건조,맑음,교차로 - 교차로부근,기타불명,기타불명,기타불명,기타불명,승용,남,41-50세,부상신고
2021062200100003,2021년 6월,화요일,서울특별시 광진구 중곡동,경상사고,0,0,4,0,차대차 - 충돌,안전운전불이행,건조,맑음,교차로 - 교차로부근,승용,여,41-50세,경상,승용,남,51-60세,경상
2021062200100436,2021년 6월,화요일,서울특별시 광진구 자양동,경상사고,0,0,1,0,차대차 - 충돌,안전거리미확보,건조,맑음,단일로 - 기타,승용,남,31-40세,상해없음,승합,남,51-60세,경상
2021062300100186,2021년 6월,수요일,서울특별시 광진구 구의동,중상사고,0,1,0,0,차대사람 - 기타,안전운전불이행,건조,맑음,단일로 - 기타,승용,남,65세 이상,상해없음,보행자,남,65세 이상,중상
2021062300100348,2021년 6월,수요일,서울특별시 광진구 화양동,경상사고,0,0,1,0,차대사람 - 차도통행중,안전운전불이행,건조,맑음,단일로 - 기타,승용,남,65세 이상,상해없음,보행자,여,21-30세,경상
2021062400100385,2021년 6월,목요일,서울특별시 광진구 자양동,경상사고,0,0,1,0,차대차 - 충돌,중앙선침범,건조,맑음,교차로 - 교차로부근,이륜,남,21-30세,상해없음,자전거,여,51-60세,경상
2021062400100556,2021년 6월,목요일,서울특별시 광진구 자양동,경상사고,0,0,1,0,차대차 - 충돌,안전거리미확보,건조,맑음,기타 - 기타,승용,남,61-64세,상해없음,승용,남,41-50세,경상
2021062400100588,2021년 6월,목요일,서울특별시 광진구 자양동,경상사고,0,0,1,0,차대차 - 충돌,신호위반,건조,맑음,교차로 - 교차로부근,승용,남,61-64세,상해없음,원동기,남,21-30세,경상
2021062500100386,2021년 6월,금요일,서울특별시 광진구 중곡동,경상사고,0,0,1,0,차대차 - 추돌,안전운전불이행,건조,맑음,교차로 - 교차로안,승용,남,51-60세,상해없음,승용,남,65세 이상,경상
2021062600100364,2021년 6월,토요일,서울특별시 광진구 군자동,경상사고,0,0,1,0,차대차 - 충돌,안전거리미확보,건조,맑음,단일로 - 기타,승용,남,41-50세,상해없음,승용,남,21-30세,상해없음
2021062600100573,2021년 6월,토요일,서울특별시 광진구 자양동,경상사고,0,0,2,0,차대차 - 추돌,안전운전불이행,건조,맑음,단일로 - 기타,승용,남,21-30세,상해없음,승용,남,31-40세,경상
2021062700100083,2021년 6월,일요일,서울특별시 광진구 중곡동,경상사고,0,0,1,0,차대차 - 충돌,안전운전불이행,건조,맑음,단일로 - 기타,자전거,기타불명,기타불명,기타불명,자전거,여,51-60세,상해없음
2021062700100143,2021년 6월,일요일,서울특별시 광진구 능동,중상사고,0,1,0,0,차대차 - 충돌,직진우회전진행방해,건조,맑음,교차로 - 교차로안,이륜,남,51-60세,중상,승용,남,65세 이상,상해없음
2021062800100308,2021년 6월,월요일,서울특별시 광진구 구의동,경상사고,0,0,1,0,차대차 - 충돌,안전거리미확보,건조,맑음,단일로 - 기타,승용,남,61-64세,상해없음,승용,남,31-40세,경상
2021062800100568,2021년 6월,월요일,서울특별시 광진구 중곡동,경상사고,0,0,1,0,차대사람 - 길가장자리구역통행중,안전운전불이행,건조,맑음,기타 - 기타,승용,남,65세 이상,상해없음,보행자,남,61-64세,경상
2.02106E+15,2021년 6월,화요일,서울특별시 광진구 능동,중상사고,0,1,0,0,차대사람 - 기타,안전운전불이행,건조,맑음,기타 - 기타,기타불명,기타불명,기타불명,기타불명,보행자,남,21-30세,중상
2021063000100149,2021년 6월,수요일,서울특별시 광진구 중곡동,경상사고,0,0,1,0,차대차 - 기타,안전운전불이행,건조,맑음,교차로 - 교차로부근,기타불명,기타불명,기타불명,기타불명,이륜,남,21-30세,경상
2021063000100292,2021년 6월,수요일,서울특별시 광진구 중곡동,경상사고,0,0,1,0,차대차 - 추돌,안전운전불이행,건조,맑음,단일로 - 기타,승합,남,51-60세,상해없음,화물,남,41-50세,경상
2021063000100368,2021년 6월,수요일,서울특별시 광진구 중곡동,경상사고,0,0,1,0,차대차 - 기타,신호위반,건조,맑음,단일로 - 기타,이륜,남,31-40세,상해없음,자전거,남,12세 이하,경상
2021063000100418,2021년 6월,수요일,서울특별시 광진구 중곡동,경상사고,0,0,1,0,차대사람 - 기타,보행자보호의무위반,건조,맑음,교차로 - 교차로부근,화물,남,51-60세,상해없음,보행자,남,51-60세,경상
2021063000100419,2021년 6월,수요일,서울특별시 광진구 광장동,경상사고,0,0,2,0,차대차 - 기타,안전거리미확보,건조,맑음,단일로 - 기타,이륜,남,21-30세,경상,승용,여,21-30세,경상
2021063000100466,2021년 6월,수요일,서울특별시 광진구 광장동,경상사고,0,0,3,0,차대차 - 충돌,안전거리미확보,건조,맑음,단일로 - 기타,승용,남,41-50세,상해없음,승합,남,31-40세,경상
2021070100100074,2021년 7월,목요일,서울특별시 광진구 구의동,중상사고,0,1,0,0,차대사람 - 기타,안전운전불이행,건조,맑음,단일로 - 기타,승용,여,41-50세,상해없음,보행자,남,21-30세,중상
2.02107E+15,2021년 7월,목요일,서울특별시 광진구 중곡동,경상사고,0,0,2,0,차대차 - 기타,신호위반,건조,맑음,교차로 - 교차로안,자전거,여,41-50세,상해없음,이륜,남,21-30세,경상
2021070200100217,2021년 7월,금요일,서울특별시 광진구 화양동,경상사고,0,0,1,0,차대차 - 기타,중앙선침범,건조,맑음,단일로 - 기타,기타불명,기타불명,기타불명,기타불명,이륜,남,51-60세,경상
2021070200100326,2021년 7월,금요일,서울특별시 광진구 중곡동,경상사고,0,0,1,0,차대사람 - 횡단중,보행자보호의무위반,건조,맑음,기타 - 기타,이륜,남,41-50세,상해없음,보행자,여,51-60세,경상
2021070200100474,2021년 7월,금요일,서울특별시 광진구 중곡동,중상사고,0,1,0,0,차대차 - 충돌,안전거리미확보,건조,맑음,교차로 - 교차로안,승용,남,65세 이상,상해없음,이륜,남,31-40세,중상
2021070300100559,2021년 7월,토요일,서울특별시 광진구 화양동,경상사고,0,0,1,1,차대차 - 충돌,직진우회전진행방해,건조,맑음,교차로 - 교차로안,이륜,남,41-50세,상해없음,승용,남,31-40세,경상
2021070400100119,2021년 7월,일요일,서울특별시 광진구 자양동,경상사고,0,0,1,0,차대차 - 기타,안전운전불이행,건조,맑음,단일로 - 기타,승용,남,61-64세,상해없음,이륜,남,31-40세,경상
2021070400100201,2021년 7월,일요일,서울특별시 광진구 자양동,중상사고,0,1,2,0,차대차 - 충돌,안전운전불이행,건조,맑음,단일로 - 기타,승용,여,21-30세,상해없음,승용,남,21-30세,상해없음
2021070400100453,2021년 7월,일요일,서울특별시 광진구 군자동,경상사고,0,0,1,0,차대차 - 기타,안전운전불이행,건조,맑음,교차로 - 교차로안,자전거,여,61-64세,경상,이륜,남,21-30세,상해없음
2021070500100433,2021년 7월,월요일,서울특별시 광진구 자양동,중상사고,0,1,0,0,차대사람 - 기타,안전운전불이행,건조,맑음,교차로 - 교차로부근,승용,남,65세 이상,상해없음,보행자,남,21-30세,중상
2021070500100434,2021년 7월,월요일,서울특별시 광진구 구의동,경상사고,0,0,1,0,차대사람 - 기타,안전운전불이행,건조,맑음,단일로 - 기타,화물,남,51-60세,상해없음,보행자,남,41-50세,경상
2021070600100085,2021년 7월,화요일,서울특별시 광진구 구의동,경상사고,0,0,2,0,차대차 - 충돌,안전운전불이행,건조,맑음,기타 - 기타,자전거,남,51-60세,경상,자전거,남,51-60세,경상
2021070600100086,2021년 7월,화요일,서울특별시 광진구 중곡동,경상사고,0,0,1,0,차대사람 - 보도통행중,기타,건조,맑음,단일로 - 기타,개인형이동수단(PM),남,21-30세,상해없음,보행자,남,21-30세,경상
2021070600100087,2021년 7월,화요일,서울특별시 광진구 자양동,경상사고,0,0,1,0,차대차 - 추돌,안전운전불이행,건조,맑음,단일로 - 기타,승용,남,41-50세,상해없음,승용,남,41-50세,경상
2021070600100171,2021년 7월,화요일,서울특별시 광진구 능동,경상사고,0,0,1,0,차대차 - 추돌,안전운전불이행,건조,맑음,단일로 - 기타,승용,남,65세 이상,상해없음,이륜,남,21-30세,경상
2021070600100234,2021년 7월,화요일,서울특별시 광진구 자양동,경상사고,0,0,3,0,차대차 - 충돌,신호위반,건조,맑음,기타 - 기타,승용,남,20세 이하,상해없음,승용,남,31-40세,경상
2021070600100458,2021년 7월,화요일,서울특별시 광진구 군자동,경상사고,0,0,1,0,차대차 - 충돌,안전운전불이행,건조,맑음,단일로 - 기타,화물,남,51-60세,상해없음,화물,남,31-40세,경상
2021070600100459,2021년 7월,화요일,서울특별시 광진구 중곡동,경상사고,0,0,3,0,차대차 - 기타,안전거리미확보,건조,맑음,단일로 - 기타,승용,여,31-40세,경상,승용,남,21-30세,경상
2021070700100144,2021년 7월,수요일,서울특별시 광진구 자양동,경상사고,0,0,1,0,차대차 - 충돌,안전운전불이행,건조,맑음,단일로 - 기타,승용,남,41-50세,상해없음,이륜,남,21-30세,경상
2021070700100633,2021년 7월,수요일,서울특별시 광진구 화양동,경상사고,0,0,3,0,차대차 - 추돌,안전운전불이행,젖음/습기,비,교차로 - 교차로안,승용,남,41-50세,상해없음,승용,남,31-40세,경상
2021070700100634,2021년 7월,수요일,서울특별시 광진구 자양동,경상사고,0,0,1,0,차대차 - 충돌,안전거리미확보,젖음/습기,비,단일로 - 기타,승용,여,21-30세,상해없음,승용,여,61-64세,경상
2021070800100017,2021년 7월,목요일,서울특별시 광진구 자양동,경상사고,0,0,1,0,차대차 - 충돌,신호위반,젖음/습기,비,교차로 - 교차로부근,승용,남,61-64세,상해없음,이륜,남,21-30세,경상
2021070800100057,2021년 7월,목요일,서울특별시 광진구 군자동,경상사고,0,0,1,0,차대사람 - 기타,안전운전불이행,건조,맑음,기타 - 기타,승합,남,51-60세,상해없음,보행자,여,61-64세,경상
2021070800100432,2021년 7월,목요일,서울특별시 광진구 화양동,경상사고,0,0,2,0,차대차 - 충돌,교차로운행방법위반,건조,맑음,교차로 - 교차로안,승용,남,51-60세,상해없음,승용,남,21-30세,경상
2021071000100081,2021년 7월,토요일,서울특별시 광진구 자양동,사망사고,1,0,1,0,차대차 - 충돌,안전운전불이행,젖음/습기,비,단일로 - 기타,화물,남,41-50세,사망,승용,남,31-40세,경상
2021071000100235,2021년 7월,토요일,서울특별시 광진구 중곡동,경상사고,0,0,1,0,차대차 - 충돌,안전운전불이행,건조,맑음,교차로 - 교차로안,승용,여,65세 이상,상해없음,이륜,남,21-30세,경상
2021071000100236,2021년 7월,토요일,서울특별시 광진구 화양동,중상사고,0,1,0,0,차대차 - 충돌,안전운전불이행,건조,맑음,기타 - 기타,승합,남,41-50세,상해없음,자전거,여,65세 이상,중상
2021071000100387,2021년 7월,토요일,서울특별시 광진구 구의동,경상사고,0,0,1,0,차대차 - 충돌,교차로운행방법위반,건조,맑음,교차로 - 교차로안,이륜,남,51-60세,경상,승용,남,41-50세,상해없음
2021071000100567,2021년 7월,토요일,서울특별시 광진구 자양동,경상사고,0,0,1,0,차량단독 - 기타,안전운전불이행,건조,맑음,단일로 - 기타,승합,남,41-50세,상해없음,,,,
2021071100100405,2021년 7월,일요일,서울특별시 광진구 중곡동,중상사고,0,1,0,0,차대차 - 충돌,안전운전불이행,건조,맑음,단일로 - 기타,승용,남,61-64세,상해없음,원동기,남,31-40세,중상
2021071200100214,2021년 7월,월요일,서울특별시 광진구 자양동,중상사고,0,1,1,0,차대차 - 기타,안전거리미확보,건조,맑음,단일로 - 기타,승용,여,51-60세,경상,승용,남,21-30세,중상
2021071300100054,2021년 7월,화요일,서울특별시 광진구 광장동,경상사고,0,0,1,0,차대차 - 충돌,안전거리미확보,건조,맑음,기타 - 기타,승합,남,51-60세,상해없음,승용,남,65세 이상,경상
2021071300100289,2021년 7월,화요일,서울특별시 광진구 군자동,경상사고,0,0,1,0,차대차 - 충돌,안전거리미확보,건조,맑음,교차로 - 교차로부근,화물,남,65세 이상,상해없음,승용,여,31-40세,경상
2021071300100329,2021년 7월,화요일,서울특별시 광진구 자양동,경상사고,0,0,1,0,차대사람 - 기타,기타,건조,맑음,단일로 - 기타,이륜,남,61-64세,상해없음,보행자,남,21-30세,경상
2021071400100241,2021년 7월,수요일,서울특별시 광진구 능동,중상사고,0,1,0,0,차대차 - 기타,안전운전불이행,건조,맑음,단일로 - 기타,승용,남,41-50세,상해없음,승용,여,31-40세,중상
2.02107E+15,2021년 7월,수요일,서울특별시 광진구 광장동,중상사고,0,1,0,0,차대차 - 충돌,신호위반,건조,맑음,기타 - 기타,승용,여,31-40세,상해없음,개인형이동수단(PM),남,41-50세,중상
2021071600100404,2021년 7월,금요일,서울특별시 광진구 화양동,중상사고,0,1,0,0,차대차 - 충돌,직진우회전진행방해,건조,맑음,교차로 - 교차로안,이륜,남,21-30세,상해없음,개인형이동수단(PM),여,21-30세,중상
2021071700100102,2021년 7월,토요일,서울특별시 광진구 능동,중상사고,0,1,0,0,차대차 - 충돌,신호위반,건조,맑음,교차로 - 교차로안,승합,남,51-60세,상해없음,이륜,남,41-50세,중상
2021071700100131,2021년 7월,토요일,서울특별시 광진구 중곡동,경상사고,0,0,1,0,차대차 - 충돌,안전운전불이행,건조,맑음,단일로 - 기타,승용,남,65세 이상,상해없음,승용,여,41-50세,경상
2021071700100214,2021년 7월,토요일,서울특별시 광진구 능동,경상사고,0,0,1,0,차대차 - 기타,신호위반,건조,맑음,교차로 - 교차로안,승용,남,65세 이상,상해없음,이륜,남,21-30세,경상
2021071700100291,2021년 7월,토요일,서울특별시 광진구 능동,중상사고,0,1,0,0,차대차 - 충돌,안전운전불이행,건조,맑음,교차로 - 교차로안,자전거,여,61-64세,중상,승용,여,41-50세,상해없음
2021071700100332,2021년 7월,토요일,서울특별시 광진구 구의동,경상사고,0,0,1,0,차대차 - 충돌,기타,건조,맑음,단일로 - 기타,화물,남,51-60세,상해없음,승용,남,65세 이상,경상
2.02107E+15,2021년 7월,토요일,서울특별시 광진구 중곡동,경상사고,0,0,1,0,차대차 - 추돌,안전운전불이행,건조,맑음,단일로 - 기타,자전거,남,51-60세,경상,화물,남,51-60세,기타불명
2021071700100534,2021년 7월,토요일,서울특별시 광진구 화양동,경상사고,0,0,2,0,차대차 - 충돌,안전거리미확보,건조,맑음,교차로 - 교차로안,승합,남,51-60세,상해없음,승용,여,21-30세,경상
2021071800100307,2021년 7월,일요일,서울특별시 광진구 자양동,경상사고,0,0,1,0,차대차 - 추돌,안전운전불이행,건조,맑음,기타 - 기타,자전거,남,41-50세,경상,자전거,남,21-30세,상해없음
2021071800100421,2021년 7월,일요일,서울특별시 광진구 화양동,경상사고,0,0,1,0,차대사람 - 기타,안전운전불이행,건조,맑음,단일로 - 기타,승용,여,21-30세,상해없음,보행자,남,21-30세,경상
2021071900100441,2021년 7월,월요일,서울특별시 광진구 구의동,경상사고,0,0,1,0,차대사람 - 기타,안전운전불이행,건조,맑음,단일로 - 기타,승용,남,31-40세,상해없음,보행자,여,21-30세,경상
2021071900100481,2021년 7월,월요일,서울특별시 광진구 화양동,경상사고,0,0,1,0,차대차 - 충돌,안전운전불이행,건조,맑음,기타 - 기타,이륜,남,21-30세,상해없음,이륜,남,31-40세,경상
2021072000100455,2021년 7월,화요일,서울특별시 광진구 중곡동,경상사고,0,0,1,0,차대차 - 충돌,안전거리미확보,건조,맑음,단일로 - 기타,승합,남,51-60세,상해없음,승용,남,31-40세,경상
2021072000100477,2021년 7월,화요일,서울특별시 광진구 자양동,경상사고,0,0,1,0,차대차 - 충돌,직진우회전진행방해,건조,맑음,교차로 - 교차로안,승용,남,61-64세,상해없음,이륜,남,41-50세,경상
2021072000100513,2021년 7월,화요일,서울특별시 광진구 구의동,경상사고,0,0,3,0,차대차 - 추돌,안전운전불이행,건조,맑음,기타 - 기타,승용,남,21-30세,상해없음,승용,남,21-30세,경상
2021072100100353,2021년 7월,수요일,서울특별시 광진구 구의동,중상사고,0,1,0,0,차대차 - 충돌,신호위반,건조,맑음,단일로 - 기타,이륜,남,20세 이하,상해없음,자전거,남,41-50세,중상
2.02107E+15,2021년 7월,목요일,서울특별시 광진구 군자동,중상사고,0,1,0,0,차량단독 - 충돌,안전운전불이행,건조,맑음,단일로 - 기타,이륜,남,21-30세,중상,,,,
2021072200100559,2021년 7월,목요일,서울특별시 광진구 구의동,경상사고,0,0,1,0,차대사람 - 기타,안전운전불이행,건조,맑음,기타 - 기타,승용,남,51-60세,상해없음,보행자,남,51-60세,경상
2.02107E+15,2021년 7월,목요일,서울특별시 광진구 능동,경상사고,0,0,1,0,차대차 - 기타,신호위반,건조,기타,교차로 - 교차로부근,기타불명,기타불명,기타불명,기타불명,이륜,남,41-50세,경상
2021072300100211,2021년 7월,금요일,서울특별시 광진구 자양동,경상사고,0,0,1,0,차대차 - 기타,안전거리미확보,건조,맑음,교차로 - 교차로안,승용,남,61-64세,상해없음,승용,남,41-50세,경상
2021072300100251,2021년 7월,금요일,서울특별시 광진구 중곡동,중상사고,0,1,0,0,차대사람 - 보도통행중,기타,건조,맑음,기타 - 기타,화물,남,41-50세,상해없음,보행자,남,21-30세,중상
2021072300100525,2021년 7월,금요일,서울특별시 광진구 중곡동,중상사고,0,1,3,0,차대차 - 충돌,안전운전불이행,건조,맑음,교차로 - 교차로안,승용,남,65세 이상,경상,승용,남,65세 이상,중상
2021072300100526,2021년 7월,금요일,서울특별시 광진구 자양동,경상사고,0,0,3,0,차대차 - 추돌,안전운전불이행,건조,맑음,단일로 - 교량,승용,남,41-50세,상해없음,승용,여,31-40세,경상
2021072300100565,2021년 7월,금요일,서울특별시 광진구 중곡동,중상사고,0,1,0,0,차대사람 - 차도통행중,교차로운행방법위반,건조,맑음,교차로 - 교차로부근,승용,남,21-30세,상해없음,보행자,여,51-60세,중상
2021072400100143,2021년 7월,토요일,서울특별시 광진구 구의동,경상사고,0,0,1,0,차대사람 - 기타,안전운전불이행,건조,맑음,단일로 - 기타,자전거,남,65세 이상,상해없음,보행자,남,51-60세,경상
2021072400100224,2021년 7월,토요일,서울특별시 광진구 중곡동,중상사고,0,1,1,0,차대차 - 충돌,직진우회전진행방해,건조,맑음,교차로 - 교차로안,이륜,남,41-50세,중상,승용,남,31-40세,경상
2021072400100225,2021년 7월,토요일,서울특별시 광진구 자양동,경상사고,0,0,2,0,차대차 - 충돌,안전운전불이행,건조,맑음,교차로 - 교차로부근,승용,여,41-50세,상해없음,승용,남,31-40세,경상
2021072400100385,2021년 7월,토요일,서울특별시 광진구 중곡동,부상신고사고,0,0,0,1,차대차 - 충돌,안전운전불이행,건조,맑음,단일로 - 기타,이륜,여,31-40세,부상신고,승용,여,61-64세,상해없음
2021072400100523,2021년 7월,토요일,서울특별시 광진구 중곡동,경상사고,0,0,1,0,차대차 - 기타,신호위반,건조,맑음,교차로 - 교차로안,원동기,남,20세 이하,상해없음,자전거,남,12세 이하,경상
2021072500100312,2021년 7월,일요일,서울특별시 광진구 구의동,중상사고,0,1,1,0,차대차 - 추돌,신호위반,건조,맑음,단일로 - 기타,승용,여,31-40세,상해없음,승합,남,51-60세,경상
2.02107E+15,2021년 7월,월요일,서울특별시 광진구 화양동,경상사고,0,0,2,0,차대차 - 충돌,안전운전불이행,건조,맑음,교차로 - 교차로부근,승용,남,31-40세,기타불명,화물,남,31-40세,경상
2021072600100413,2021년 7월,월요일,서울특별시 광진구 군자동,경상사고,0,0,1,0,차대차 - 충돌,중앙선침범,건조,맑음,기타 - 기타,이륜,남,20세 이하,상해없음,승용,남,41-50세,경상
2021072600100602,2021년 7월,월요일,서울특별시 광진구 중곡동,경상사고,0,0,1,0,차대차 - 기타,안전운전불이행,건조,맑음,교차로 - 교차로부근,기타불명,기타불명,기타불명,기타불명,이륜,남,61-64세,경상
2021072800100443,2021년 7월,수요일,서울특별시 광진구 중곡동,경상사고,0,0,1,0,차대차 - 충돌,안전운전불이행,건조,맑음,단일로 - 기타,원동기,남,61-64세,상해없음,원동기,남,21-30세,경상
2021072800100515,2021년 7월,수요일,서울특별시 광진구 자양동,경상사고,0,0,1,0,차대차 - 기타,불법유턴,건조,맑음,단일로 - 기타,원동기,남,31-40세,상해없음,이륜,남,21-30세,경상
2021072900100131,2021년 7월,목요일,서울특별시 광진구 자양동,경상사고,0,0,1,0,차대차 - 충돌,신호위반,건조,맑음,교차로 - 교차로안,승용,남,65세 이상,상해없음,원동기,남,21-30세,경상
2021072900100273,2021년 7월,목요일,서울특별시 광진구 중곡동,경상사고,0,0,1,0,차대차 - 기타,기타,건조,맑음,단일로 - 기타,승용,남,61-64세,상해없음,이륜,남,65세 이상,경상
2021072900100339,2021년 7월,목요일,서울특별시 광진구 구의동,부상신고사고,0,0,0,1,차대차 - 기타,안전운전불이행,젖음/습기,비,교차로 - 교차로부근,승용,남,51-60세,상해없음,이륜,남,61-64세,부상신고
2021073000100066,2021년 7월,금요일,서울특별시 광진구 자양동,경상사고,0,0,2,0,차대차 - 충돌,직진우회전진행방해,건조,맑음,교차로 - 교차로부근,승용,남,51-60세,기타불명,승용,여,51-60세,경상
2.02107E+15,2021년 7월,금요일,서울특별시 광진구 화양동,경상사고,0,0,1,0,차대차 - 충돌,안전운전불이행,건조,맑음,교차로 - 교차로부근,승용,남,65세 이상,상해없음,자전거,남,41-50세,경상
2021073100100002,2021년 7월,토요일,서울특별시 광진구 능동,경상사고,0,0,1,0,차대차 - 충돌,안전거리미확보,건조,맑음,기타 - 기타,승용,남,61-64세,상해없음,승용,남,61-64세,경상
2021073100100266,2021년 7월,토요일,서울특별시 광진구 자양동,경상사고,0,0,1,0,차대사람 - 기타,안전운전불이행,건조,맑음,단일로 - 기타,승용,남,21-30세,상해없음,보행자,여,13-20세,경상
2021073100100267,2021년 7월,토요일,서울특별시 광진구 자양동,경상사고,0,0,2,0,차량단독 - 기타,기타,건조,맑음,단일로 - 기타,승합,남,41-50세,상해없음,,,,
2021073100100362,2021년 7월,토요일,서울특별시 광진구 화양동,경상사고,0,0,1,0,차대사람 - 기타,안전운전불이행,건조,맑음,단일로 - 기타,승용,남,65세 이상,상해없음,보행자,남,21-30세,경상
2021073100100442,2021년 7월,토요일,서울특별시 광진구 광장동,중상사고,0,1,2,0,차대차 - 충돌,신호위반,건조,맑음,교차로 - 교차로부근,승합,남,41-50세,상해없음,승용,남,61-64세,상해없음
2021080100100393,2021년 8월,일요일,서울특별시 광진구 자양동,경상사고,0,0,1,0,차대차 - 추돌,안전운전불이행,젖음/습기,비,단일로 - 지하차도(도로)내,승용,남,51-60세,상해없음,이륜,남,21-30세,경상
2021080200100066,2021년 8월,월요일,서울특별시 광진구 구의동,경상사고,0,0,1,0,차대사람 - 횡단중,안전운전불이행,건조,맑음,단일로 - 기타,승용,남,41-50세,상해없음,보행자,여,51-60세,경상
2021080200100085,2021년 8월,월요일,서울특별시 광진구 군자동,경상사고,0,0,1,0,차대차 - 충돌,안전운전불이행,건조,맑음,단일로 - 기타,승용,남,21-30세,상해없음,이륜,남,41-50세,경상
2021080200100298,2021년 8월,월요일,서울특별시 광진구 화양동,경상사고,0,0,1,0,차대차 - 충돌,안전운전불이행,건조,맑음,단일로 - 기타,이륜,남,21-30세,경상,이륜,남,21-30세,상해없음
2021080300100046,2021년 8월,화요일,서울특별시 광진구 자양동,경상사고,0,0,1,0,차대차 - 충돌,안전운전불이행,건조,맑음,기타 - 기타,화물,남,51-60세,상해없음,승용,여,21-30세,경상
2.02108E+15,2021년 8월,화요일,서울특별시 광진구 중곡동,경상사고,0,0,1,0,차대사람 - 길가장자리구역통행중,안전운전불이행,건조,맑음,단일로 - 기타,승용,여,51-60세,상해없음,보행자,여,65세 이상,경상
2021080300100221,2021년 8월,화요일,서울특별시 광진구 구의동,경상사고,0,0,1,0,차대차 - 충돌,안전거리미확보,건조,맑음,단일로 - 기타,원동기,남,21-30세,상해없음,원동기,남,21-30세,경상
2021080300100296,2021년 8월,화요일,서울특별시 광진구 구의동,중상사고,0,1,0,0,차대사람 - 기타,안전운전불이행,건조,맑음,단일로 - 기타,승용,남,31-40세,상해없음,보행자,남,65세 이상,중상
2021080400100224,2021년 8월,수요일,서울특별시 광진구 화양동,경상사고,0,0,1,0,차대차 - 충돌,차로위반,건조,맑음,단일로 - 기타,승합,남,65세 이상,상해없음,승용,남,21-30세,경상
2021080400100339,2021년 8월,수요일,서울특별시 광진구 자양동,경상사고,0,0,2,0,차대차 - 충돌,안전운전불이행,건조,맑음,단일로 - 기타,화물,남,31-40세,경상,승용,남,21-30세,경상
2021080400100376,2021년 8월,수요일,서울특별시 광진구 중곡동,경상사고,0,0,1,0,차대차 - 충돌,안전운전불이행,건조,맑음,단일로 - 기타,승용,남,31-40세,상해없음,승용,남,21-30세,경상
2021080400100377,2021년 8월,수요일,서울특별시 광진구 자양동,경상사고,0,0,1,0,차대차 - 기타,신호위반,건조,맑음,교차로 - 교차로부근,승용,남,61-64세,상해없음,이륜,남,31-40세,경상
2021080400100512,2021년 8월,수요일,서울특별시 광진구 중곡동,경상사고,0,0,1,0,차대차 - 기타,안전거리미확보,건조,맑음,단일로 - 기타,승용,남,51-60세,상해없음,원동기,남,41-50세,경상
2.02108E+15,2021년 8월,목요일,서울특별시 광진구 구의동,경상사고,0,0,1,0,차대차 - 충돌,직진우회전진행방해,건조,맑음,교차로 - 교차로안,승합,남,65세 이상,상해없음,승용,남,31-40세,경상