사고번호,발생년월,요일,시군구,사고내용,사망자수,중상자수,경상자수,부상신고자수,사고유형,법규위반,노면상태,기상상태,도로형태,가해운전자 차종,가해운전자 성별,가해운전자 연령대,가해운전자 상해정도,피해운전자 차종,피해운전자 성별,피해운전자 연령대,피해운전자 상해정도
2022011500100053,2022년 1월,토요일,서울특별시 광진구 군자동,중상사고,0,1,0,0,차대차 - 기타,안전거리미확보,건조,맑음,단일로 - 기타,승용,남,65세 이상,상해없음,이륜,남,21-30세,중상
2022011500100181,2022년 1월,토요일,서울특별시 광진구 화양동,중상사고,0,1,0,0,차대차 - 충돌,중앙선침범,건조,맑음,단일로 - 기타,승용,남,65세 이상,상해없음,원동기,남,31-40세,중상
2022011500100353,2022년 1월,토요일,서울특별시 광진구 중곡동,중상사고,0,1,0,0,차대차 - 기타,안전운전불이행,건조,맑음,단일로 - 기타,승용,남,61-64세,상해없음,이륜,남,41-50세,중상
2022011800100001,2022년 1월,화요일,서울특별시 광진구 광장동,경상사고,0,0,1,0,차대차 - 추돌,안전운전불이행,젖음/습기,눈,기타 - 기타,승용,남,31-40세,상해없음,승용,남,51-60세,경상
2022011800100112,2022년 1월,화요일,서울특별시 광진구 구의동,경상사고,0,0,1,0,차대차 - 기타,안전운전불이행,건조,맑음,교차로 - 교차로부근,화물,남,41-50세,상해없음,이륜,남,41-50세,경상
2022011800100113,2022년 1월,화요일,서울특별시 광진구 자양동,경상사고,0,0,1,0,차대차 - 추돌,안전운전불이행,적설,눈,기타 - 기타,승용,남,65세 이상,상해없음,승합,여,41-50세,경상
2022011800100162,2022년 1월,화요일,서울특별시 광진구 화양동,경상사고,0,0,1,0,차대차 - 기타,안전운전불이행,젖음/습기,맑음,교차로 - 교차로안,이륜,남,51-60세,경상,승용,남,21-30세,상해없음
2022011800100629,2022년 1월,화요일,서울특별시 광진구 광장동,경상사고,0,0,1,0,차대차 - 추돌,안전운전불이행,건조,맑음,단일로 - 기타,승합,남,20세 이하,상해없음,승용,남,51-60세,경상
2022012000100177,2022년 1월,목요일,서울특별시 광진구 화양동,경상사고,0,0,1,0,차대차 - 충돌,안전운전불이행,건조,맑음,기타 - 기타,승용,남,41-50세,상해없음,승용,남,31-40세,상해없음
2022012100100639,2022년 1월,금요일,서울특별시 광진구 중곡동,경상사고,0,0,5,0,차대차 - 기타,교차로운행방법위반,건조,맑음,교차로 - 교차로부근,승용,남,21-30세,상해없음,승용,여,31-40세,경상
2022012100100691,2022년 1월,금요일,서울특별시 광진구 화양동,경상사고,0,0,1,0,차대사람 - 차도통행중,안전운전불이행,건조,맑음,단일로 - 기타,승용,남,65세 이상,상해없음,보행자,남,21-30세,경상
2022012200100322,2022년 1월,토요일,서울특별시 광진구 중곡동,경상사고,0,0,1,0,차대차 - 기타,안전운전불이행,건조,맑음,교차로 - 교차로부근,이륜,남,31-40세,경상,이륜,남,41-50세,상해없음
2022012200100323,2022년 1월,토요일,서울특별시 광진구 구의동,경상사고,0,0,1,0,차대차 - 추돌,안전운전불이행,건조,맑음,단일로 - 기타,승용,남,21-30세,상해없음,승용,남,41-50세,경상
2022012300100046,2022년 1월,일요일,서울특별시 광진구 군자동,중상사고,0,1,0,0,차대사람 - 기타,안전운전불이행,건조,맑음,단일로 - 기타,원동기,남,41-50세,상해없음,보행자,여,65세 이상,중상
2022012300100109,2022년 1월,일요일,서울특별시 광진구 군자동,중상사고,0,1,0,0,차대차 - 기타,안전운전불이행,건조,맑음,교차로 - 교차로안,이륜,기타불명,기타불명,기타불명,이륜,남,51-60세,중상
2022012300100292,2022년 1월,일요일,서울특별시 광진구 화양동,경상사고,0,0,1,0,차대차 - 기타,안전운전불이행,건조,흐림,교차로 - 교차로부근,승용,남,31-40세,상해없음,이륜,남,13-20세,경상
2022012300100357,2022년 1월,일요일,서울특별시 광진구 능동,경상사고,0,0,1,0,차대차 - 기타,안전거리미확보,젖음/습기,맑음,단일로 - 기타,승용,남,21-30세,상해없음,이륜,남,51-60세,경상
2022012400100445,2022년 1월,월요일,서울특별시 광진구 능동,경상사고,0,0,1,0,차대차 - 추돌,안전운전불이행,건조,맑음,단일로 - 기타,화물,남,65세 이상,상해없음,승용,여,51-60세,경상
2022012500100525,2022년 1월,화요일,서울특별시 광진구 자양동,경상사고,0,0,1,0,차대차 - 추돌,안전운전불이행,건조,맑음,단일로 - 기타,승용,남,61-64세,상해없음,화물,남,41-50세,경상
2.02201E+15,2022년 1월,수요일,서울특별시 광진구 중곡동,중상사고,0,1,0,0,차대차 - 충돌,기타,건조,맑음,단일로 - 기타,승용,남,61-64세,상해없음,이륜,남,31-40세,중상
2022012900100167,2022년 1월,토요일,서울특별시 광진구 화양동,경상사고,0,0,4,0,차대차 - 충돌,안전거리미확보,건조,맑음,교차로 - 교차로안,승용,여,21-30세,경상,승용,남,31-40세,경상
2022012900100227,2022년 1월,토요일,서울특별시 광진구 화양동,중상사고,0,1,0,0,차대사람 - 횡단중,신호위반,건조,맑음,단일로 - 기타,승용,남,51-60세,상해없음,보행자,여,13-20세,중상
2022012900100352,2022년 1월,토요일,서울특별시 광진구 자양동,중상사고,0,1,0,0,차대차 - 추돌,안전운전불이행,건조,맑음,단일로 - 기타,승용,남,31-40세,상해없음,원동기,남,31-40세,중상
2022013000100135,2022년 1월,일요일,서울특별시 광진구 구의동,경상사고,0,0,2,2,차대차 - 충돌,안전거리미확보,건조,맑음,기타 - 기타,승용,여,21-30세,상해없음,승용,남,41-50세,경상
2022013000100364,2022년 1월,일요일,서울특별시 광진구 구의동,중상사고,0,1,1,0,차대차 - 추돌,안전운전불이행,건조,맑음,교차로 - 교차로부근,화물,남,51-60세,상해없음,승용,남,21-30세,중상
2022020200100278,2022년 2월,수요일,서울특별시 광진구 화양동,중상사고,0,1,1,0,차대차 - 충돌,안전운전불이행,건조,맑음,단일로 - 기타,승용,남,20세 이하,상해없음,승용,남,31-40세,상해없음
2022020200100321,2022년 2월,수요일,서울특별시 광진구 중곡동,경상사고,0,0,1,0,차대차 - 충돌,안전운전불이행,건조,맑음,교차로 - 교차로안,승용,남,65세 이상,상해없음,승용,남,65세 이상,상해없음
2022020200100322,2022년 2월,수요일,서울특별시 광진구 중곡동,경상사고,0,0,1,0,차대차 - 충돌,안전운전불이행,건조,맑음,교차로 - 교차로안,승용,남,51-60세,상해없음,승용,여,21-30세,경상
2022020300100245,2022년 2월,목요일,서울특별시 광진구 자양동,경상사고,0,0,1,0,차대사람 - 횡단중,보행자보호의무위반,건조,맑음,교차로 - 교차로부근,승용,여,31-40세,상해없음,보행자,여,65세 이상,경상
2022020300100279,2022년 2월,목요일,서울특별시 광진구 자양동,중상사고,0,1,0,0,차대사람 - 횡단중,신호위반,건조,맑음,기타 - 기타,이륜,남,21-30세,상해없음,보행자,여,21-30세,중상
2022020400100189,2022년 2월,금요일,서울특별시 광진구 자양동,경상사고,0,0,1,0,차대차 - 충돌,직진우회전진행방해,건조,맑음,교차로 - 교차로안,원동기,남,31-40세,경상,승용,남,41-50세,상해없음
2022020400100237,2022년 2월,금요일,서울특별시 광진구 자양동,경상사고,0,0,1,0,차대사람 - 보도통행중,기타,건조,맑음,단일로 - 기타,원동기,여,51-60세,상해없음,보행자,남,31-40세,경상
2022020400100439,2022년 2월,금요일,서울특별시 광진구 화양동,경상사고,0,0,1,0,차대사람 - 기타,신호위반,건조,맑음,기타 - 기타,승용,남,61-64세,기타불명,보행자,남,31-40세,경상
2.02202E+15,2022년 2월,금요일,서울특별시 광진구 자양동,중상사고,0,1,0,0,차대차 - 기타,신호위반,건조,맑음,교차로 - 교차로안,승합,남,31-40세,상해없음,원동기,남,21-30세,중상
2022020500100078,2022년 2월,토요일,서울특별시 광진구 자양동,중상사고,0,1,3,0,차대차 - 충돌,중앙선침범,건조,맑음,단일로 - 기타,승용,남,65세 이상,상해없음,승합,남,61-64세,상해없음
2022020500100161,2022년 2월,토요일,서울특별시 광진구 자양동,경상사고,0,0,2,0,차대차 - 충돌,안전운전불이행,건조,맑음,교차로 - 교차로부근,승용,여,61-64세,상해없음,승용,남,31-40세,경상
2022020500100366,2022년 2월,토요일,서울특별시 광진구 자양동,경상사고,0,0,1,0,차대차 - 기타,안전운전불이행,젖음/습기,흐림,단일로 - 기타,이륜,남,51-60세,경상,이륜,남,51-60세,상해없음
2.02202E+15,2022년 2월,일요일,서울특별시 광진구 자양동,경상사고,0,0,1,0,차대차 - 기타,안전운전불이행,건조,맑음,단일로 - 기타,승용,남,65세 이상,상해없음,승용,남,21-30세,경상
2.02202E+15,2022년 2월,일요일,서울특별시 광진구 자양동,경상사고,0,0,1,0,차대차 - 기타,안전운전불이행,건조,맑음,교차로 - 교차로안,자전거,남,51-60세,경상,이륜,남,65세 이상,상해없음
2022020700100046,2022년 2월,월요일,서울특별시 광진구 자양동,경상사고,0,0,1,0,차대차 - 충돌,안전거리미확보,건조,맑음,단일로 - 기타,승용,여,51-60세,상해없음,승용,남,31-40세,경상
2022020700100349,2022년 2월,월요일,서울특별시 광진구 구의동,경상사고,0,0,2,0,차대차 - 추돌,안전운전불이행,건조,맑음,단일로 - 기타,승용,남,31-40세,상해없음,승용,남,61-64세,경상
2022020800100124,2022년 2월,화요일,서울특별시 광진구 중곡동,경상사고,0,0,2,0,차대차 - 충돌,직진우회전진행방해,건조,맑음,교차로 - 교차로안,승용,남,31-40세,경상,승용,남,65세 이상,경상
2022020800100188,2022년 2월,화요일,서울특별시 광진구 중곡동,경상사고,0,0,3,0,차대차 - 충돌,직진우회전진행방해,건조,맑음,교차로 - 교차로안,승용,여,21-30세,경상,화물,남,41-50세,경상
2022020800100461,2022년 2월,화요일,서울특별시 광진구 자양동,경상사고,0,0,1,0,차대차 - 추돌,안전운전불이행,건조,맑음,단일로 - 교량,승용,남,51-60세,상해없음,승용,여,51-60세,경상
2.02202E+15,2022년 2월,수요일,서울특별시 광진구 능동,경상사고,0,0,1,0,차대차 - 기타,안전운전불이행,건조,맑음,기타 - 기타,자전거,남,31-40세,경상,승용,여,41-50세,상해없음
2022020900100475,2022년 2월,수요일,서울특별시 광진구 화양동,경상사고,0,0,1,0,차대차 - 충돌,신호위반,건조,흐림,교차로 - 교차로부근,승용,남,41-50세,상해없음,이륜,남,31-40세,경상
2022021000100253,2022년 2월,목요일,서울특별시 광진구 화양동,중상사고,0,1,0,0,차대차 - 충돌,안전운전불이행,건조,맑음,단일로 - 기타,화물,남,51-60세,상해없음,원동기,남,41-50세,중상
2022021000100338,2022년 2월,목요일,서울특별시 광진구 화양동,경상사고,0,0,1,0,차량단독 - 기타,안전운전불이행,건조,맑음,기타 - 기타,승합,남,41-50세,상해없음,,,,
2022021000100484,2022년 2월,목요일,서울특별시 광진구 자양동,경상사고,0,0,2,0,차대차 - 추돌,안전운전불이행,건조,맑음,단일로 - 교량,승용,남,31-40세,상해없음,승용,남,21-30세,경상
2022021100100001,2022년 2월,금요일,서울특별시 광진구 자양동,경상사고,0,0,1,0,차대차 - 추돌,안전운전불이행,건조,맑음,단일로 - 기타,승용,남,21-30세,상해없음,승용,여,41-50세,경상
2022021100100403,2022년 2월,금요일,서울특별시 광진구 광장동,경상사고,0,0,1,0,차대차 - 기타,안전운전불이행,건조,맑음,단일로 - 기타,승용,남,61-64세,상해없음,이륜,남,31-40세,경상
2022021100100439,2022년 2월,금요일,서울특별시 광진구 화양동,중상사고,0,2,0,0,차대차 - 충돌,중앙선침범,건조,맑음,기타 - 기타,원동기,남,31-40세,중상,원동기,남,31-40세,중상
2022021200100003,2022년 2월,토요일,서울특별시 광진구 자양동,경상사고,0,0,2,0,차대사람 - 횡단중,불법유턴,건조,맑음,교차로 - 교차로횡단보도내,이륜,남,31-40세,상해없음,보행자,남,31-40세,상해없음
2022021300100038,2022년 2월,일요일,서울특별시 광진구 광장동,경상사고,0,0,1,0,차대차 - 충돌,중앙선침범,건조,맑음,기타 - 기타,승용,남,41-50세,상해없음,화물,남,31-40세,경상
2022021300100052,2022년 2월,일요일,서울특별시 광진구 중곡동,경상사고,0,0,1,0,차대사람 - 기타,안전운전불이행,건조,맑음,교차로 - 교차로부근,화물,남,61-64세,상해없음,보행자,여,41-50세,경상
2022021300100256,2022년 2월,일요일,서울특별시 광진구 능동,경상사고,0,0,2,0,차대차 - 충돌,안전거리미확보,건조,맑음,단일로 - 기타,승용,남,31-40세,상해없음,승용,남,31-40세,경상
2.02202E+15,2022년 2월,일요일,서울특별시 광진구 군자동,경상사고,0,0,2,0,차대차 - 충돌,직진우회전진행방해,건조,맑음,교차로 - 교차로부근,승용,여,51-60세,기타불명,승용,남,51-60세,경상
2022021400100265,2022년 2월,월요일,서울특별시 광진구 중곡동,중상사고,0,1,1,0,차대차 - 충돌,안전운전불이행,건조,맑음,교차로 - 교차로안,승용,여,41-50세,경상,승용,남,65세 이상,중상
2022021400100478,2022년 2월,월요일,서울특별시 광진구 화양동,경상사고,0,0,1,0,차대사람 - 기타,보행자보호의무위반,건조,맑음,교차로 - 교차로횡단보도내,기타불명,기타불명,기타불명,기타불명,보행자,여,21-30세,경상
2022021500100098,2022년 2월,화요일,서울특별시 광진구 광장동,경상사고,0,0,1,0,차대차 - 충돌,안전운전불이행,건조,맑음,교차로 - 교차로안,승용,남,41-50세,상해없음,승용,여,21-30세,경상
2022021500100449,2022년 2월,화요일,서울특별시 광진구 자양동,중상사고,0,1,1,0,차대차 - 추돌,안전운전불이행,건조,맑음,단일로 - 교량,화물,남,31-40세,상해없음,원동기,남,31-40세,중상
2022021600100273,2022년 2월,수요일,서울특별시 광진구 군자동,중상사고,0,1,0,0,차대사람 - 기타,안전운전불이행,건조,맑음,단일로 - 기타,승용,남,65세 이상,상해없음,보행자,남,41-50세,중상
2022021700100015,2022년 2월,목요일,서울특별시 광진구 자양동,경상사고,0,0,1,0,차대차 - 충돌,신호위반,건조,맑음,교차로 - 교차로안,이륜,남,31-40세,상해없음,이륜,남,21-30세,경상
2022021700100107,2022년 2월,목요일,서울특별시 광진구 중곡동,경상사고,0,0,3,0,차대차 - 충돌,안전운전불이행,건조,맑음,단일로 - 기타,승용,남,65세 이상,상해없음,승용,남,51-60세,경상
2022021800100187,2022년 2월,금요일,서울특별시 광진구 중곡동,중상사고,0,1,0,0,차대차 - 충돌,신호위반,건조,기타,교차로 - 교차로안,이륜,남,65세 이상,상해없음,이륜,남,41-50세,중상
2022021800100468,2022년 2월,금요일,서울특별시 광진구 화양동,경상사고,0,0,1,0,차대사람 - 기타,안전운전불이행,건조,맑음,단일로 - 기타,승용,남,41-50세,상해없음,보행자,남,21-30세,경상
2022021900100296,2022년 2월,토요일,서울특별시 광진구 군자동,중상사고,0,1,2,0,차대차 - 추돌,안전운전불이행,건조,맑음,기타 - 기타,화물,남,31-40세,상해없음,이륜,남,21-30세,중상
2022022000100171,2022년 2월,일요일,서울특별시 광진구 광장동,중상사고,0,1,0,0,차대사람 - 횡단중,보행자보호의무위반,건조,맑음,단일로 - 기타,승용,여,41-50세,상해없음,보행자,남,61-64세,중상
2022022000100194,2022년 2월,일요일,서울특별시 광진구 광장동,경상사고,0,0,1,0,차대사람 - 횡단중,안전운전불이행,건조,맑음,단일로 - 기타,승용,여,31-40세,상해없음,보행자,남,65세 이상,경상
2022022100100319,2022년 2월,월요일,서울특별시 광진구 구의동,경상사고,0,0,1,0,차대차 - 기타,안전운전불이행,건조,맑음,교차로 - 교차로부근,승용,남,31-40세,상해없음,이륜,남,21-30세,경상
2022022200100388,2022년 2월,화요일,서울특별시 광진구 군자동,중상사고,0,1,0,0,차대차 - 충돌,안전운전불이행,건조,맑음,교차로 - 교차로안,이륜,남,31-40세,상해없음,이륜,남,31-40세,중상
2022022300100398,2022년 2월,수요일,서울특별시 광진구 광장동,경상사고,0,0,2,0,차대차 - 추돌,기타,건조,맑음,단일로 - 기타,승용,남,51-60세,상해없음,승용,여,65세 이상,경상
2022022400100063,2022년 2월,목요일,서울특별시 광진구 화양동,중상사고,0,1,0,0,차대사람 - 횡단중,안전운전불이행,건조,맑음,단일로 - 기타,승용,남,51-60세,상해없음,보행자,여,31-40세,중상
2022022400100096,2022년 2월,목요일,서울특별시 광진구 능동,경상사고,0,0,1,0,차대차 - 기타,안전운전불이행,건조,맑음,교차로 - 교차로안,화물,남,21-30세,상해없음,승용,여,31-40세,경상
2022022400100379,2022년 2월,목요일,서울특별시 광진구 화양동,경상사고,0,0,1,0,차대차 - 충돌,안전거리미확보,건조,맑음,교차로 - 교차로부근,화물,남,51-60세,상해없음,이륜,여,21-30세,경상
2.02202E+15,2022년 2월,금요일,서울특별시 광진구 화양동,경상사고,0,0,1,0,차대차 - 기타,안전운전불이행,건조,맑음,기타 - 기타,승용,여,51-60세,상해없음,이륜,남,41-50세,경상
2022022600100219,2022년 2월,토요일,서울특별시 광진구 자양동,경상사고,0,0,1,0,차대차 - 기타,안전운전불이행,건조,맑음,단일로 - 기타,승용,남,41-50세,상해없음,승용,남,51-60세,경상
2022022600100376,2022년 2월,토요일,서울특별시 광진구 자양동,경상사고,0,0,1,0,차대사람 - 기타,안전운전불이행,젖음/습기,비,교차로 - 교차로안,이륜,남,21-30세,상해없음,보행자,남,65세 이상,경상
2022022600100412,2022년 2월,토요일,서울특별시 광진구 자양동,경상사고,0,0,2,0,차대차 - 충돌,안전거리미확보,건조,맑음,교차로 - 교차로부근,승용,남,51-60세,상해없음,승용,남,41-50세,경상
2022022700100098,2022년 2월,일요일,서울특별시 광진구 능동,경상사고,0,0,1,0,차대차 - 기타,안전운전불이행,건조,맑음,교차로 - 교차로안,자전거,남,65세 이상,경상,승용,여,65세 이상,상해없음
2022022700100125,2022년 2월,일요일,서울특별시 광진구 구의동,경상사고,0,0,1,0,차대차 - 기타,안전운전불이행,건조,맑음,교차로 - 교차로안,기타불명,기타불명,기타불명,기타불명,이륜,남,31-40세,경상
2022022800100344,2022년 2월,월요일,서울특별시 광진구 자양동,경상사고,0,0,2,0,차대차 - 기타,안전운전불이행,건조,맑음,단일로 - 기타,승용,남,51-60세,상해없음,승용,남,21-30세,경상
2022022800100426,2022년 2월,월요일,서울특별시 광진구 화양동,중상사고,0,1,0,0,차대차 - 충돌,중앙선침범,건조,맑음,교차로 - 교차로횡단보도내,개인형이동수단(PM),남,21-30세,상해없음,이륜,남,21-30세,중상
2022030100100289,2022년 3월,화요일,서울특별시 광진구 자양동,경상사고,0,0,1,0,차대차 - 충돌,안전거리미확보,건조,맑음,교차로 - 교차로부근,승용,남,21-30세,상해없음,원동기,남,21-30세,경상
2022030200100156,2022년 3월,수요일,서울특별시 광진구 화양동,중상사고,0,1,0,0,차대차 - 추돌,안전운전불이행,건조,맑음,단일로 - 기타,승용,여,31-40세,상해없음,승용,남,41-50세,중상
2022030200100216,2022년 3월,수요일,서울특별시 광진구 자양동,경상사고,0,0,2,0,차대차 - 충돌,안전운전불이행,건조,맑음,단일로 - 기타,승용,여,21-30세,경상,이륜,남,31-40세,경상
2.02203E+15,2022년 3월,수요일,서울특별시 광진구 자양동,경상사고,0,0,1,0,차대차 - 기타,교차로운행방법위반,건조,맑음,교차로 - 교차로안,승용,여,31-40세,상해없음,승용,남,21-30세,경상
2022030300100242,2022년 3월,목요일,서울특별시 광진구 자양동,경상사고,0,0,1,0,차대사람 - 기타,안전운전불이행,건조,맑음,기타 - 기타,승용,남,61-64세,상해없음,보행자,남,41-50세,경상
2022030400100187,2022년 3월,금요일,서울특별시 광진구 중곡동,경상사고,0,0,1,0,차대사람 - 횡단중,안전운전불이행,건조,맑음,교차로 - 교차로횡단보도내,기타불명,기타불명,기타불명,기타불명,보행자,여,65세 이상,경상
2022030500100393,2022년 3월,토요일,서울특별시 광진구 화양동,경상사고,0,0,1,0,차대사람 - 기타,안전운전불이행,건조,맑음,단일로 - 기타,원동기,남,20세 이하,상해없음,보행자,여,21-30세,경상
2022030600100267,2022년 3월,일요일,서울특별시 광진구 군자동,경상사고,0,0,2,0,차대차 - 충돌,안전운전불이행,건조,맑음,단일로 - 기타,승용,여,31-40세,상해없음,승용,남,41-50세,경상
2022030600100323,2022년 3월,일요일,서울특별시 광진구 광장동,경상사고,0,0,2,0,차대차 - 추돌,안전운전불이행,건조,맑음,교차로 - 교차로부근,화물,남,51-60세,상해없음,승용,남,41-50세,경상
2022030700100261,2022년 3월,월요일,서울특별시 광진구 자양동,경상사고,0,0,1,0,차량단독 - 기타,안전운전불이행,건조,맑음,단일로 - 기타,승합,남,31-40세,상해없음,,,,
2022030700100284,2022년 3월,월요일,서울특별시 광진구 구의동,경상사고,0,0,1,0,차대차 - 충돌,안전운전불이행,건조,맑음,단일로 - 기타,승용,남,31-40세,상해없음,승용,여,51-60세,경상
2022030800100445,2022년 3월,화요일,서울특별시 광진구 중곡동,경상사고,0,0,1,0,차대사람 - 횡단중,신호위반,건조,맑음,기타 - 기타,승용,남,65세 이상,상해없음,보행자,여,21-30세,경상
2022030900100059,2022년 3월,수요일,서울특별시 광진구 자양동,경상사고,0,0,1,0,차대차 - 충돌,신호위반,건조,맑음,교차로 - 교차로안,승용,남,65세 이상,상해없음,이륜,남,21-30세,경상
2022030900100164,2022년 3월,수요일,서울특별시 광진구 화양동,경상사고,0,0,1,0,차대차 - 충돌,중앙선침범,건조,맑음,교차로 - 교차로안,승용,남,65세 이상,상해없음,이륜,남,31-40세,경상
2022030900100232,2022년 3월,수요일,서울특별시 광진구 구의동,경상사고,0,0,1,0,차대차 - 충돌,안전운전불이행,건조,맑음,단일로 - 기타,자전거,남,51-60세,경상,승용,남,41-50세,상해없음
2022030900100233,2022년 3월,수요일,서울특별시 광진구 자양동,경상사고,0,0,1,0,차대사람 - 길가장자리구역통행중,안전운전불이행,건조,맑음,단일로 - 기타,승용,남,21-30세,상해없음,보행자,여,61-64세,경상
2022031000100094,2022년 3월,목요일,서울특별시 광진구 중곡동,경상사고,0,0,1,0,차대사람 - 기타,안전운전불이행,건조,맑음,기타 - 기타,화물,남,51-60세,상해없음,보행자,남,65세 이상,경상
2022031100100115,2022년 3월,금요일,서울특별시 광진구 중곡동,경상사고,0,0,1,0,차대차 - 충돌,직진우회전진행방해,건조,맑음,교차로 - 교차로안,승용,여,51-60세,상해없음,승용,여,31-40세,경상
2022031100100496,2022년 3월,금요일,서울특별시 광진구 군자동,경상사고,0,0,1,0,차대차 - 충돌,안전거리미확보,건조,맑음,단일로 - 기타,승용,남,41-50세,상해없음,승용,남,21-30세,경상
2022031200100001,2022년 3월,토요일,서울특별시 광진구 화양동,중상사고,0,2,0,0,차대차 - 충돌,신호위반,건조,맑음,교차로 - 교차로안,승용,남,21-30세,상해없음,승용,남,21-30세,중상
2022031200100186,2022년 3월,토요일,서울특별시 광진구 자양동,경상사고,0,0,2,0,차대차 - 충돌,안전운전불이행,건조,맑음,교차로 - 교차로부근,승용,남,21-30세,경상,화물,남,31-40세,경상
2022031200100244,2022년 3월,토요일,서울특별시 광진구 능동,경상사고,0,0,2,0,차대차 - 기타,안전운전불이행,건조,맑음,주차장 - 주차장,승용,여,31-40세,상해없음,승용,남,21-30세,경상
2022031200100245,2022년 3월,토요일,서울특별시 광진구 구의동,경상사고,0,0,1,0,차대차 - 기타,안전운전불이행,건조,맑음,단일로 - 기타,승용,남,51-60세,상해없음,승용,남,41-50세,경상
2022031200100266,2022년 3월,토요일,서울특별시 광진구 중곡동,중상사고,0,1,0,0,차대차 - 기타,신호위반,건조,맑음,교차로 - 교차로안,승용,남,65세 이상,상해없음,이륜,남,41-50세,중상
2022031300100014,2022년 3월,일요일,서울특별시 광진구 구의동,경상사고,0,0,1,0,차대사람 - 차도통행중,안전운전불이행,젖음/습기,비,단일로 - 기타,자전거,남,61-64세,상해없음,보행자,여,21-30세,경상
2022031300100239,2022년 3월,일요일,서울특별시 광진구 화양동,경상사고,0,0,1,0,차대사람 - 기타,안전운전불이행,건조,흐림,단일로 - 기타,승용,여,51-60세,상해없음,보행자,남,21-30세,경상
2022031300100319,2022년 3월,일요일,서울특별시 광진구 중곡동,중상사고,0,1,1,0,차대차 - 충돌,직진우회전진행방해,건조,맑음,교차로 - 교차로안,화물,남,31-40세,경상,이륜,남,21-30세,중상
2022031400100236,2022년 3월,월요일,서울특별시 광진구 광장동,경상사고,0,0,2,0,차대차 - 추돌,안전운전불이행,젖음/습기,비,단일로 - 기타,승용,남,51-60세,상해없음,승용,남,41-50세,상해없음
2022031400100237,2022년 3월,월요일,서울특별시 광진구 군자동,경상사고,0,0,1,0,차대차 - 충돌,안전운전불이행,건조,맑음,기타 - 기타,화물,남,51-60세,상해없음,승합,남,61-64세,경상
2022031600100242,2022년 3월,수요일,서울특별시 광진구 자양동,경상사고,0,0,1,0,차대사람 - 기타,안전운전불이행,건조,맑음,단일로 - 기타,승용,여,41-50세,상해없음,보행자,여,12세 이하,경상
2022031700100005,2022년 3월,목요일,서울특별시 광진구 화양동,중상사고,0,1,0,0,차대차 - 충돌,교차로운행방법위반,건조,맑음,교차로 - 교차로부근,승용,남,41-50세,상해없음,이륜,남,31-40세,중상
2022031800100116,2022년 3월,금요일,서울특별시 광진구 중곡동,경상사고,0,0,2,0,차대차 - 추돌,안전운전불이행,건조,맑음,기타 - 기타,승용,남,51-60세,상해없음,승용,남,31-40세,경상
2022031900100029,2022년 3월,토요일,서울특별시 광진구 구의동,경상사고,0,0,2,0,차대차 - 충돌,안전거리미확보,젖음/습기,비,교차로 - 교차로안,승용,남,21-30세,상해없음,승용,남,65세 이상,경상
2022031900100131,2022년 3월,토요일,서울특별시 광진구 능동,경상사고,0,0,3,0,차대차 - 충돌,안전운전불이행,건조,맑음,단일로 - 기타,승용,남,31-40세,경상,승용,남,65세 이상,상해없음
2022031900100199,2022년 3월,토요일,서울특별시 광진구 군자동,경상사고,0,0,1,0,차대차 - 충돌,교차로운행방법위반,건조,맑음,교차로 - 교차로안,원동기,남,65세 이상,상해없음,승용,남,31-40세,경상
2022031900100373,2022년 3월,토요일,서울특별시 광진구 화양동,중상사고,0,1,0,0,차대사람 - 기타,안전운전불이행,건조,맑음,단일로 - 기타,승용,남,21-30세,상해없음,보행자,여,51-60세,중상
2022032100100159,2022년 3월,월요일,서울특별시 광진구 중곡동,경상사고,0,0,1,0,차대차 - 충돌,안전운전불이행,건조,맑음,단일로 - 교량,화물,남,51-60세,상해없음,원동기,남,21-30세,경상
2022032100100389,2022년 3월,월요일,서울특별시 광진구 구의동,경상사고,0,0,1,0,차대차 - 기타,안전운전불이행,건조,맑음,기타 - 기타,승용,남,31-40세,기타불명,승용,여,31-40세,경상
2022032200100436,2022년 3월,화요일,서울특별시 광진구 화양동,경상사고,0,0,1,0,차대사람 - 차도통행중,안전운전불이행,건조,맑음,단일로 - 기타,승용,남,31-40세,기타불명,보행자,남,21-30세,경상
2022032300100306,2022년 3월,수요일,서울특별시 광진구 광장동,중상사고,0,1,0,0,차대차 - 추돌,안전운전불이행,건조,맑음,기타 - 기타,승용,남,51-60세,상해없음,승용,남,51-60세,중상
2022032300100338,2022년 3월,수요일,서울특별시 광진구 중곡동,경상사고,0,0,1,0,차대사람 - 횡단중,신호위반,건조,맑음,단일로 - 기타,기타불명,기타불명,기타불명,기타불명,보행자,여,21-30세,경상
2022032300100424,2022년 3월,수요일,서울특별시 광진구 중곡동,경상사고,0,0,1,0,차대사람 - 기타,안전운전불이행,건조,맑음,교차로 - 교차로안,승용,남,61-64세,상해없음,보행자,남,21-30세,경상
2022032300100425,2022년 3월,수요일,서울특별시 광진구 자양동,경상사고,0,0,2,0,차대차 - 충돌,안전운전불이행,건조,맑음,단일로 - 기타,승용,남,31-40세,상해없음,승용,남,31-40세,경상
2022032400100202,2022년 3월,목요일,서울특별시 광진구 구의동,경상사고,0,0,1,0,차대차 - 충돌,안전운전불이행,건조,맑음,기타 - 기타,승용,여,41-50세,상해없음,승용,남,41-50세,경상