사고번호,발생년월,요일,시군구,사고내용,사망자수,중상자수,경상자수,부상신고자수,사고유형,법규위반,노면상태,기상상태,도로형태,가해운전자 차종,가해운전자 성별,가해운전자 연령대,가해운전자 상해정도,피해운전자 차종,피해운전자 성별,피해운전자 연령대,피해운전자 상해정도
2022032400100261,2022년 3월,목요일,서울특별시 광진구 화양동,경상사고,0,0,1,0,차대차 - 기타,신호위반,건조,맑음,교차로 - 교차로부근,승용,남,41-50세,상해없음,이륜,남,51-60세,경상
2022032400100334,2022년 3월,목요일,서울특별시 광진구 자양동,경상사고,0,0,1,0,차대차 - 충돌,중앙선침범,건조,맑음,교차로 - 교차로부근,승용,남,51-60세,상해없음,개인형이동수단(PM),남,41-50세,경상
2022032400100465,2022년 3월,목요일,서울특별시 광진구 구의동,중상사고,0,1,0,0,차대차 - 충돌,신호위반,건조,맑음,교차로 - 교차로안,이륜,남,51-60세,중상,승용,남,65세 이상,상해없음
2022032500100053,2022년 3월,금요일,서울특별시 광진구 자양동,중상사고,0,1,0,0,차대차 - 충돌,신호위반,건조,맑음,교차로 - 교차로안,승용,여,21-30세,상해없음,이륜,여,21-30세,중상
2022032500100384,2022년 3월,금요일,서울특별시 광진구 중곡동,경상사고,0,0,2,0,차대차 - 충돌,안전거리미확보,젖음/습기,비,기타 - 기타,승용,남,65세 이상,기타불명,승용,남,21-30세,경상
2.02203E+15,2022년 3월,토요일,서울특별시 광진구 광장동,경상사고,0,0,1,0,차대차 - 추돌,안전운전불이행,건조,맑음,단일로 - 기타,승용,남,65세 이상,상해없음,원동기,남,31-40세,경상
2022032600100205,2022년 3월,토요일,서울특별시 광진구 자양동,경상사고,0,0,2,0,차대차 - 충돌,안전거리미확보,건조,맑음,단일로 - 기타,승용,남,21-30세,경상,화물,남,21-30세,경상
2022032700100227,2022년 3월,일요일,서울특별시 광진구 구의동,중상사고,0,1,0,0,차대차 - 충돌,불법유턴,건조,맑음,교차로 - 교차로안,승용,남,51-60세,상해없음,이륜,남,31-40세,중상
2022032900100327,2022년 3월,화요일,서울특별시 광진구 광장동,경상사고,0,0,2,0,차대차 - 추돌,안전운전불이행,건조,맑음,단일로 - 기타,승용,남,31-40세,상해없음,승용,남,65세 이상,경상
2022032900100467,2022년 3월,화요일,서울특별시 광진구 자양동,경상사고,0,0,2,0,차대차 - 충돌,안전운전불이행,건조,맑음,단일로 - 교량,이륜,남,31-40세,경상,승용,남,51-60세,경상
2022033000100085,2022년 3월,수요일,서울특별시 광진구 능동,경상사고,0,0,1,0,차대사람 - 기타,안전운전불이행,건조,맑음,단일로 - 기타,승용,여,21-30세,상해없음,보행자,여,31-40세,경상
2.02203E+15,2022년 3월,수요일,서울특별시 광진구 자양동,경상사고,0,0,2,0,차대차 - 추돌,안전운전불이행,건조,맑음,교차로 - 교차로안,승합,남,51-60세,상해없음,승용,남,61-64세,경상
2022033000100383,2022년 3월,수요일,서울특별시 광진구 구의동,경상사고,0,0,1,0,차대차 - 기타,안전운전불이행,건조,맑음,단일로 - 기타,승용,남,41-50세,상해없음,승용,남,51-60세,상해없음
2022033000100475,2022년 3월,수요일,서울특별시 광진구 화양동,경상사고,0,0,4,0,차대차 - 충돌,교차로운행방법위반,건조,맑음,교차로 - 교차로안,승용,여,20세 이하,경상,승용,여,65세 이상,경상
2022033100100407,2022년 3월,목요일,서울특별시 광진구 구의동,경상사고,0,0,1,0,차대차 - 기타,교차로운행방법위반,건조,맑음,교차로 - 교차로안,승용,남,65세 이상,상해없음,이륜,남,51-60세,경상
2.02204E+15,2022년 4월,금요일,서울특별시 광진구 자양동,경상사고,0,0,1,0,차대차 - 충돌,안전거리미확보,건조,맑음,기타 - 기타,승용,남,51-60세,상해없음,승용,남,21-30세,경상
2022040100100399,2022년 4월,금요일,서울특별시 광진구 자양동,사망사고,1,0,0,0,차대사람 - 횡단중,기타,건조,맑음,단일로 - 기타,승용,여,51-60세,상해없음,보행자,여,65세 이상,사망
2022040200100205,2022년 4월,토요일,서울특별시 광진구 화양동,경상사고,0,0,2,0,차대사람 - 보도통행중,보행자보호의무위반,건조,맑음,기타 - 기타,이륜,남,20세 이하,상해없음,보행자,여,21-30세,경상
2022040200100242,2022년 4월,토요일,서울특별시 광진구 군자동,중상사고,0,1,3,0,차대차 - 충돌,안전운전불이행,건조,맑음,기타 - 기타,이륜,남,21-30세,경상,승용,남,51-60세,경상
2022040200100328,2022년 4월,토요일,서울특별시 광진구 구의동,경상사고,0,0,3,0,차대차 - 추돌,안전운전불이행,건조,맑음,단일로 - 기타,승용,남,65세 이상,상해없음,승용,여,51-60세,경상
2.02204E+15,2022년 4월,토요일,서울특별시 광진구 자양동,경상사고,0,0,1,0,차대차 - 충돌,안전운전불이행,건조,맑음,기타 - 기타,이륜,남,51-60세,상해없음,승용,남,31-40세,경상
2022040300100118,2022년 4월,일요일,서울특별시 광진구 자양동,중상사고,0,1,0,0,차대차 - 충돌,기타,건조,맑음,단일로 - 기타,승용,남,65세 이상,상해없음,원동기,남,51-60세,중상
2022040300100413,2022년 4월,일요일,서울특별시 광진구 중곡동,경상사고,0,0,1,0,차대차 - 추돌,안전운전불이행,건조,맑음,단일로 - 기타,이륜,남,31-40세,상해없음,승용,남,31-40세,경상
2022040400100526,2022년 4월,월요일,서울특별시 광진구 자양동,중상사고,0,3,8,0,차대차 - 충돌,안전운전불이행,건조,맑음,교차로 - 교차로부근,승용,남,31-40세,상해없음,승용,남,21-30세,경상
2022040600100425,2022년 4월,수요일,서울특별시 광진구 자양동,경상사고,0,0,1,0,차대차 - 충돌,신호위반,건조,맑음,단일로 - 기타,자전거,남,21-30세,상해없음,자전거,여,51-60세,경상
2022040600100492,2022년 4월,수요일,서울특별시 광진구 자양동,중상사고,0,1,0,0,차대차 - 기타,기타,건조,맑음,단일로 - 기타,승용,남,65세 이상,상해없음,자전거,여,65세 이상,중상
2022040700100488,2022년 4월,목요일,서울특별시 광진구 구의동,경상사고,0,0,1,0,차대차 - 추돌,안전운전불이행,건조,맑음,단일로 - 기타,승용,남,65세 이상,상해없음,승용,남,51-60세,경상
2022040700100535,2022년 4월,목요일,서울특별시 광진구 구의동,경상사고,0,0,1,0,차대사람 - 기타,안전운전불이행,건조,맑음,기타 - 기타,승용,남,61-64세,상해없음,보행자,남,31-40세,경상
2022040800100002,2022년 4월,금요일,서울특별시 광진구 자양동,경상사고,0,0,1,0,차대사람 - 기타,안전운전불이행,건조,맑음,단일로 - 기타,개인형이동수단(PM),여,21-30세,기타불명,보행자,여,31-40세,경상
2022040800100053,2022년 4월,금요일,서울특별시 광진구 화양동,경상사고,0,0,1,0,차대차 - 충돌,직진우회전진행방해,건조,맑음,교차로 - 교차로부근,자전거,남,31-40세,경상,승용,남,51-60세,상해없음
2022040800100158,2022년 4월,금요일,서울특별시 광진구 군자동,부상신고사고,0,0,0,1,차대차 - 충돌,중앙선침범,건조,맑음,교차로 - 교차로안,원동기,남,65세 이상,부상신고,화물,남,51-60세,상해없음
2022040800100181,2022년 4월,금요일,서울특별시 광진구 자양동,경상사고,0,0,1,0,차대사람 - 기타,안전운전불이행,건조,맑음,단일로 - 기타,승용,남,21-30세,상해없음,보행자,남,21-30세,경상
2022040800100182,2022년 4월,금요일,서울특별시 광진구 구의동,경상사고,0,0,1,0,차대차 - 충돌,교차로운행방법위반,건조,맑음,교차로 - 교차로안,승용,남,21-30세,상해없음,자전거,여,41-50세,경상
2022040800100246,2022년 4월,금요일,서울특별시 광진구 능동,중상사고,0,1,1,0,차대차 - 충돌,신호위반,건조,맑음,교차로 - 교차로안,승용,남,21-30세,상해없음,이륜,남,21-30세,중상
2022040800100362,2022년 4월,금요일,서울특별시 광진구 중곡동,경상사고,0,0,1,0,차대사람 - 기타,안전운전불이행,건조,맑음,단일로 - 기타,승용,남,65세 이상,상해없음,보행자,남,51-60세,경상
2022040900100517,2022년 4월,토요일,서울특별시 광진구 군자동,경상사고,0,0,1,0,차대차 - 기타,안전운전불이행,건조,맑음,단일로 - 기타,승용,남,51-60세,상해없음,승용,남,51-60세,경상
2022040900100552,2022년 4월,토요일,서울특별시 광진구 자양동,경상사고,0,0,1,0,차대사람 - 기타,안전운전불이행,건조,맑음,단일로 - 기타,자전거,남,31-40세,상해없음,보행자,여,13-20세,경상
2022041000100233,2022년 4월,일요일,서울특별시 광진구 화양동,중상사고,0,1,2,0,차대차 - 충돌,안전운전불이행,건조,맑음,교차로 - 교차로부근,승용,남,31-40세,경상,승용,남,41-50세,경상
2022041200100292,2022년 4월,화요일,서울특별시 광진구 자양동,경상사고,0,0,2,0,차대차 - 충돌,안전운전불이행,건조,맑음,기타 - 기타,승용,여,31-40세,경상,승용,남,61-64세,경상
2022041300100114,2022년 4월,수요일,서울특별시 광진구 화양동,경상사고,0,0,1,0,차대사람 - 기타,신호위반,건조,맑음,교차로 - 교차로부근,이륜,남,61-64세,상해없음,보행자,여,41-50세,경상
2022041300100553,2022년 4월,수요일,서울특별시 광진구 구의동,경상사고,0,0,4,0,차대차 - 충돌,안전운전불이행,건조,맑음,교차로 - 교차로안,승용,남,41-50세,기타불명,승용,남,61-64세,경상
2022041300100554,2022년 4월,수요일,서울특별시 광진구 군자동,경상사고,0,0,4,0,차대차 - 기타,신호위반,건조,맑음,교차로 - 교차로안,승용,남,31-40세,상해없음,승용,남,51-60세,경상
2022041400100028,2022년 4월,목요일,서울특별시 광진구 자양동,중상사고,0,1,0,0,차대차 - 충돌,중앙선침범,건조,맑음,단일로 - 기타,자전거,남,21-30세,중상,승용,남,51-60세,상해없음
2022041600100084,2022년 4월,토요일,서울특별시 광진구 중곡동,경상사고,0,0,1,0,차대사람 - 기타,안전운전불이행,건조,맑음,단일로 - 지하차도(도로)내,승용,남,51-60세,상해없음,보행자,여,21-30세,경상
2022041600100339,2022년 4월,토요일,서울특별시 광진구 중곡동,중상사고,0,1,0,0,차대사람 - 횡단중,신호위반,건조,맑음,단일로 - 기타,이륜,남,21-30세,상해없음,보행자,여,31-40세,중상
2022041600100616,2022년 4월,토요일,서울특별시 광진구 화양동,경상사고,0,0,1,0,차대사람 - 횡단중,안전운전불이행,건조,맑음,교차로 - 교차로안,원동기,남,21-30세,상해없음,보행자,남,31-40세,경상
2022041800100345,2022년 4월,월요일,서울특별시 광진구 화양동,경상사고,0,0,1,0,차대사람 - 기타,기타,건조,맑음,교차로 - 교차로부근,자전거,기타불명,기타불명,기타불명,보행자,여,21-30세,경상
2022042000100587,2022년 4월,수요일,서울특별시 광진구 화양동,경상사고,0,0,1,0,차대사람 - 기타,안전운전불이행,건조,맑음,단일로 - 기타,승용,남,21-30세,상해없음,보행자,남,21-30세,경상
2022042100100199,2022년 4월,목요일,서울특별시 광진구 군자동,경상사고,0,0,1,0,차대차 - 기타,안전거리미확보,건조,맑음,단일로 - 기타,승용,남,51-60세,상해없음,승용,남,65세 이상,경상
2022042200100458,2022년 4월,금요일,서울특별시 광진구 자양동,중상사고,0,1,0,0,차대사람 - 기타,안전운전불이행,건조,맑음,기타 - 기타,승용,남,51-60세,상해없음,보행자,남,21-30세,중상
2022042300100014,2022년 4월,토요일,서울특별시 광진구 자양동,경상사고,0,0,1,0,차대차 - 충돌,안전운전불이행,건조,맑음,단일로 - 기타,승용,여,31-40세,상해없음,승용,남,21-30세,경상
2022042300100151,2022년 4월,토요일,서울특별시 광진구 구의동,경상사고,0,0,10,0,차대차 - 충돌,중앙선침범,건조,맑음,기타 - 기타,승합,남,51-60세,기타불명,화물,남,51-60세,경상
2022042300100249,2022년 4월,토요일,서울특별시 광진구 화양동,경상사고,0,0,2,0,차대차 - 기타,안전운전불이행,건조,맑음,교차로 - 교차로부근,승용,남,65세 이상,상해없음,승용,남,31-40세,경상
2022042300100545,2022년 4월,토요일,서울특별시 광진구 자양동,중상사고,0,1,0,0,차대차 - 충돌,안전운전불이행,건조,맑음,단일로 - 기타,승용,남,41-50세,상해없음,승용,남,65세 이상,중상
2022042400100195,2022년 4월,일요일,서울특별시 광진구 구의동,부상신고사고,0,0,0,1,차대사람 - 기타,안전운전불이행,건조,맑음,교차로 - 교차로안,이륜,남,21-30세,상해없음,보행자,남,21-30세,부상신고
2022042400100354,2022년 4월,일요일,서울특별시 광진구 자양동,중상사고,0,1,1,0,차대차 - 추돌,안전운전불이행,건조,맑음,단일로 - 교량,승용,남,31-40세,상해없음,승용,남,31-40세,경상
2022042500100027,2022년 4월,월요일,서울특별시 광진구 구의동,중상사고,0,1,1,0,차대차 - 추돌,안전운전불이행,건조,흐림,단일로 - 기타,승용,남,21-30세,경상,승용,남,41-50세,중상
2022042500100028,2022년 4월,월요일,서울특별시 광진구 구의동,중상사고,0,3,0,0,차대차 - 충돌,신호위반,젖음/습기,비,단일로 - 기타,승용,남,21-30세,상해없음,승용,남,65세 이상,중상
2022042500100368,2022년 4월,월요일,서울특별시 광진구 자양동,경상사고,0,0,2,0,차대차 - 충돌,안전거리미확보,건조,맑음,단일로 - 기타,승합,남,65세 이상,상해없음,승용,남,21-30세,경상
2022042500100369,2022년 4월,월요일,서울특별시 광진구 구의동,중상사고,0,1,0,0,차대차 - 기타,중앙선침범,건조,맑음,단일로 - 기타,자전거,남,65세 이상,중상,승용,여,41-50세,상해없음
2022042500100492,2022년 4월,월요일,서울특별시 광진구 중곡동,중상사고,0,1,0,0,차대차 - 충돌,신호위반,건조,맑음,단일로 - 기타,이륜,남,51-60세,상해없음,자전거,여,61-64세,중상
2022042500100559,2022년 4월,월요일,서울특별시 광진구 중곡동,중상사고,0,1,0,0,차대사람 - 기타,안전운전불이행,건조,흐림,교차로 - 교차로안,승용,남,41-50세,상해없음,보행자,여,51-60세,중상
2022042500100606,2022년 4월,월요일,서울특별시 광진구 중곡동,경상사고,0,0,2,0,차대차 - 충돌,교차로운행방법위반,건조,맑음,교차로 - 교차로안,승용,남,21-30세,상해없음,승용,남,51-60세,경상
2022042700100447,2022년 4월,수요일,서울특별시 광진구 군자동,경상사고,0,0,2,0,차대차 - 충돌,안전거리미확보,건조,맑음,단일로 - 기타,승용,남,21-30세,상해없음,승용,남,21-30세,경상
2022042800100262,2022년 4월,목요일,서울특별시 광진구 자양동,경상사고,0,0,1,0,차대차 - 추돌,안전운전불이행,건조,맑음,교차로 - 교차로안,승용,남,65세 이상,기타불명,승용,여,51-60세,경상
2022042800100511,2022년 4월,목요일,서울특별시 광진구 중곡동,경상사고,0,0,1,0,차대차 - 기타,안전운전불이행,건조,흐림,단일로 - 기타,승용,남,65세 이상,상해없음,이륜,남,31-40세,경상
2022042900100471,2022년 4월,금요일,서울특별시 광진구 자양동,경상사고,0,0,1,0,차대차 - 충돌,안전운전불이행,건조,맑음,기타 - 기타,승용,남,20세 이하,상해없음,승용,남,41-50세,경상
2022042900100588,2022년 4월,금요일,서울특별시 광진구 군자동,경상사고,0,0,1,0,차대차 - 추돌,안전운전불이행,건조,맑음,단일로 - 기타,이륜,남,31-40세,경상,승용,남,41-50세,상해없음
2022043000100015,2022년 4월,토요일,서울특별시 광진구 자양동,중상사고,0,1,0,0,차대사람 - 횡단중,신호위반,건조,맑음,기타 - 기타,이륜,남,20세 이하,상해없음,보행자,여,51-60세,중상
2022043000100141,2022년 4월,토요일,서울특별시 광진구 구의동,경상사고,0,0,1,0,차대사람 - 기타,안전운전불이행,건조,맑음,단일로 - 기타,승용,남,31-40세,상해없음,보행자,남,51-60세,경상
2022043000100142,2022년 4월,토요일,서울특별시 광진구 화양동,경상사고,0,0,2,0,차대차 - 기타,신호위반,건조,맑음,교차로 - 교차로안,승합,남,51-60세,상해없음,승용,남,31-40세,경상
2022050100100149,2022년 5월,일요일,서울특별시 광진구 자양동,경상사고,0,0,1,0,차대사람 - 기타,안전운전불이행,건조,맑음,교차로 - 교차로안,승용,남,65세 이상,상해없음,보행자,여,51-60세,경상
2.02205E+15,2022년 5월,일요일,서울특별시 광진구 군자동,경상사고,0,0,1,0,차대차 - 충돌,안전거리미확보,건조,맑음,기타 - 기타,승용,남,65세 이상,상해없음,원동기,남,31-40세,경상
2022050100100316,2022년 5월,일요일,서울특별시 광진구 화양동,중상사고,0,1,0,0,차대차 - 기타,신호위반,건조,맑음,교차로 - 교차로안,승용,남,51-60세,상해없음,이륜,남,41-50세,중상
2022050100100394,2022년 5월,일요일,서울특별시 광진구 자양동,경상사고,0,0,1,0,차대사람 - 기타,안전운전불이행,건조,맑음,기타 - 기타,승용,남,41-50세,상해없음,보행자,여,21-30세,경상
2022050100100437,2022년 5월,일요일,서울특별시 광진구 자양동,중상사고,0,1,0,0,차대차 - 충돌,신호위반,건조,맑음,교차로 - 교차로부근,승용,남,65세 이상,상해없음,이륜,남,31-40세,중상
2022050200100076,2022년 5월,월요일,서울특별시 광진구 광장동,경상사고,0,0,1,0,차대차 - 추돌,안전운전불이행,건조,맑음,교차로 - 교차로부근,승용,여,41-50세,상해없음,승용,여,41-50세,경상
2022050200100523,2022년 5월,월요일,서울특별시 광진구 구의동,중상사고,0,1,0,0,차대차 - 추돌,안전운전불이행,건조,맑음,단일로 - 기타,승용,남,61-64세,상해없음,승용,남,21-30세,중상
2022050300100571,2022년 5월,화요일,서울특별시 광진구 자양동,경상사고,0,0,2,0,차대차 - 충돌,중앙선침범,건조,맑음,단일로 - 기타,자전거,여,61-64세,경상,승용,남,65세 이상,상해없음
2022050400100344,2022년 5월,수요일,서울특별시 광진구 중곡동,경상사고,0,0,1,0,차대차 - 충돌,안전운전불이행,건조,맑음,단일로 - 기타,승용,남,65세 이상,상해없음,화물,남,51-60세,경상
2.02205E+15,2022년 5월,목요일,서울특별시 광진구 화양동,경상사고,0,0,1,0,차대차 - 추돌,안전운전불이행,건조,맑음,교차로 - 교차로부근,승용,여,21-30세,상해없음,승용,남,31-40세,경상
2022050500100282,2022년 5월,목요일,서울특별시 광진구 능동,경상사고,0,0,4,0,차대차 - 추돌,안전운전불이행,건조,맑음,단일로 - 기타,승용,남,41-50세,상해없음,승용,남,31-40세,상해없음
2022050500100314,2022년 5월,목요일,서울특별시 광진구 화양동,경상사고,0,0,1,0,차대사람 - 기타,안전운전불이행,건조,맑음,교차로 - 교차로부근,승용,남,65세 이상,상해없음,보행자,남,41-50세,경상
2022050600100069,2022년 5월,금요일,서울특별시 광진구 중곡동,경상사고,0,0,1,0,차대사람 - 기타,안전운전불이행,건조,맑음,주차장 - 주차장,승용,남,41-50세,상해없음,보행자,남,65세 이상,경상
2022050600100258,2022년 5월,금요일,서울특별시 광진구 구의동,경상사고,0,0,1,0,차대사람 - 기타,안전운전불이행,건조,맑음,기타 - 기타,화물,남,51-60세,상해없음,보행자,여,65세 이상,경상
2022050600100493,2022년 5월,금요일,서울특별시 광진구 자양동,중상사고,0,1,0,0,차대사람 - 횡단중,보행자보호의무위반,건조,맑음,교차로 - 교차로횡단보도내,원동기,남,20세 이하,상해없음,보행자,여,51-60세,중상
2022050700100463,2022년 5월,토요일,서울특별시 광진구 능동,경상사고,0,0,3,0,차대차 - 충돌,안전운전불이행,건조,맑음,기타 - 기타,승용,남,31-40세,상해없음,승용,남,65세 이상,경상
2022050800100246,2022년 5월,일요일,서울특별시 광진구 화양동,경상사고,0,0,1,0,차대차 - 충돌,신호위반,건조,맑음,교차로 - 교차로부근,승용,여,61-64세,상해없음,승용,여,31-40세,경상
2022050900100124,2022년 5월,월요일,서울특별시 광진구 구의동,경상사고,0,0,1,0,차대차 - 충돌,직진우회전진행방해,건조,맑음,교차로 - 교차로부근,승용,남,65세 이상,상해없음,승용,여,41-50세,경상
2022050900100343,2022년 5월,월요일,서울특별시 광진구 광장동,중상사고,0,1,0,0,차대차 - 충돌,안전운전불이행,건조,맑음,기타 - 기타,승용,남,31-40세,기타불명,원동기,남,51-60세,중상
2022050900100377,2022년 5월,월요일,서울특별시 광진구 광장동,경상사고,0,0,2,0,차대사람 - 보도통행중,보행자보호의무위반,건조,맑음,교차로 - 교차로부근,승용,남,61-64세,상해없음,보행자,여,41-50세,경상
2022050900100378,2022년 5월,월요일,서울특별시 광진구 군자동,경상사고,0,0,1,0,차대차 - 충돌,안전거리미확보,건조,맑음,단일로 - 교량,승용,여,21-30세,경상,승용,남,61-64세,상해없음
2022051000100013,2022년 5월,화요일,서울특별시 광진구 구의동,경상사고,0,0,1,0,차량단독 - 기타,기타,건조,맑음,기타 - 기타,개인형이동수단(PM),남,31-40세,경상,,,,
2022051000100129,2022년 5월,화요일,서울특별시 광진구 자양동,부상신고사고,0,0,0,1,차대차 - 충돌,안전운전불이행,건조,맑음,단일로 - 기타,자전거,남,41-50세,상해없음,자전거,남,31-40세,부상신고
2022051000100513,2022년 5월,화요일,서울특별시 광진구 구의동,경상사고,0,0,1,0,차대차 - 충돌,안전운전불이행,건조,맑음,단일로 - 기타,승용,남,61-64세,상해없음,승용,남,31-40세,경상
2022051000100541,2022년 5월,화요일,서울특별시 광진구 화양동,부상신고사고,0,0,0,1,차대사람 - 길가장자리구역통행중,안전운전불이행,건조,맑음,기타 - 기타,기타불명,기타불명,기타불명,기타불명,보행자,남,21-30세,부상신고
2022051100100072,2022년 5월,수요일,서울특별시 광진구 중곡동,중상사고,0,1,0,0,차대사람 - 기타,안전운전불이행,건조,맑음,기타 - 기타,승용,여,31-40세,상해없음,보행자,여,65세 이상,중상
2022051100100543,2022년 5월,수요일,서울특별시 광진구 광장동,경상사고,0,0,1,0,차대차 - 추돌,안전운전불이행,건조,맑음,기타 - 기타,화물,남,61-64세,상해없음,승용,남,31-40세,경상
2022051200100278,2022년 5월,목요일,서울특별시 광진구 중곡동,경상사고,0,0,2,0,차대차 - 충돌,신호위반,건조,맑음,교차로 - 교차로부근,원동기,남,41-50세,경상,승용,남,31-40세,경상
2022051300100527,2022년 5월,금요일,서울특별시 광진구 화양동,경상사고,0,0,1,0,차대차 - 충돌,중앙선침범,건조,맑음,단일로 - 기타,개인형이동수단(PM),남,21-30세,상해없음,원동기,남,51-60세,경상
2022051400100255,2022년 5월,토요일,서울특별시 광진구 자양동,중상사고,0,1,0,0,차대차 - 충돌,중앙선침범,건조,맑음,단일로 - 기타,승용,여,41-50세,상해없음,승용,남,61-64세,중상
2.02205E+15,2022년 5월,토요일,서울특별시 광진구 중곡동,경상사고,0,0,2,1,차대차 - 충돌,안전운전불이행,건조,맑음,기타 - 기타,승용,남,51-60세,상해없음,승용,남,31-40세,경상
2022051700100073,2022년 5월,화요일,서울특별시 광진구 자양동,경상사고,0,0,1,0,차대차 - 추돌,안전운전불이행,건조,맑음,단일로 - 기타,승용,남,65세 이상,상해없음,승용,남,31-40세,경상
2022051700100219,2022년 5월,화요일,서울특별시 광진구 군자동,경상사고,0,0,1,0,차대차 - 충돌,안전운전불이행,건조,맑음,교차로 - 교차로부근,승용,여,31-40세,상해없음,승용,남,65세 이상,경상
2022051700100393,2022년 5월,화요일,서울특별시 광진구 자양동,경상사고,0,0,1,0,차대차 - 추돌,안전운전불이행,건조,맑음,기타 - 기타,승용,남,61-64세,상해없음,원동기,남,31-40세,경상
2022051800100169,2022년 5월,수요일,서울특별시 광진구 자양동,경상사고,0,0,3,0,차대차 - 충돌,안전운전불이행,건조,맑음,단일로 - 교량,승용,남,41-50세,상해없음,승용,남,21-30세,경상
2022051800100212,2022년 5월,수요일,서울특별시 광진구 화양동,경상사고,0,0,2,0,차대차 - 기타,안전운전불이행,건조,맑음,단일로 - 기타,승용,남,31-40세,상해없음,승용,남,21-30세,경상
2022051800100213,2022년 5월,수요일,서울특별시 광진구 구의동,경상사고,0,0,1,0,차대차 - 충돌,안전운전불이행,건조,맑음,교차로 - 교차로안,승용,여,21-30세,상해없음,승합,남,51-60세,경상
2022051800100269,2022년 5월,수요일,서울특별시 광진구 자양동,중상사고,0,1,0,0,차대사람 - 횡단중,안전운전불이행,건조,맑음,교차로 - 교차로안,이륜,남,31-40세,상해없음,보행자,여,65세 이상,중상
2022051800100364,2022년 5월,수요일,서울특별시 광진구 중곡동,경상사고,0,0,1,0,차대사람 - 기타,기타,건조,맑음,단일로 - 기타,승용,남,65세 이상,상해없음,보행자,남,12세 이하,경상
2022051900100018,2022년 5월,목요일,서울특별시 광진구 자양동,중상사고,0,1,0,0,차대차 - 기타,안전운전불이행,건조,맑음,단일로 - 기타,승용,남,65세 이상,상해없음,이륜,남,21-30세,중상
2022051900100301,2022년 5월,목요일,서울특별시 광진구 중곡동,경상사고,0,0,1,0,차대사람 - 기타,안전운전불이행,건조,맑음,교차로 - 교차로안,승용,남,65세 이상,상해없음,보행자,남,12세 이하,경상
2022051900100458,2022년 5월,목요일,서울특별시 광진구 중곡동,경상사고,0,0,1,0,차대사람 - 횡단중,안전운전불이행,건조,맑음,단일로 - 기타,이륜,남,21-30세,상해없음,보행자,여,51-60세,경상
2022051900100459,2022년 5월,목요일,서울특별시 광진구 구의동,경상사고,0,0,1,0,차대차 - 추돌,안전운전불이행,건조,맑음,단일로 - 기타,승용,남,65세 이상,상해없음,승용,남,65세 이상,경상
2022051900100518,2022년 5월,목요일,서울특별시 광진구 중곡동,경상사고,0,0,1,0,차대차 - 충돌,안전운전불이행,건조,맑음,기타 - 기타,이륜,남,41-50세,상해없음,승용,남,65세 이상,경상
2022052000100173,2022년 5월,금요일,서울특별시 광진구 광장동,경상사고,0,0,1,0,차대사람 - 기타,안전운전불이행,건조,맑음,단일로 - 교량,승용,남,61-64세,상해없음,보행자,여,65세 이상,경상
2022052000100292,2022년 5월,금요일,서울특별시 광진구 중곡동,중상사고,0,1,0,0,차대사람 - 보도통행중,기타,건조,맑음,단일로 - 기타,승용,남,41-50세,상해없음,보행자,남,31-40세,중상
2022052000100573,2022년 5월,금요일,서울특별시 광진구 자양동,경상사고,0,0,1,0,차대차 - 기타,안전운전불이행,건조,맑음,기타 - 기타,자전거,남,51-60세,경상,자전거,여,31-40세,상해없음
2022052000100574,2022년 5월,금요일,서울특별시 광진구 중곡동,경상사고,0,0,1,0,차대차 - 충돌,안전운전불이행,건조,맑음,단일로 - 기타,승합,여,51-60세,상해없음,자전거,여,21-30세,경상
2022052200100001,2022년 5월,일요일,서울특별시 광진구 화양동,경상사고,0,0,1,0,차대사람 - 기타,안전운전불이행,건조,맑음,단일로 - 기타,개인형이동수단(PM),기타불명,기타불명,기타불명,보행자,남,51-60세,경상
2022052200100033,2022년 5월,일요일,서울특별시 광진구 자양동,경상사고,0,0,1,0,차대차 - 추돌,안전운전불이행,건조,맑음,교차로 - 교차로안,승용,남,21-30세,상해없음,승용,남,61-64세,경상
2022052300100614,2022년 5월,월요일,서울특별시 광진구 광장동,경상사고,0,0,1,0,차대차 - 충돌,안전거리미확보,건조,맑음,단일로 - 기타,승용,남,21-30세,상해없음,승용,남,21-30세,경상
2022052400100457,2022년 5월,화요일,서울특별시 광진구 구의동,경상사고,0,0,1,0,차대차 - 충돌,안전운전불이행,건조,맑음,교차로 - 교차로부근,승합,남,51-60세,상해없음,승용,남,51-60세,경상
2022052400100502,2022년 5월,화요일,서울특별시 광진구 광장동,경상사고,0,0,1,0,차대차 - 기타,안전운전불이행,건조,맑음,기타 - 기타,승용,남,21-30세,상해없음,승용,남,41-50세,경상
2.02205E+15,2022년 5월,화요일,서울특별시 광진구 구의동,중상사고,0,1,0,0,차대사람 - 기타,안전운전불이행,건조,맑음,단일로 - 기타,자전거,여,61-64세,상해없음,보행자,남,51-60세,중상
2022052500100124,2022년 5월,수요일,서울특별시 광진구 자양동,경상사고,0,0,1,0,차대차 - 추돌,안전운전불이행,건조,맑음,단일로 - 기타,승용,남,31-40세,상해없음,원동기,남,31-40세,경상
2.02205E+15,2022년 5월,목요일,서울특별시 광진구 중곡동,중상사고,0,1,0,0,차대사람 - 횡단중,안전운전불이행,건조,맑음,단일로 - 기타,개인형이동수단(PM),남,21-30세,상해없음,보행자,남,31-40세,중상