사고번호,발생년월,요일,시군구,사고내용,사망자수,중상자수,경상자수,부상신고자수,사고유형,법규위반,노면상태,기상상태,도로형태,가해운전자 차종,가해운전자 성별,가해운전자 연령대,가해운전자 상해정도,피해운전자 차종,피해운전자 성별,피해운전자 연령대,피해운전자 상해정도
2022052600100105,2022년 5월,목요일,서울특별시 광진구 구의동,경상사고,0,0,1,0,차대차 - 기타,안전운전불이행,건조,맑음,기타 - 기타,화물,남,65세 이상,상해없음,승용,남,65세 이상,기타불명
2022052600100304,2022년 5월,목요일,서울특별시 광진구 군자동,경상사고,0,0,1,0,차대사람 - 차도통행중,교차로운행방법위반,건조,맑음,교차로 - 교차로부근,승용,남,65세 이상,상해없음,보행자,여,61-64세,경상
2022052600100331,2022년 5월,목요일,서울특별시 광진구 군자동,경상사고,0,0,1,0,차대사람 - 보도통행중,기타,건조,맑음,단일로 - 지하차도(도로)내,승용,여,65세 이상,상해없음,보행자,남,51-60세,경상
2022052600100648,2022년 5월,목요일,서울특별시 광진구 중곡동,경상사고,0,0,1,0,차대차 - 기타,안전운전불이행,건조,맑음,교차로 - 교차로안,승용,남,65세 이상,상해없음,원동기,남,31-40세,경상
2022052700100558,2022년 5월,금요일,서울특별시 광진구 자양동,경상사고,0,0,1,0,차대사람 - 기타,기타,건조,맑음,기타 - 기타,자전거,남,51-60세,상해없음,보행자,여,65세 이상,경상
2022052700100631,2022년 5월,금요일,서울특별시 광진구 중곡동,중상사고,0,1,0,0,차대차 - 추돌,안전운전불이행,건조,맑음,교차로 - 교차로부근,승용,남,21-30세,상해없음,승용,남,41-50세,중상
2022052800100458,2022년 5월,토요일,서울특별시 광진구 구의동,경상사고,0,0,2,0,차대차 - 추돌,안전운전불이행,건조,맑음,기타 - 기타,승용,남,65세 이상,상해없음,승용,남,21-30세,경상
2022052900100133,2022년 5월,일요일,서울특별시 광진구 구의동,경상사고,0,0,1,0,차대사람 - 차도통행중,안전운전불이행,건조,맑음,단일로 - 기타,원동기,남,21-30세,상해없음,보행자,여,65세 이상,경상
2022052900100438,2022년 5월,일요일,서울특별시 광진구 구의동,경상사고,0,0,1,0,차량단독 - 기타,안전운전불이행,건조,맑음,기타 - 기타,승합,남,51-60세,기타불명,,,,
2022053000100051,2022년 5월,월요일,서울특별시 광진구 중곡동,경상사고,0,0,1,0,차대사람 - 차도통행중,안전운전불이행,젖음/습기,맑음,단일로 - 기타,승용,남,31-40세,상해없음,보행자,여,21-30세,경상
2022053000100361,2022년 5월,월요일,서울특별시 광진구 자양동,경상사고,0,0,1,0,차대차 - 충돌,신호위반,건조,맑음,단일로 - 기타,승용,남,41-50세,상해없음,승용,남,21-30세,경상
2022053100100017,2022년 5월,화요일,서울특별시 광진구 구의동,경상사고,0,0,1,0,차대사람 - 기타,안전운전불이행,건조,맑음,기타 - 기타,승용,남,61-64세,상해없음,보행자,남,41-50세,경상
2022053100100461,2022년 5월,화요일,서울특별시 광진구 구의동,경상사고,0,0,1,0,차대차 - 충돌,교차로운행방법위반,건조,맑음,교차로 - 교차로안,승용,여,31-40세,경상,승합,남,65세 이상,상해없음
2022060100100248,2022년 6월,수요일,서울특별시 광진구 중곡동,경상사고,0,0,1,0,차대차 - 충돌,안전운전불이행,건조,맑음,교차로 - 교차로안,승용,남,21-30세,상해없음,이륜,남,21-30세,경상
2022060100100249,2022년 6월,수요일,서울특별시 광진구 화양동,중상사고,0,1,0,0,차대차 - 충돌,신호위반,건조,맑음,교차로 - 교차로안,승합,남,21-30세,상해없음,이륜,남,21-30세,중상
2022060200100137,2022년 6월,목요일,서울특별시 광진구 군자동,경상사고,0,0,1,0,차대차 - 추돌,안전운전불이행,건조,맑음,단일로 - 기타,승용,여,51-60세,상해없음,승용,남,65세 이상,경상
2022060200100513,2022년 6월,목요일,서울특별시 광진구 광장동,경상사고,0,0,1,0,차대차 - 충돌,중앙선침범,건조,맑음,기타 - 기타,승용,남,65세 이상,상해없음,이륜,남,41-50세,경상
2022060300100506,2022년 6월,금요일,서울특별시 광진구 구의동,중상사고,0,1,0,0,차대사람 - 기타,안전운전불이행,건조,맑음,단일로 - 기타,자전거,남,65세 이상,기타불명,보행자,여,51-60세,중상
2022060400100071,2022년 6월,토요일,서울특별시 광진구 자양동,중상사고,0,1,4,0,차대차 - 추돌,안전운전불이행,건조,맑음,단일로 - 기타,승용,여,31-40세,상해없음,승용,남,41-50세,중상
2022060400100404,2022년 6월,토요일,서울특별시 광진구 구의동,중상사고,0,1,0,0,차대차 - 충돌,안전운전불이행,건조,맑음,교차로 - 교차로횡단보도내,자전거,남,20세 이하,상해없음,자전거,남,65세 이상,중상
2022060500100034,2022년 6월,일요일,서울특별시 광진구 군자동,중상사고,0,1,0,0,차대차 - 충돌,안전운전불이행,건조,맑음,교차로 - 교차로부근,승용,남,21-30세,상해없음,이륜,남,21-30세,중상
2.02206E+15,2022년 6월,일요일,서울특별시 광진구 능동,경상사고,0,0,1,0,차대차 - 기타,안전운전불이행,건조,맑음,교차로 - 교차로부근,자전거,여,61-64세,경상,승용,남,31-40세,상해없음
2022060500100429,2022년 6월,일요일,서울특별시 광진구 구의동,중상사고,0,1,0,0,차대차 - 충돌,안전운전불이행,건조,맑음,기타 - 기타,원동기,남,31-40세,중상,화물,남,51-60세,기타불명
2022060600100049,2022년 6월,월요일,서울특별시 광진구 군자동,중상사고,0,1,0,0,차대차 - 충돌,신호위반,건조,맑음,교차로 - 교차로안,승용,남,41-50세,기타불명,승용,남,41-50세,중상
2022060600100454,2022년 6월,월요일,서울특별시 광진구 자양동,경상사고,0,0,2,0,차대차 - 추돌,안전운전불이행,건조,맑음,단일로 - 기타,승용,남,21-30세,상해없음,승용,여,21-30세,경상
2022060700100187,2022년 6월,화요일,서울특별시 광진구 구의동,경상사고,0,0,1,0,차대차 - 충돌,안전거리미확보,건조,맑음,단일로 - 기타,승용,남,21-30세,상해없음,승합,남,51-60세,상해없음
2022060700100375,2022년 6월,화요일,서울특별시 광진구 자양동,중상사고,0,1,0,0,차대사람 - 횡단중,보행자보호의무위반,건조,맑음,교차로 - 교차로횡단보도내,건설기계,남,61-64세,상해없음,보행자,여,51-60세,중상
2022060800100002,2022년 6월,수요일,서울특별시 광진구 화양동,경상사고,0,0,1,0,차대차 - 충돌,안전거리미확보,건조,맑음,단일로 - 기타,이륜,남,21-30세,경상,승용,남,65세 이상,상해없음
2022060800100328,2022년 6월,수요일,서울특별시 광진구 중곡동,경상사고,0,0,1,0,차대차 - 기타,안전운전불이행,건조,맑음,교차로 - 교차로안,자전거,남,51-60세,경상,승용,남,65세 이상,상해없음
2022060800100513,2022년 6월,수요일,서울특별시 광진구 중곡동,경상사고,0,0,1,0,차대차 - 기타,안전운전불이행,건조,맑음,교차로 - 교차로안,개인형이동수단(PM),남,41-50세,상해없음,승용,남,41-50세,상해없음
2022060800100514,2022년 6월,수요일,서울특별시 광진구 중곡동,경상사고,0,0,1,0,차대차 - 충돌,중앙선침범,건조,맑음,교차로 - 교차로횡단보도내,자전거,여,41-50세,경상,이륜,남,31-40세,상해없음
2022060900100256,2022년 6월,목요일,서울특별시 광진구 자양동,경상사고,0,0,1,0,차대차 - 충돌,직진우회전진행방해,건조,맑음,기타 - 기타,승용,여,31-40세,상해없음,승용,여,65세 이상,경상
2022061000100452,2022년 6월,금요일,서울특별시 광진구 자양동,경상사고,0,0,1,0,차대사람 - 보도통행중,안전운전불이행,건조,맑음,단일로 - 기타,이륜,남,41-50세,상해없음,보행자,남,12세 이하,경상
2022061100100364,2022년 6월,토요일,서울특별시 광진구 자양동,중상사고,0,1,2,0,차대차 - 기타,안전운전불이행,건조,맑음,교차로 - 교차로부근,승합,남,51-60세,상해없음,승용,남,31-40세,경상
2022061200100055,2022년 6월,일요일,서울특별시 광진구 자양동,경상사고,0,0,1,0,차대차 - 기타,안전운전불이행,건조,맑음,교차로 - 교차로안,승용,남,65세 이상,상해없음,자전거,남,41-50세,경상
2022061200100268,2022년 6월,일요일,서울특별시 광진구 중곡동,경상사고,0,0,1,0,차대차 - 충돌,안전운전불이행,건조,맑음,단일로 - 기타,승용,여,41-50세,상해없음,이륜,남,51-60세,경상
2022061500100121,2022년 6월,수요일,서울특별시 광진구 구의동,경상사고,0,0,1,0,차대차 - 추돌,안전운전불이행,젖음/습기,비,단일로 - 기타,승용,남,51-60세,상해없음,승용,남,31-40세,경상
2.02206E+15,2022년 6월,수요일,서울특별시 광진구 중곡동,경상사고,0,0,2,0,차대차 - 충돌,직진우회전진행방해,젖음/습기,비,교차로 - 교차로안,이륜,남,65세 이상,상해없음,승용,여,13-20세,경상
2022061600100445,2022년 6월,목요일,서울특별시 광진구 광장동,경상사고,0,0,2,0,차대차 - 충돌,중앙선침범,건조,맑음,단일로 - 기타,자전거,남,20세 이하,경상,이륜,남,51-60세,경상
2022061700100001,2022년 6월,금요일,서울특별시 광진구 군자동,경상사고,0,0,1,0,차대차 - 추돌,안전운전불이행,건조,맑음,교차로 - 교차로부근,승용,남,21-30세,상해없음,이륜,남,21-30세,경상
2022061700100033,2022년 6월,금요일,서울특별시 광진구 구의동,경상사고,0,0,2,0,차대차 - 추돌,안전운전불이행,건조,맑음,교차로 - 교차로부근,승용,남,31-40세,상해없음,승용,남,21-30세,경상
2022061900100191,2022년 6월,일요일,서울특별시 광진구 광장동,중상사고,0,1,1,0,차대차 - 충돌,안전운전불이행,건조,맑음,교차로 - 교차로안,화물,남,51-60세,상해없음,승용,남,65세 이상,경상
2022061900100255,2022년 6월,일요일,서울특별시 광진구 중곡동,경상사고,0,0,1,0,차대사람 - 기타,안전운전불이행,건조,맑음,기타 - 기타,승용,남,51-60세,상해없음,보행자,남,21-30세,경상
2022061900100403,2022년 6월,일요일,서울특별시 광진구 자양동,중상사고,0,1,0,0,차대차 - 기타,안전운전불이행,건조,맑음,기타 - 기타,개인형이동수단(PM),여,20세 이하,중상,승용,남,21-30세,기타불명
2022062000100282,2022년 6월,월요일,서울특별시 광진구 자양동,경상사고,0,0,1,0,차대차 - 충돌,기타,건조,맑음,교차로 - 교차로부근,자전거,남,21-30세,상해없음,자전거,남,41-50세,경상
2022062000100359,2022년 6월,월요일,서울특별시 광진구 중곡동,중상사고,0,1,0,0,차대사람 - 기타,안전운전불이행,건조,맑음,단일로 - 기타,승용,여,41-50세,상해없음,보행자,남,65세 이상,중상
2022062100100178,2022년 6월,화요일,서울특별시 광진구 중곡동,중상사고,0,1,0,0,차대차 - 충돌,안전운전불이행,건조,맑음,교차로 - 교차로안,승용,남,65세 이상,상해없음,이륜,남,65세 이상,중상
2022062100100393,2022년 6월,화요일,서울특별시 광진구 구의동,중상사고,0,1,0,0,차대차 - 기타,안전운전불이행,건조,맑음,교차로 - 교차로안,자전거,남,65세 이상,상해없음,자전거,남,65세 이상,중상
2022062300100057,2022년 6월,목요일,서울특별시 광진구 능동,경상사고,0,0,1,0,차대차 - 추돌,안전운전불이행,건조,맑음,기타 - 기타,승용,남,21-30세,상해없음,승용,남,61-64세,경상
2022062400100403,2022년 6월,금요일,서울특별시 광진구 중곡동,경상사고,0,0,2,0,차대차 - 기타,안전운전불이행,건조,맑음,기타 - 기타,승용,남,21-30세,경상,승용,남,51-60세,경상
2022062500100544,2022년 6월,토요일,서울특별시 광진구 화양동,부상신고사고,0,0,0,1,차대차 - 기타,안전운전불이행,건조,맑음,단일로 - 기타,이륜,남,21-30세,부상신고,승용,남,51-60세,상해없음
2022062600100046,2022년 6월,일요일,서울특별시 광진구 화양동,경상사고,0,0,7,0,차대차 - 기타,안전운전불이행,건조,맑음,단일로 - 기타,승용,남,65세 이상,상해없음,승합,남,41-50세,경상
2022062600100114,2022년 6월,일요일,서울특별시 광진구 자양동,경상사고,0,0,2,0,차대차 - 충돌,안전거리미확보,건조,맑음,단일로 - 교량,승용,남,21-30세,상해없음,승용,여,41-50세,경상
2022062700100001,2022년 6월,월요일,서울특별시 광진구 자양동,경상사고,0,0,1,0,차대사람 - 기타,안전운전불이행,건조,맑음,교차로 - 교차로횡단보도내,개인형이동수단(PM),남,21-30세,상해없음,보행자,남,21-30세,경상
2022062700100122,2022년 6월,월요일,서울특별시 광진구 광장동,경상사고,0,0,1,0,차대차 - 기타,안전거리미확보,건조,맑음,교차로 - 교차로부근,승용,여,51-60세,상해없음,승용,남,21-30세,경상
2022062700100219,2022년 6월,월요일,서울특별시 광진구 구의동,중상사고,0,1,0,0,차대차 - 기타,안전운전불이행,건조,맑음,교차로 - 교차로안,화물,남,21-30세,상해없음,자전거,여,31-40세,중상
2022062800100001,2022년 6월,화요일,서울특별시 광진구 자양동,경상사고,0,0,1,0,차대차 - 기타,신호위반,건조,맑음,단일로 - 기타,원동기,남,20세 이하,상해없음,자전거,남,31-40세,경상
2022062800100479,2022년 6월,화요일,서울특별시 광진구 화양동,경상사고,0,0,1,0,차대사람 - 기타,안전운전불이행,건조,맑음,교차로 - 교차로안,승용,남,21-30세,상해없음,보행자,여,21-30세,경상
2022062900100114,2022년 6월,수요일,서울특별시 광진구 중곡동,경상사고,0,0,1,0,차대차 - 충돌,안전운전불이행,건조,맑음,단일로 - 기타,원동기,여,21-30세,경상,승용,남,65세 이상,상해없음
2.02207E+15,2022년 7월,금요일,서울특별시 광진구 구의동,경상사고,0,0,1,0,차대차 - 충돌,기타,건조,맑음,기타 - 기타,승용,남,65세 이상,상해없음,자전거,여,51-60세,경상
2022070100100299,2022년 7월,금요일,서울특별시 광진구 군자동,경상사고,0,0,2,0,차대사람 - 기타,신호위반,건조,맑음,단일로 - 기타,승용,남,51-60세,상해없음,보행자,여,21-30세,경상
2.02207E+15,2022년 7월,토요일,서울특별시 광진구 중곡동,경상사고,0,0,1,0,차대차 - 충돌,안전거리미확보,건조,맑음,기타 - 기타,기타불명,기타불명,기타불명,기타불명,승용,남,61-64세,경상
2022070200100152,2022년 7월,토요일,서울특별시 광진구 광장동,경상사고,0,0,1,0,차대사람 - 기타,안전운전불이행,건조,맑음,단일로 - 기타,승용,남,51-60세,상해없음,보행자,여,31-40세,경상
2022070200100442,2022년 7월,토요일,서울특별시 광진구 광장동,경상사고,0,0,1,0,차대차 - 추돌,안전운전불이행,건조,맑음,단일로 - 기타,승용,남,51-60세,상해없음,승용,남,31-40세,경상
2022070300100339,2022년 7월,일요일,서울특별시 광진구 화양동,경상사고,0,0,1,0,차대사람 - 길가장자리구역통행중,안전운전불이행,건조,맑음,단일로 - 기타,승용,남,21-30세,상해없음,보행자,여,21-30세,경상
2022070400100188,2022년 7월,월요일,서울특별시 광진구 중곡동,경상사고,0,0,1,0,차대사람 - 길가장자리구역통행중,안전운전불이행,건조,맑음,기타 - 기타,화물,여,65세 이상,상해없음,보행자,여,65세 이상,경상
2022070400100285,2022년 7월,월요일,서울특별시 광진구 광장동,경상사고,0,0,2,0,차량단독 - 기타,안전운전불이행,건조,맑음,단일로 - 교량,승용,남,51-60세,상해없음,,,,
2022070500100153,2022년 7월,화요일,서울특별시 광진구 구의동,경상사고,0,0,1,0,차대차 - 충돌,안전거리미확보,건조,맑음,교차로 - 교차로부근,이륜,남,65세 이상,경상,승용,여,41-50세,상해없음
2.02207E+15,2022년 7월,화요일,서울특별시 광진구 중곡동,경상사고,0,0,1,0,차대차 - 기타,안전운전불이행,건조,맑음,교차로 - 교차로부근,승용,남,21-30세,상해없음,승용,남,65세 이상,경상
2022070700100002,2022년 7월,목요일,서울특별시 광진구 화양동,경상사고,0,0,1,0,차대차 - 기타,안전거리미확보,젖음/습기,비,단일로 - 기타,기타불명,기타불명,기타불명,기타불명,이륜,남,31-40세,경상
2022070800100324,2022년 7월,금요일,서울특별시 광진구 광장동,경상사고,0,0,1,0,차대사람 - 횡단중,보행자보호의무위반,건조,흐림,단일로 - 기타,승용,남,41-50세,상해없음,보행자,남,12세 이하,경상
2.02207E+15,2022년 7월,토요일,서울특별시 광진구 중곡동,중상사고,0,1,0,0,차대차 - 충돌,신호위반,건조,맑음,교차로 - 교차로안,이륜,남,21-30세,상해없음,승용,남,51-60세,상해없음
2022071000100044,2022년 7월,일요일,서울특별시 광진구 화양동,경상사고,0,0,1,0,차대사람 - 기타,안전운전불이행,건조,맑음,기타 - 기타,승용,남,21-30세,상해없음,보행자,남,65세 이상,경상
2022071000100094,2022년 7월,일요일,서울특별시 광진구 구의동,중상사고,0,1,0,0,차대사람 - 횡단중,안전운전불이행,건조,맑음,기타 - 기타,승합,남,51-60세,상해없음,보행자,여,61-64세,중상
2022071100100187,2022년 7월,월요일,서울특별시 광진구 자양동,경상사고,0,0,2,0,차대차 - 추돌,안전운전불이행,건조,맑음,단일로 - 기타,승용,여,51-60세,상해없음,승용,여,41-50세,경상
2022071200100168,2022년 7월,화요일,서울특별시 광진구 구의동,경상사고,0,0,1,0,차대사람 - 기타,안전운전불이행,건조,맑음,단일로 - 기타,승용,여,51-60세,상해없음,보행자,남,13-20세,경상
2022071200100217,2022년 7월,화요일,서울특별시 광진구 중곡동,중상사고,0,3,0,0,차대차 - 충돌,안전운전불이행,건조,맑음,교차로 - 교차로안,승용,남,41-50세,상해없음,승용,여,31-40세,중상
2022071200100334,2022년 7월,화요일,서울특별시 광진구 자양동,경상사고,0,0,1,0,차대차 - 기타,중앙선침범,건조,맑음,단일로 - 기타,승용,남,31-40세,상해없음,원동기,남,21-30세,경상
2022071300100019,2022년 7월,수요일,서울특별시 광진구 화양동,경상사고,0,0,1,0,차대차 - 충돌,안전운전불이행,건조,맑음,단일로 - 기타,개인형이동수단(PM),남,20세 이하,경상,승용,남,61-64세,상해없음
2022071300100193,2022년 7월,수요일,서울특별시 광진구 중곡동,경상사고,0,0,2,0,차대차 - 기타,안전운전불이행,젖음/습기,비,교차로 - 교차로안,승용,남,41-50세,상해없음,승용,여,21-30세,경상
2022071400100004,2022년 7월,목요일,서울특별시 광진구 중곡동,중상사고,0,1,0,0,차대차 - 추돌,안전운전불이행,젖음/습기,비,단일로 - 기타,승용,남,31-40세,상해없음,승용,남,61-64세,중상
2022071400100379,2022년 7월,목요일,서울특별시 광진구 자양동,중상사고,0,1,0,0,차대차 - 기타,안전운전불이행,건조,맑음,단일로 - 기타,승용,남,41-50세,기타불명,이륜,남,61-64세,중상
2022071400100621,2022년 7월,목요일,서울특별시 광진구 중곡동,경상사고,0,0,1,0,차대차 - 추돌,안전운전불이행,건조,맑음,기타 - 기타,승용,남,51-60세,상해없음,이륜,남,21-30세,경상
2022071500100238,2022년 7월,금요일,서울특별시 광진구 구의동,경상사고,0,0,1,0,차대사람 - 기타,안전운전불이행,건조,맑음,단일로 - 기타,이륜,남,51-60세,상해없음,보행자,남,21-30세,경상
2022071500100443,2022년 7월,금요일,서울특별시 광진구 자양동,중상사고,0,2,0,0,차대차 - 기타,교차로운행방법위반,건조,맑음,교차로 - 교차로안,승용,남,41-50세,상해없음,승용,남,21-30세,중상
2022071700100077,2022년 7월,일요일,서울특별시 광진구 자양동,경상사고,0,0,2,0,차대차 - 충돌,안전운전불이행,건조,흐림,단일로 - 교량,승용,남,41-50세,상해없음,승용,여,41-50세,경상
2022071800100008,2022년 7월,월요일,서울특별시 광진구 중곡동,사망사고,1,0,0,0,차대사람 - 횡단중,안전운전불이행,건조,맑음,단일로 - 기타,승용,남,21-30세,상해없음,보행자,남,41-50세,사망
2022071800100016,2022년 7월,월요일,서울특별시 광진구 구의동,중상사고,0,1,0,0,차대차 - 기타,기타,건조,맑음,기타 - 기타,승용,남,65세 이상,상해없음,원동기,남,13-20세,중상
2022071800100328,2022년 7월,월요일,서울특별시 광진구 구의동,경상사고,0,0,1,0,차대사람 - 기타,안전운전불이행,건조,맑음,교차로 - 교차로부근,자전거,남,20세 이하,상해없음,보행자,여,13-20세,경상
2022071900100026,2022년 7월,화요일,서울특별시 광진구 광장동,경상사고,0,0,1,0,차대차 - 추돌,안전운전불이행,건조,맑음,단일로 - 교량,화물,남,61-64세,상해없음,자전거,남,13-20세,경상
2022071900100078,2022년 7월,화요일,서울특별시 광진구 자양동,중상사고,0,1,0,0,차대사람 - 횡단중,보행자보호의무위반,건조,맑음,단일로 - 기타,승합,남,65세 이상,상해없음,보행자,여,51-60세,중상
2022071900100453,2022년 7월,화요일,서울특별시 광진구 광장동,경상사고,0,0,1,0,차대차 - 기타,안전운전불이행,건조,맑음,단일로 - 기타,승용,남,31-40세,상해없음,승합,남,51-60세,상해없음
2022071900100516,2022년 7월,화요일,서울특별시 광진구 자양동,경상사고,0,0,2,0,차대차 - 기타,안전운전불이행,건조,맑음,단일로 - 교량,승합,남,61-64세,상해없음,승합,남,65세 이상,경상
2022072000100158,2022년 7월,수요일,서울특별시 광진구 능동,경상사고,0,0,1,0,차대차 - 충돌,안전운전불이행,건조,맑음,단일로 - 기타,승합,남,51-60세,상해없음,승용,여,21-30세,경상
2022072000100434,2022년 7월,수요일,서울특별시 광진구 자양동,경상사고,0,0,1,0,차대차 - 기타,안전운전불이행,건조,맑음,단일로 - 고가도로위,승용,남,41-50세,상해없음,승용,남,41-50세,경상
2022072200100003,2022년 7월,금요일,서울특별시 광진구 자양동,경상사고,0,0,1,0,차량단독 - 기타,안전운전불이행,건조,맑음,단일로 - 기타,개인형이동수단(PM),남,21-30세,경상,,,,
2022072200100053,2022년 7월,금요일,서울특별시 광진구 자양동,중상사고,0,1,0,0,차대사람 - 횡단중,안전운전불이행,건조,맑음,교차로 - 교차로횡단보도내,화물,남,65세 이상,상해없음,보행자,여,65세 이상,중상
2022072200100181,2022년 7월,금요일,서울특별시 광진구 화양동,중상사고,0,1,1,0,차대차 - 충돌,교차로운행방법위반,건조,맑음,교차로 - 교차로부근,원동기,남,31-40세,경상,원동기,남,41-50세,중상
2022072300100003,2022년 7월,토요일,서울특별시 광진구 중곡동,경상사고,0,0,1,0,차대차 - 기타,안전운전불이행,건조,맑음,교차로 - 교차로안,자전거,남,51-60세,기타불명,이륜,남,31-40세,경상
2022072300100033,2022년 7월,토요일,서울특별시 광진구 구의동,경상사고,0,0,1,0,차대차 - 기타,안전운전불이행,건조,맑음,단일로 - 기타,기타불명,기타불명,기타불명,기타불명,개인형이동수단(PM),여,21-30세,상해없음
2022072300100315,2022년 7월,토요일,서울특별시 광진구 중곡동,경상사고,0,0,2,0,차대차 - 충돌,직진우회전진행방해,건조,맑음,교차로 - 교차로안,승용,남,41-50세,경상,화물,남,61-64세,경상
2022072300100366,2022년 7월,토요일,서울특별시 광진구 자양동,중상사고,0,1,0,0,차대사람 - 횡단중,보행자보호의무위반,건조,맑음,기타 - 기타,승합,남,51-60세,상해없음,보행자,남,51-60세,중상
2022072400100002,2022년 7월,일요일,서울특별시 광진구 화양동,경상사고,0,0,1,0,차대차 - 충돌,안전운전불이행,건조,맑음,단일로 - 기타,승용,남,21-30세,상해없음,승용,남,41-50세,경상
2022072400100334,2022년 7월,일요일,서울특별시 광진구 화양동,부상신고사고,0,0,0,1,차대사람 - 길가장자리구역통행중,안전운전불이행,건조,맑음,교차로 - 교차로부근,원동기,남,41-50세,기타불명,보행자,남,21-30세,부상신고
2022072500100073,2022년 7월,월요일,서울특별시 광진구 자양동,경상사고,0,0,1,0,차대차 - 추돌,안전운전불이행,건조,맑음,단일로 - 기타,화물,남,31-40세,상해없음,승용,남,31-40세,경상
2022072500100264,2022년 7월,월요일,서울특별시 광진구 중곡동,중상사고,0,1,0,0,차대차 - 충돌,불법유턴,건조,맑음,교차로 - 교차로안,승용,남,61-64세,상해없음,원동기,여,21-30세,중상
2022072600100081,2022년 7월,화요일,서울특별시 광진구 자양동,경상사고,0,0,1,0,차대사람 - 횡단중,보행자보호의무위반,건조,맑음,교차로 - 교차로횡단보도내,승용,남,51-60세,상해없음,보행자,여,21-30세,경상
2022072600100112,2022년 7월,화요일,서울특별시 광진구 구의동,경상사고,0,0,1,0,차대차 - 충돌,안전운전불이행,건조,맑음,단일로 - 고가도로위,승용,남,61-64세,상해없음,화물,남,41-50세,경상
2022072600100113,2022년 7월,화요일,서울특별시 광진구 자양동,경상사고,0,0,1,0,차대차 - 충돌,안전운전불이행,건조,맑음,단일로 - 교량,자전거,여,31-40세,상해없음,자전거,남,61-64세,경상
2.02207E+15,2022년 7월,화요일,서울특별시 광진구 능동,중상사고,0,1,0,0,차대차 - 충돌,신호위반,건조,맑음,교차로 - 교차로안,승용,남,65세 이상,상해없음,원동기,남,41-50세,중상
2022072600100537,2022년 7월,화요일,서울특별시 광진구 중곡동,경상사고,0,0,1,0,차대차 - 충돌,신호위반,건조,맑음,교차로 - 교차로안,승용,남,51-60세,상해없음,이륜,남,31-40세,경상
2022072800100151,2022년 7월,목요일,서울특별시 광진구 중곡동,경상사고,0,0,1,0,차대사람 - 기타,안전운전불이행,건조,맑음,기타 - 기타,화물,남,51-60세,상해없음,보행자,여,65세 이상,경상
2022072800100152,2022년 7월,목요일,서울특별시 광진구 구의동,경상사고,0,0,2,0,차대차 - 충돌,직진우회전진행방해,건조,맑음,교차로 - 교차로안,승용,남,41-50세,경상,승용,남,51-60세,경상
2022072800100173,2022년 7월,목요일,서울특별시 광진구 중곡동,경상사고,0,0,2,0,차대차 - 추돌,안전운전불이행,건조,맑음,단일로 - 기타,승용,남,51-60세,상해없음,승용,남,41-50세,경상
2.02207E+15,2022년 7월,목요일,서울특별시 광진구 자양동,경상사고,0,0,1,0,차대차 - 충돌,안전운전불이행,건조,맑음,교차로 - 교차로부근,승합,남,51-60세,상해없음,승용,여,41-50세,경상
2022072900100083,2022년 7월,금요일,서울특별시 광진구 구의동,경상사고,0,0,1,0,차대차 - 충돌,안전운전불이행,건조,맑음,단일로 - 기타,승용,남,51-60세,상해없음,승용,남,21-30세,경상
2.02207E+15,2022년 7월,일요일,서울특별시 광진구 광장동,중상사고,0,1,0,0,차대차 - 기타,기타,건조,맑음,기타 - 기타,승용,남,41-50세,상해없음,승용,여,51-60세,중상
2022073100100291,2022년 7월,일요일,서울특별시 광진구 광장동,경상사고,0,0,3,0,차대차 - 기타,안전운전불이행,젖음/습기,흐림,단일로 - 기타,승용,남,51-60세,상해없음,승용,여,41-50세,경상
2022080100100328,2022년 8월,월요일,서울특별시 광진구 중곡동,중상사고,0,1,0,0,차대차 - 기타,신호위반,건조,맑음,교차로 - 교차로횡단보도내,원동기,남,41-50세,상해없음,자전거,남,13-20세,중상
2022080100100458,2022년 8월,월요일,서울특별시 광진구 자양동,중상사고,0,1,2,0,차대차 - 충돌,기타,젖음/습기,비,단일로 - 기타,원동기,남,20세 이하,상해없음,원동기,남,41-50세,중상
2022080200100483,2022년 8월,화요일,서울특별시 광진구 광장동,부상신고사고,0,0,0,2,차대차 - 충돌,안전운전불이행,젖음/습기,비,교차로 - 교차로안,승용,여,51-60세,상해없음,승용,남,31-40세,부상신고
2022080200100507,2022년 8월,화요일,서울특별시 광진구 자양동,경상사고,0,0,1,0,차대사람 - 기타,안전운전불이행,젖음/습기,비,단일로 - 기타,승용,남,65세 이상,상해없음,보행자,남,31-40세,경상
2.02208E+15,2022년 8월,수요일,서울특별시 광진구 화양동,경상사고,0,0,1,0,차대사람 - 기타,안전운전불이행,건조,맑음,기타 - 기타,기타불명,기타불명,기타불명,기타불명,보행자,남,21-30세,경상
2022080300100148,2022년 8월,수요일,서울특별시 광진구 중곡동,경상사고,0,0,1,0,차대차 - 충돌,안전거리미확보,건조,맑음,단일로 - 기타,승용,여,41-50세,상해없음,승용,남,31-40세,경상
2022080300100332,2022년 8월,수요일,서울특별시 광진구 자양동,중상사고,0,1,0,0,차대차 - 기타,안전운전불이행,건조,맑음,단일로 - 기타,승용,남,65세 이상,상해없음,이륜,남,41-50세,중상
2022080600100091,2022년 8월,토요일,서울특별시 광진구 중곡동,경상사고,0,0,1,0,차대차 - 충돌,안전운전불이행,건조,맑음,교차로 - 교차로부근,승용,여,31-40세,상해없음,승용,남,21-30세,경상