사고번호,발생년월,요일,시군구,사고내용,사망자수,중상자수,경상자수,부상신고자수,사고유형,법규위반,노면상태,기상상태,도로형태,가해운전자 차종,가해운전자 성별,가해운전자 연령대,가해운전자 상해정도,피해운전자 차종,피해운전자 성별,피해운전자 연령대,피해운전자 상해정도
2023090300100259,2023년 9월,일요일,서울특별시 광진구 화양동,중상사고,0,1,1,0,차대차 - 기타,안전운전불이행,건조,맑음,단일로 - 기타,승용,남,61-64세,기타불명,승용,여,65세 이상,중상
2023090400100082,2023년 9월,월요일,서울특별시 광진구 자양동,경상사고,0,0,1,0,차대차 - 충돌,안전운전불이행,건조,맑음,단일로 - 기타,승합,남,51-60세,상해없음,승용,남,41-50세,경상
2023090500100156,2023년 9월,화요일,서울특별시 광진구 구의동,중상사고,0,1,1,0,차대차 - 추돌,신호위반,건조,맑음,교차로 - 교차로안,승용,남,65세 이상,상해없음,화물,남,51-60세,중상
2023090500100439,2023년 9월,화요일,서울특별시 광진구 자양동,경상사고,0,0,1,0,차대차 - 기타,안전운전불이행,젖음/습기,맑음,단일로 - 고가도로위,승용,남,21-30세,상해없음,승용,남,41-50세,경상
2023090600100177,2023년 9월,수요일,서울특별시 광진구 화양동,경상사고,0,0,2,0,차대차 - 충돌,신호위반,건조,맑음,교차로 - 교차로부근,이륜,남,21-30세,경상,승용,남,21-30세,경상
2023090700100002,2023년 9월,목요일,서울특별시 광진구 화양동,경상사고,0,0,1,0,차대차 - 충돌,신호위반,건조,맑음,단일로 - 기타,승용,남,21-30세,상해없음,원동기,남,31-40세,경상
2023090700100606,2023년 9월,목요일,서울특별시 광진구 광장동,경상사고,0,0,1,0,차대차 - 충돌,안전거리미확보,기타,맑음,단일로 - 기타,승용,남,65세 이상,상해없음,승용,남,31-40세,경상
2023090800100279,2023년 9월,금요일,서울특별시 광진구 군자동,중상사고,0,1,3,0,차대차 - 기타,안전운전불이행,건조,맑음,교차로 - 교차로부근,승용,남,21-30세,경상,승용,남,65세 이상,경상
2023090800100638,2023년 9월,금요일,서울특별시 광진구 자양동,경상사고,0,0,1,0,차대차 - 충돌,안전운전불이행,건조,맑음,단일로 - 기타,승용,남,31-40세,상해없음,승용,남,65세 이상,경상
2023090800100674,2023년 9월,금요일,서울특별시 광진구 광장동,경상사고,0,0,1,0,차대차 - 추돌,안전운전불이행,건조,맑음,단일로 - 기타,승용,남,65세 이상,상해없음,승용,여,31-40세,경상
2023090800100675,2023년 9월,금요일,서울특별시 광진구 자양동,경상사고,0,0,2,0,차대차 - 추돌,안전운전불이행,건조,맑음,단일로 - 기타,승용,남,51-60세,상해없음,승용,여,41-50세,경상
2023090900100003,2023년 9월,토요일,서울특별시 광진구 능동,부상신고사고,0,0,0,1,차대사람 - 기타,안전운전불이행,건조,맑음,단일로 - 기타,승용,남,51-60세,상해없음,보행자,남,21-30세,부상신고
2023090900100204,2023년 9월,토요일,서울특별시 광진구 군자동,중상사고,0,1,0,0,차대사람 - 횡단중,보행자보호의무위반,건조,맑음,단일로 - 기타,승용,여,51-60세,상해없음,보행자,남,12세 이하,중상
2023090900100244,2023년 9월,토요일,서울특별시 광진구 구의동,경상사고,0,0,1,0,차대차 - 기타,안전운전불이행,건조,맑음,단일로 - 기타,승용,남,31-40세,상해없음,승용,여,41-50세,경상
2.02309E+15,2023년 9월,토요일,서울특별시 광진구 광장동,경상사고,0,0,2,0,차대차 - 충돌,신호위반,건조,맑음,단일로 - 교량,화물,남,51-60세,상해없음,자전거,남,31-40세,경상
2023091000100362,2023년 9월,일요일,서울특별시 광진구 자양동,경상사고,0,0,1,0,차대차 - 기타,안전운전불이행,건조,맑음,교차로 - 교차로부근,이륜,남,51-60세,상해없음,이륜,남,41-50세,경상
2023091000100414,2023년 9월,일요일,서울특별시 광진구 화양동,경상사고,0,0,1,0,차대차 - 추돌,안전운전불이행,건조,맑음,교차로 - 교차로부근,승용,여,21-30세,상해없음,이륜,남,21-30세,경상
2023091000100415,2023년 9월,일요일,서울특별시 광진구 구의동,경상사고,0,0,1,0,차대차 - 기타,안전운전불이행,건조,맑음,단일로 - 기타,승용,남,65세 이상,상해없음,승용,여,31-40세,경상
2023091000100459,2023년 9월,일요일,서울특별시 광진구 자양동,중상사고,0,1,0,0,차대사람 - 횡단중,신호위반,건조,맑음,기타 - 기타,승용,남,21-30세,상해없음,보행자,여,31-40세,중상
2023091100100031,2023년 9월,월요일,서울특별시 광진구 중곡동,중상사고,0,1,0,0,차대차 - 충돌,안전운전불이행,건조,맑음,단일로 - 기타,승용,남,65세 이상,상해없음,자전거,여,41-50세,중상
2023091100100098,2023년 9월,월요일,서울특별시 광진구 구의동,경상사고,0,0,1,0,차대사람 - 기타,안전운전불이행,건조,맑음,단일로 - 기타,승용,여,31-40세,상해없음,보행자,여,31-40세,경상
2023091100100099,2023년 9월,월요일,서울특별시 광진구 구의동,경상사고,0,0,1,0,차대사람 - 기타,안전운전불이행,건조,맑음,단일로 - 기타,승용,여,41-50세,상해없음,보행자,남,12세 이하,경상
2023091100100198,2023년 9월,월요일,서울특별시 광진구 중곡동,경상사고,0,0,1,0,차대차 - 기타,안전거리미확보,기타,맑음,단일로 - 기타,승용,남,31-40세,상해없음,승용,남,65세 이상,경상
2023091200100591,2023년 9월,화요일,서울특별시 광진구 구의동,중상사고,0,1,0,0,차대사람 - 기타,안전운전불이행,건조,맑음,교차로 - 교차로부근,자전거,여,51-60세,상해없음,보행자,여,65세 이상,중상
2023091300100186,2023년 9월,수요일,서울특별시 광진구 자양동,경상사고,0,0,1,0,차대사람 - 기타,기타,건조,맑음,교차로 - 교차로부근,승합,남,51-60세,상해없음,보행자,남,65세 이상,경상
2023091300100538,2023년 9월,수요일,서울특별시 광진구 구의동,부상신고사고,0,0,0,1,차대차 - 충돌,안전운전불이행,건조,맑음,단일로 - 기타,기타불명,기타불명,기타불명,기타불명,자전거,남,65세 이상,부상신고
2.02309E+15,2023년 9월,목요일,서울특별시 광진구 구의동,경상사고,0,0,1,0,차대차 - 추돌,안전운전불이행,건조,흐림,교차로 - 교차로부근,승용,남,41-50세,상해없음,승용,남,51-60세,경상
2023091500100571,2023년 9월,금요일,서울특별시 광진구 중곡동,경상사고,0,0,1,0,차대차 - 기타,기타,기타,맑음,단일로 - 기타,승용,여,51-60세,상해없음,원동기,남,31-40세,경상
2023091700100024,2023년 9월,일요일,서울특별시 광진구 화양동,경상사고,0,0,1,0,차대사람 - 기타,신호위반,건조,맑음,단일로 - 기타,승용,남,20세 이하,상해없음,보행자,남,21-30세,경상
2023091700100257,2023년 9월,일요일,서울특별시 광진구 구의동,중상사고,0,1,0,0,차대차 - 충돌,신호위반,건조,맑음,단일로 - 기타,승용,남,31-40세,상해없음,원동기,남,51-60세,중상
2023091700100378,2023년 9월,일요일,서울특별시 광진구 자양동,경상사고,0,0,1,0,차대사람 - 기타,안전운전불이행,기타,맑음,단일로 - 기타,승용,남,21-30세,상해없음,보행자,여,21-30세,경상
2023091800100582,2023년 9월,월요일,서울특별시 광진구 자양동,경상사고,0,0,1,0,차대차 - 추돌,안전운전불이행,건조,맑음,교차로 - 교차로부근,이륜,남,31-40세,상해없음,이륜,여,21-30세,경상
2023091900100162,2023년 9월,화요일,서울특별시 광진구 군자동,경상사고,0,0,1,0,차대사람 - 기타,기타,건조,맑음,단일로 - 기타,개인형이동수단(PM),여,21-30세,상해없음,보행자,여,51-60세,경상
2023091900100482,2023년 9월,화요일,서울특별시 광진구 광장동,경상사고,0,0,1,0,차대차 - 기타,안전운전불이행,건조,맑음,교차로 - 교차로횡단보도내,승용,여,31-40세,상해없음,자전거,남,13-20세,경상
2023092000100001,2023년 9월,수요일,서울특별시 광진구 화양동,경상사고,0,0,1,0,차대사람 - 기타,안전운전불이행,기타,맑음,단일로 - 기타,승용,남,65세 이상,상해없음,보행자,남,31-40세,경상
2023092000100664,2023년 9월,수요일,서울특별시 광진구 화양동,중상사고,0,1,0,0,차대차 - 충돌,신호위반,건조,맑음,단일로 - 기타,승용,남,51-60세,상해없음,원동기,남,41-50세,중상
2.02309E+15,2023년 9월,목요일,서울특별시 광진구 구의동,중상사고,0,1,0,0,차대사람 - 횡단중,안전운전불이행,건조,맑음,교차로 - 교차로횡단보도내,승합,남,65세 이상,상해없음,보행자,남,61-64세,중상
2023092100100343,2023년 9월,목요일,서울특별시 광진구 자양동,경상사고,0,0,1,0,차대차 - 충돌,신호위반,건조,맑음,교차로 - 교차로안,승용,여,61-64세,상해없음,이륜,남,13-20세,경상
2023092100100447,2023년 9월,목요일,서울특별시 광진구 군자동,경상사고,0,0,1,0,차량단독 - 기타,안전운전불이행,건조,맑음,단일로 - 기타,승합,남,41-50세,기타불명,,,,
2023092200100065,2023년 9월,금요일,서울특별시 광진구 광장동,경상사고,0,0,1,0,차대차 - 기타,안전운전불이행,건조,맑음,단일로 - 기타,화물,남,51-60세,상해없음,승용,남,31-40세,경상
2023092200100681,2023년 9월,금요일,서울특별시 광진구 광장동,중상사고,0,1,0,0,차대사람 - 횡단중,안전운전불이행,건조,맑음,단일로 - 기타,승합,남,61-64세,기타불명,보행자,남,61-64세,중상
2023092400100388,2023년 9월,일요일,서울특별시 광진구 구의동,부상신고사고,0,0,0,1,차대사람 - 기타,기타,건조,맑음,단일로 - 기타,승용,남,51-60세,상해없음,보행자,여,31-40세,부상신고
2023092500100072,2023년 9월,월요일,서울특별시 광진구 중곡동,경상사고,0,0,2,0,차대차 - 충돌,교차로운행방법위반,건조,맑음,교차로 - 교차로안,승용,남,65세 이상,상해없음,승용,남,31-40세,경상
2023092500100205,2023년 9월,월요일,서울특별시 광진구 능동,경상사고,0,0,2,0,차대차 - 기타,안전운전불이행,건조,맑음,단일로 - 기타,이륜,남,65세 이상,경상,승용,여,31-40세,경상
2.02309E+15,2023년 9월,화요일,서울특별시 광진구 구의동,경상사고,0,0,1,0,차대차 - 기타,안전운전불이행,젖음/습기,비,단일로 - 기타,승용,남,31-40세,상해없음,이륜,남,51-60세,경상
2023092700100112,2023년 9월,수요일,서울특별시 광진구 구의동,경상사고,0,0,1,0,차대차 - 충돌,안전운전불이행,건조,맑음,교차로 - 교차로안,승용,여,41-50세,상해없음,승용,남,31-40세,경상
2023092700100113,2023년 9월,수요일,서울특별시 광진구 화양동,경상사고,0,0,1,0,차대사람 - 기타,안전운전불이행,건조,맑음,단일로 - 기타,개인형이동수단(PM),여,21-30세,상해없음,보행자,남,21-30세,경상
2023092700100736,2023년 9월,수요일,서울특별시 광진구 군자동,경상사고,0,0,1,0,차대사람 - 보도통행중,기타,건조,맑음,기타 - 기타,개인형이동수단(PM),남,21-30세,상해없음,보행자,남,31-40세,경상
2023092800100239,2023년 9월,목요일,서울특별시 광진구 구의동,경상사고,0,0,1,0,차대차 - 기타,안전운전불이행,건조,맑음,단일로 - 고가도로위,승용,남,51-60세,상해없음,승용,남,31-40세,경상
2023093000100103,2023년 9월,토요일,서울특별시 광진구 화양동,경상사고,0,0,1,0,차대사람 - 보도통행중,안전운전불이행,건조,맑음,교차로 - 교차로안,자전거,남,31-40세,상해없음,보행자,여,41-50세,경상
2023093000100334,2023년 9월,토요일,서울특별시 광진구 중곡동,중상사고,0,1,0,0,차대차 - 기타,신호위반,건조,맑음,교차로 - 교차로부근,승용,여,51-60세,상해없음,승용,남,41-50세,중상
2023100400100216,2023년 10월,수요일,서울특별시 광진구 자양동,경상사고,0,0,1,0,차대차 - 기타,안전운전불이행,기타,맑음,교차로 - 교차로부근,승용,여,65세 이상,상해없음,화물,남,41-50세,경상
2023100400100282,2023년 10월,수요일,서울특별시 광진구 자양동,경상사고,0,0,1,0,차대차 - 기타,안전운전불이행,건조,맑음,단일로 - 기타,승용,남,51-60세,상해없음,승용,여,41-50세,경상
2023100500100023,2023년 10월,목요일,서울특별시 광진구 화양동,경상사고,0,0,1,0,차대차 - 기타,신호위반,건조,맑음,단일로 - 기타,승용,남,65세 이상,상해없음,자전거,남,51-60세,경상
2023100500100345,2023년 10월,목요일,서울특별시 광진구 구의동,경상사고,0,0,1,0,차대차 - 기타,안전운전불이행,기타,맑음,단일로 - 기타,승용,남,65세 이상,상해없음,승용,여,41-50세,경상
2023100600100056,2023년 10월,금요일,서울특별시 광진구 자양동,경상사고,0,0,1,0,차대차 - 충돌,안전운전불이행,건조,맑음,단일로 - 기타,승용,여,41-50세,상해없음,승용,남,65세 이상,경상
2023100600100399,2023년 10월,금요일,서울특별시 광진구 자양동,경상사고,0,0,1,0,차대차 - 기타,신호위반,건조,맑음,단일로 - 기타,승용,남,21-30세,상해없음,승용,남,41-50세,경상
2023100700100072,2023년 10월,토요일,서울특별시 광진구 광장동,경상사고,0,0,1,0,차대차 - 기타,신호위반,기타,맑음,단일로 - 기타,승용,남,51-60세,상해없음,이륜,남,41-50세,경상
2023100700100517,2023년 10월,토요일,서울특별시 광진구 중곡동,중상사고,0,1,0,0,차대차 - 기타,안전운전불이행,건조,흐림,교차로 - 교차로안,이륜,남,31-40세,중상,승용,남,31-40세,상해없음
2023101000100078,2023년 10월,화요일,서울특별시 광진구 중곡동,경상사고,0,0,2,0,차대차 - 충돌,안전거리미확보,건조,맑음,단일로 - 기타,승용,여,61-64세,경상,승용,남,61-64세,경상
2023101000100604,2023년 10월,화요일,서울특별시 광진구 중곡동,경상사고,0,0,1,0,차대사람 - 기타,안전운전불이행,건조,맑음,기타 - 기타,승용,남,61-64세,상해없음,보행자,여,31-40세,경상
2023101100100068,2023년 10월,수요일,서울특별시 광진구 군자동,중상사고,0,1,1,0,차대차 - 기타,안전거리미확보,건조,맑음,교차로 - 교차로부근,승용,남,31-40세,상해없음,승용,남,31-40세,경상
2023101100100661,2023년 10월,수요일,서울특별시 광진구 구의동,사망사고,1,0,0,0,차대차 - 기타,안전운전불이행,건조,흐림,기타 - 기타,승용,남,41-50세,상해없음,승합,남,61-64세,상해없음
2.0231E+15,2023년 10월,목요일,서울특별시 광진구 중곡동,경상사고,0,0,1,0,차대차 - 기타,안전운전불이행,건조,맑음,단일로 - 기타,승용,남,21-30세,상해없음,승용,남,31-40세,경상
2023101200100086,2023년 10월,목요일,서울특별시 광진구 자양동,경상사고,0,0,1,0,차대차 - 추돌,안전거리미확보,기타,맑음,단일로 - 기타,승용,남,21-30세,상해없음,승용,남,21-30세,경상
2023101200100268,2023년 10월,목요일,서울특별시 광진구 자양동,경상사고,0,0,1,0,차대차 - 충돌,안전운전불이행,건조,맑음,단일로 - 기타,화물,남,61-64세,경상,승용,기타불명,기타불명,기타불명
2023101200100421,2023년 10월,목요일,서울특별시 광진구 자양동,경상사고,0,0,2,0,차대차 - 기타,신호위반,기타,맑음,단일로 - 기타,개인형이동수단(PM),남,21-30세,경상,자전거,남,65세 이상,경상
2.0231E+15,2023년 10월,금요일,서울특별시 광진구 자양동,중상사고,0,1,0,0,차대사람 - 차도통행중,안전운전불이행,건조,맑음,단일로 - 기타,원동기,남,21-30세,상해없음,보행자,남,65세 이상,중상
2023101300100645,2023년 10월,금요일,서울특별시 광진구 군자동,경상사고,0,0,1,0,차대사람 - 기타,안전운전불이행,건조,맑음,단일로 - 기타,승합,남,51-60세,상해없음,보행자,남,21-30세,경상
2023101300100692,2023년 10월,금요일,서울특별시 광진구 구의동,경상사고,0,0,1,0,차대차 - 충돌,안전운전불이행,건조,맑음,단일로 - 기타,승용,남,65세 이상,상해없음,승용,남,41-50세,경상
2023101400100125,2023년 10월,토요일,서울특별시 광진구 광장동,경상사고,0,0,1,0,차대차 - 충돌,안전운전불이행,건조,맑음,단일로 - 교량,승용,여,31-40세,상해없음,승용,남,65세 이상,상해없음
2023101400100308,2023년 10월,토요일,서울특별시 광진구 중곡동,중상사고,0,1,0,0,차대차 - 기타,안전운전불이행,건조,맑음,단일로 - 기타,원동기,남,65세 이상,중상,승합,남,65세 이상,상해없음
2023101500100002,2023년 10월,일요일,서울특별시 광진구 화양동,경상사고,0,0,1,0,차대사람 - 차도통행중,안전운전불이행,건조,맑음,단일로 - 기타,승용,남,21-30세,상해없음,보행자,여,21-30세,경상
2023101600100394,2023년 10월,월요일,서울특별시 광진구 중곡동,중상사고,0,1,1,0,차량단독 - 기타,안전운전불이행,건조,맑음,단일로 - 기타,승용,남,65세 이상,기타불명,,,,
2023101600100555,2023년 10월,월요일,서울특별시 광진구 능동,경상사고,0,0,2,0,차대차 - 기타,기타,건조,맑음,교차로 - 교차로부근,승용,남,41-50세,상해없음,이륜,남,51-60세,경상
2023101700100049,2023년 10월,화요일,서울특별시 광진구 광장동,경상사고,0,0,1,0,차대사람 - 기타,신호위반,건조,맑음,교차로 - 교차로부근,화물,남,51-60세,상해없음,보행자,여,31-40세,경상
2023101800100029,2023년 10월,수요일,서울특별시 광진구 중곡동,경상사고,0,0,1,0,차대사람 - 기타,신호위반,기타,맑음,교차로 - 교차로안,승용,남,61-64세,상해없음,보행자,여,65세 이상,경상
2023101900100083,2023년 10월,목요일,서울특별시 광진구 구의동,경상사고,0,0,1,0,차대차 - 기타,교차로운행방법위반,젖음/습기,비,교차로 - 교차로안,승합,남,65세 이상,상해없음,이륜,남,41-50세,경상
2023101900100166,2023년 10월,목요일,서울특별시 광진구 자양동,부상신고사고,0,0,0,1,차대차 - 추돌,안전운전불이행,건조,맑음,교차로 - 교차로안,화물,남,51-60세,상해없음,승용,남,31-40세,부상신고
2023101900100192,2023년 10월,목요일,서울특별시 광진구 자양동,경상사고,0,0,3,0,차대차 - 충돌,신호위반,건조,맑음,교차로 - 교차로안,승용,남,21-30세,상해없음,승용,남,31-40세,경상
2023101900100193,2023년 10월,목요일,서울특별시 광진구 능동,부상신고사고,0,0,0,1,차대차 - 기타,차로위반,젖음/습기,흐림,단일로 - 기타,승합,남,51-60세,상해없음,원동기,남,31-40세,부상신고
2023101900100279,2023년 10월,목요일,서울특별시 광진구 능동,중상사고,0,1,0,0,차대차 - 기타,신호위반,건조,맑음,기타 - 기타,승합,남,65세 이상,상해없음,이륜,남,31-40세,중상
2023101900100471,2023년 10월,목요일,서울특별시 광진구 화양동,경상사고,0,0,1,0,차대차 - 기타,안전운전불이행,건조,흐림,교차로 - 교차로부근,승용,남,31-40세,상해없음,원동기,남,31-40세,경상
2023102000100024,2023년 10월,금요일,서울특별시 광진구 구의동,경상사고,0,0,1,0,차대차 - 추돌,안전운전불이행,건조,맑음,교차로 - 교차로부근,승용,남,31-40세,상해없음,승용,남,21-30세,경상
2023102000100697,2023년 10월,금요일,서울특별시 광진구 구의동,경상사고,0,0,1,0,차대차 - 추돌,기타,건조,맑음,단일로 - 기타,자전거,남,21-30세,기타불명,이륜,남,41-50세,경상
2023102100100431,2023년 10월,토요일,서울특별시 광진구 자양동,경상사고,0,0,2,0,차대차 - 추돌,안전운전불이행,건조,맑음,교차로 - 교차로부근,승용,남,21-30세,상해없음,승용,남,31-40세,경상
2023102200100048,2023년 10월,일요일,서울특별시 광진구 중곡동,경상사고,0,0,1,0,차량단독 - 기타,안전운전불이행,건조,맑음,단일로 - 기타,자전거,남,31-40세,경상,,,,
2023102200100347,2023년 10월,일요일,서울특별시 광진구 중곡동,중상사고,0,1,0,0,차대사람 - 횡단중,안전운전불이행,건조,흐림,단일로 - 기타,이륜,남,51-60세,상해없음,보행자,여,41-50세,중상
2023102300100006,2023년 10월,월요일,서울특별시 광진구 화양동,경상사고,0,0,1,0,차대사람 - 기타,안전운전불이행,건조,맑음,단일로 - 기타,승용,남,65세 이상,상해없음,보행자,남,21-30세,경상
2023102300100075,2023년 10월,월요일,서울특별시 광진구 자양동,경상사고,0,0,1,0,차대차 - 추돌,안전운전불이행,건조,맑음,단일로 - 기타,승용,남,65세 이상,상해없음,화물,남,31-40세,경상
2023102300100367,2023년 10월,월요일,서울특별시 광진구 자양동,부상신고사고,0,0,0,1,차대차 - 추돌,안전거리미확보,건조,맑음,단일로 - 기타,승용,여,31-40세,상해없음,이륜,남,51-60세,부상신고
2023102400100031,2023년 10월,화요일,서울특별시 광진구 중곡동,경상사고,0,0,1,0,차대차 - 기타,안전운전불이행,건조,맑음,단일로 - 기타,승용,남,51-60세,상해없음,화물,남,51-60세,경상
2023102400100211,2023년 10월,화요일,서울특별시 광진구 구의동,경상사고,0,0,1,0,차대차 - 충돌,신호위반,건조,맑음,교차로 - 교차로안,이륜,남,65세 이상,경상,승용,남,41-50세,상해없음
2.0231E+15,2023년 10월,화요일,서울특별시 광진구 자양동,경상사고,0,0,1,0,차대차 - 추돌,안전운전불이행,건조,맑음,기타 - 기타,승용,남,41-50세,상해없음,승용,남,65세 이상,경상
2023102500100135,2023년 10월,수요일,서울특별시 광진구 능동,경상사고,0,0,1,0,차대사람 - 보도통행중,기타,건조,맑음,단일로 - 기타,원동기,여,41-50세,상해없음,보행자,여,31-40세,경상
2023102500100136,2023년 10월,수요일,서울특별시 광진구 군자동,중상사고,0,1,0,0,차대차 - 기타,안전거리미확보,건조,맑음,교차로 - 교차로부근,화물,남,51-60세,상해없음,승용,여,41-50세,중상
2023102500100292,2023년 10월,수요일,서울특별시 광진구 군자동,경상사고,0,0,1,0,차량단독 - 충돌,안전운전불이행,건조,맑음,교차로 - 교차로안,승용,남,65세 이상,상해없음,,,,
2023102600100436,2023년 10월,목요일,서울특별시 광진구 구의동,경상사고,0,0,1,0,차대차 - 기타,기타,건조,맑음,단일로 - 기타,승용,남,31-40세,상해없음,승용,여,21-30세,경상
2023102600100548,2023년 10월,목요일,서울특별시 광진구 중곡동,경상사고,0,0,1,0,차대차 - 기타,안전거리미확보,건조,맑음,교차로 - 교차로부근,이륜,남,31-40세,상해없음,이륜,남,31-40세,경상
2023102700100156,2023년 10월,금요일,서울특별시 광진구 군자동,경상사고,0,0,1,0,차대차 - 기타,교차로운행방법위반,건조,맑음,교차로 - 교차로안,건설기계,남,41-50세,상해없음,원동기,여,21-30세,경상
2023102800100444,2023년 10월,토요일,서울특별시 광진구 자양동,부상신고사고,0,0,0,2,차대차 - 충돌,안전운전불이행,건조,맑음,단일로 - 기타,승용,남,31-40세,상해없음,승용,남,21-30세,부상신고
2023102800100613,2023년 10월,토요일,서울특별시 광진구 능동,부상신고사고,0,0,0,1,차대차 - 기타,차로위반,건조,맑음,단일로 - 기타,승용,남,65세 이상,상해없음,원동기,남,31-40세,부상신고
2023102900100018,2023년 10월,일요일,서울특별시 광진구 화양동,부상신고사고,0,0,0,1,차대사람 - 기타,안전운전불이행,건조,맑음,단일로 - 기타,승용,남,21-30세,상해없음,보행자,여,21-30세,부상신고
2023102900100068,2023년 10월,일요일,서울특별시 광진구 자양동,경상사고,0,0,2,0,차대차 - 충돌,안전운전불이행,건조,맑음,기타 - 기타,승용,남,61-64세,상해없음,승용,남,31-40세,경상
2.0231E+15,2023년 10월,일요일,서울특별시 광진구 자양동,중상사고,0,1,8,0,차대차 - 기타,안전거리미확보,건조,맑음,단일로 - 기타,승용,여,61-64세,상해없음,승합,남,65세 이상,경상
2023102900100506,2023년 10월,일요일,서울특별시 광진구 자양동,경상사고,0,0,1,0,차대차 - 추돌,안전운전불이행,건조,맑음,단일로 - 기타,승용,남,31-40세,상해없음,승용,남,31-40세,경상
2023103000100173,2023년 10월,월요일,서울특별시 광진구 화양동,경상사고,0,0,1,0,차대차 - 충돌,신호위반,건조,맑음,교차로 - 교차로안,승용,여,51-60세,상해없음,원동기,남,21-30세,경상
2.0231E+15,2023년 10월,월요일,서울특별시 광진구 능동,부상신고사고,0,0,0,1,차대사람 - 기타,안전운전불이행,건조,맑음,단일로 - 기타,승용,남,31-40세,상해없음,보행자,여,31-40세,부상신고
2023103000100488,2023년 10월,월요일,서울특별시 광진구 중곡동,중상사고,0,1,0,0,차대차 - 충돌,기타,건조,맑음,교차로 - 교차로안,이륜,남,31-40세,상해없음,자전거,여,51-60세,중상
2023103000100524,2023년 10월,월요일,서울특별시 광진구 화양동,경상사고,0,0,1,0,차대차 - 기타,신호위반,건조,맑음,교차로 - 교차로횡단보도내,승용,여,21-30세,상해없음,개인형이동수단(PM),남,51-60세,경상
2023103100100346,2023년 10월,화요일,서울특별시 광진구 자양동,경상사고,0,0,2,0,차대차 - 충돌,교차로운행방법위반,건조,맑음,교차로 - 교차로안,화물,남,21-30세,상해없음,승용,여,61-64세,경상
2023103100100382,2023년 10월,화요일,서울특별시 광진구 중곡동,경상사고,0,0,1,0,차대차 - 충돌,안전운전불이행,건조,맑음,단일로 - 기타,승용,남,31-40세,상해없음,승용,남,51-60세,경상
2023110200100206,2023년 11월,목요일,서울특별시 광진구 자양동,경상사고,0,0,1,0,차대사람 - 기타,보행자보호의무위반,건조,맑음,교차로 - 교차로부근,이륜,남,20세 이하,상해없음,보행자,여,51-60세,경상
2023110200100494,2023년 11월,목요일,서울특별시 광진구 중곡동,경상사고,0,0,1,0,차대차 - 충돌,차로위반,건조,맑음,교차로 - 교차로부근,승용,남,65세 이상,상해없음,승용,여,21-30세,경상
2.02311E+15,2023년 11월,금요일,서울특별시 광진구 자양동,경상사고,0,0,1,0,차대차 - 기타,안전운전불이행,건조,맑음,주차장 - 주차장,승용,여,31-40세,상해없음,승용,여,31-40세,경상
2023110300100478,2023년 11월,금요일,서울특별시 광진구 화양동,경상사고,0,0,1,0,차대차 - 기타,안전운전불이행,기타,맑음,단일로 - 기타,이륜,남,51-60세,상해없음,승용,남,31-40세,경상
2.02311E+15,2023년 11월,금요일,서울특별시 광진구 중곡동,경상사고,0,0,1,0,차대사람 - 횡단중,보행자보호의무위반,젖음/습기,비,단일로 - 기타,승용,남,65세 이상,상해없음,보행자,남,21-30세,경상
2023110400100228,2023년 11월,토요일,서울특별시 광진구 중곡동,경상사고,0,0,2,0,차대차 - 추돌,안전운전불이행,건조,맑음,단일로 - 기타,승용,남,65세 이상,상해없음,승용,남,41-50세,경상
2023110500100018,2023년 11월,일요일,서울특별시 광진구 화양동,경상사고,0,0,1,0,차대사람 - 길가장자리구역통행중,안전운전불이행,젖음/습기,비,단일로 - 기타,승용,남,31-40세,상해없음,보행자,여,13-20세,경상
2.02311E+15,2023년 11월,일요일,서울특별시 광진구 중곡동,중상사고,0,1,0,0,차대차 - 추돌,신호위반,젖음/습기,비,기타 - 기타,승용,남,31-40세,상해없음,이륜,남,41-50세,중상
2023110600100104,2023년 11월,월요일,서울특별시 광진구 광장동,경상사고,0,0,1,0,차대차 - 충돌,안전거리미확보,적설,비,교차로 - 교차로부근,승용,남,51-60세,상해없음,승용,남,31-40세,경상
2.02311E+15,2023년 11월,화요일,서울특별시 광진구 중곡동,중상사고,0,1,0,0,차대사람 - 길가장자리구역통행중,안전운전불이행,건조,맑음,단일로 - 기타,승용,여,65세 이상,상해없음,보행자,여,41-50세,중상
2023110700100081,2023년 11월,화요일,서울특별시 광진구 중곡동,경상사고,0,0,1,0,차대사람 - 길가장자리구역통행중,안전운전불이행,건조,맑음,단일로 - 기타,승용,남,65세 이상,상해없음,보행자,남,51-60세,경상
2023110800100046,2023년 11월,수요일,서울특별시 광진구 군자동,경상사고,0,0,1,0,차대차 - 충돌,안전운전불이행,건조,맑음,단일로 - 기타,승용,남,61-64세,상해없음,승용,남,61-64세,경상
2023110900100125,2023년 11월,목요일,서울특별시 광진구 구의동,경상사고,0,0,1,0,차대사람 - 기타,안전운전불이행,기타,맑음,단일로 - 기타,승용,남,31-40세,상해없음,보행자,여,41-50세,경상
2023110900100312,2023년 11월,목요일,서울특별시 광진구 구의동,경상사고,0,0,1,0,차대차 - 충돌,안전운전불이행,건조,맑음,교차로 - 교차로부근,이륜,남,21-30세,상해없음,이륜,남,41-50세,경상
2023110900100541,2023년 11월,목요일,서울특별시 광진구 자양동,경상사고,0,0,1,0,차대차 - 충돌,안전운전불이행,건조,맑음,단일로 - 기타,승용,남,65세 이상,기타불명,승용,남,41-50세,경상